episode,reward,steps,success,collision,loss,epsilon
1,-109.6,36,0.0,1.0,0.0,0.9995
2,-119.39999999999998,94,0.0,1.0,0.0,0.9990002500000001
3,-19.999999999999993,200,0.0,0.0,0.0,0.9985007498750001
4,-20.00000000000002,200,0.0,0.0,0.0,0.9980014995000627
5,-103.5,25,0.0,1.0,0.0,0.9975024987503127
6,-108.19999999999999,62,0.0,1.0,0.0,0.9970037475009376
7,-104.89999999999999,19,0.0,1.0,0.0,0.9965052456271871
8,-11.999999999999977,200,0.0,0.0,0.0,0.9960069930043736
9,-6.000000000000002,200,0.0,0.0,28.192009695075654,0.9955089895078715
10,-110.5,35,0.0,1.0,51.54643978817122,0.9950112350131176
11,-111.39999999999998,134,0.0,1.0,58.842102853080895,0.9945137293956111
12,-109.89999999999999,49,0.0,1.0,65.58264305016824,0.9940164725309134
13,-32.00000000000009,200,0.0,0.0,71.48510039841756,0.993519464294648
14,-100.7,57,0.0,1.0,52.948943893245435,0.9930227045625007
15,-116.09999999999998,51,0.0,1.0,49.49222277930262,0.9925261932102195
16,-13.999999999999995,200,0.0,0.0,69.33685699494555,0.9920299301136144
17,-116.49999999999997,135,0.0,1.0,66.71353678637081,0.9915339151485576
18,-3.999999999999998,200,0.0,0.0,53.266965925097466,0.9910381481909833
19,-111.79999999999998,58,0.0,1.0,63.40936955796747,0.990542629116888
20,-20.000000000000014,200,0.0,0.0,52.263084723101926,0.9900473578023296
21,-105.10000000000002,181,0.0,1.0,46.928748763984494,0.9895523341234285
22,-9.999999999999993,200,0.0,0.0,68.68616104025394,0.9890575579563669
23,-103.1,21,0.0,1.0,53.72859889996194,0.9885630291773887
24,-109.1,81,0.0,1.0,64.28557823533997,0.9880687476628001
25,-118.29999999999998,73,0.0,1.0,63.40044297538187,0.9875747132889687
26,-7.99999999999995,200,0.0,0.0,72.16330615144223,0.9870809259323243
27,-110.0,20,0.0,1.0,47.658453735895456,0.9865873854693582
28,-109.3,83,0.0,1.0,78.60770044359099,0.9860940917766235
29,-123.19999999999999,92,0.0,1.0,63.67109217830812,0.9856010447307353
30,-111.29999999999997,183,0.0,1.0,66.78639807789256,0.98510824420837
31,-107.6,96,0.0,1.0,63.08802882931195,0.9846156900862658
32,-15.99999999999997,200,0.0,0.0,68.71745374558493,0.9841233822412228
33,6.000000000000012,200,0.0,0.0,78.3380983189959,0.9836313205501022
34,4.000000000000056,200,0.0,0.0,58.70120171091519,0.9831395048898272
35,-5.999999999999977,200,0.0,0.0,54.094211588162,0.9826479351373822
36,-102.6,26,0.0,1.0,95.83759327863271,0.9821566111698136
37,-113.79999999999998,38,0.0,1.0,50.068541462582196,0.9816655328642288
38,-114.99999999999997,90,0.0,1.0,72.07880207192567,0.9811747000977967
39,-107.79999999999995,158,0.0,1.0,66.64792110292312,0.9806841127477479
40,2.000000000000047,200,0.0,0.0,69.15874925994314,0.9801937706913741
41,-111.29999999999998,83,0.0,1.0,73.09459763020277,0.9797036738060285
42,-115.39999999999999,74,0.0,1.0,75.79585189946197,0.9792138219691255
43,8.000000000000028,200,0.0,0.0,73.75165462549776,0.978724215058141
44,-111.39999999999999,34,0.0,1.0,73.40446305022958,0.978234852950612
45,-120.50000000000006,195,0.0,1.0,55.08975069965116,0.9777457355241367
46,-100.6,46,0.0,1.0,100.31163657440439,0.9772568626563747
47,-7.9999999999999805,200,0.0,0.0,67.49000817884226,0.9767682342250465
48,-114.99999999999997,50,0.0,1.0,85.4512624938786,0.976279850107934
49,-102.6,26,0.0,1.0,65.82343314401805,0.9757917101828801
50,-112.89999999999993,199,0.0,1.0,64.44290329152766,0.9753038143277888
51,-13.999999999999957,200,0.0,0.0,72.74698671562132,0.974816162420625
52,-115.79999999999998,38,0.0,1.0,47.23511966033593,0.9743287543394147
53,-3.999999999999965,200,0.0,0.0,69.52348371194675,0.973841589962245
54,-117.89999999999996,149,0.0,1.0,54.12496697236377,0.973354669167264
55,-111.29999999999998,63,0.0,1.0,89.78201489115045,0.9728679918326804
56,-115.69999999999996,107,0.0,1.0,77.21139714261082,0.972381557836764
57,2.1316282072803006e-14,200,0.0,0.0,63.31336188388988,0.9718953670578457
58,-106.6,46,0.0,1.0,77.46144699301247,0.9714094193743169
59,4.00000000000003,200,0.0,0.0,68.34236619661561,0.9709237146646298
60,-109.6,36,0.0,1.0,36.008112393681785,0.9704382528072976
61,-119.1,121,0.0,1.0,65.93365417276162,0.9699530336808939
62,-126.1,171,0.0,1.0,68.39409354110167,0.9694680571640535
63,-18.00000000000003,200,0.0,0.0,83.59083796337246,0.9689833231354715
64,-9.999999999999995,200,0.0,0.0,63.7875405005645,0.9684988314739038
65,-121.2,92,0.0,1.0,60.85503528210456,0.9680145820581669
66,-1.9999999999999938,200,0.0,0.0,79.7897920465935,0.9675305747671379
67,-8.000000000000002,200,0.0,0.0,59.7967003702186,0.9670468094797544
68,-15.999999999999966,200,0.0,0.0,67.69004983574152,0.9665632860750146
69,-103.89999999999999,49,0.0,1.0,58.267900284151644,0.9660800044319772
70,2.3203661214665772e-14,200,0.0,0.0,63.156408035168425,0.9655969644297613
71,-104.19999999999997,122,0.0,1.0,75.52521017595332,0.9651141659475465
72,-103.89999999999998,89,0.0,1.0,61.88782971059339,0.9646316088645728
73,-7.9999999999999805,200,0.0,0.0,57.55101789013483,0.9641492930601405
74,-109.69999999999997,107,0.0,1.0,57.85541389281992,0.9636672184136105
75,6.000000000000014,200,0.0,0.0,74.12556364389137,0.9631853848044037
76,-113.19999999999997,112,0.0,1.0,56.50542935614275,0.9627037921120016
77,-113.39999999999998,54,0.0,1.0,47.44439035474702,0.9622224402159457
78,-118.39999999999998,64,0.0,1.0,38.511893481365405,0.9617413289958378
79,-106.6,26,0.0,1.0,88.07305294389909,0.9612604583313399
80,-7.999999999999989,200,0.0,0.0,63.24516087552533,0.9607798281021742
81,-30.00000000000005,200,0.0,0.0,70.08800283407793,0.9602994381881231
82,-3.999999999999995,200,0.0,0.0,50.12413658739067,0.9598192884690291
83,-114.29999999999998,73,0.0,1.0,69.83460163294453,0.9593393788247946
84,-3.999999999999979,200,0.0,0.0,75.85506265819073,0.9588597091353822
85,-108.89999999999999,19,0.0,1.0,55.38468337137448,0.9583802792808146
86,4.000000000000028,200,0.0,0.0,61.97176349192858,0.9579010891411742
87,-95.59999999999998,196,0.0,1.0,54.065672580798974,0.9574221385966036
88,6.000000000000032,200,0.0,0.0,66.24973998231813,0.9569434275273054
89,-113.69999999999999,67,0.0,1.0,51.734368788467634,0.9564649558135419
90,-4.440892098500626e-16,200,0.0,0.0,66.16622177208774,0.9559867233356352
91,1.4432899320127035e-15,200,0.0,0.0,67.35345564633607,0.9555087299739674
92,-108.99999999999999,70,0.0,1.0,68.73359014838934,0.9550309756089804
93,-5.999999999999979,200,0.0,0.0,67.8978978797514,0.954553460121176
94,-98.39999999999999,64,0.0,1.0,65.73754451423883,0.9540761833911156
95,-10.000000000000032,200,0.0,0.0,61.35867710235529,0.95359914529942
96,-5.999999999999989,200,0.0,0.0,45.929305098550394,0.9531223457267703
97,13.999999999999961,200,0.0,0.0,56.031347793862224,0.952645784553907
98,-1.999999999999985,200,0.0,0.0,57.45857481286861,0.9521694616616301
99,-112.99999999999996,150,0.0,1.0,62.11861452514927,0.9516933769307994
100,4.0000000000000036,200,0.0,0.0,66.53249425720423,0.951217530242334
101,-21.99999999999998,200,0.0,0.0,57.15463889812119,0.9507419214772129
102,-98.89999999999999,159,0.0,1.0,65.21368288916518,0.9502665505164744
103,2.00000000000003,200,0.0,0.0,51.33372546564787,0.9497914172412162
104,-20.000000000000114,200,0.0,0.0,42.552515864232554,0.9493165215325956
105,14.000000000000009,200,0.0,0.0,54.88779353837483,0.9488418632718294
106,-90.69999999999995,177,0.0,1.0,47.305580114893154,0.9483674423401935
107,-110.8,28,0.0,1.0,56.71446766631146,0.9478932586190235
108,-5.999999999999938,200,0.0,0.0,62.457791767157616,0.9474193119897141
109,-109.59999999999998,36,0.0,1.0,44.379609085309006,0.9469456023337193
110,-95.39999999999999,94,0.0,1.0,46.68264510530106,0.9464721295325524
111,-5.99999999999997,200,0.0,0.0,57.44091855498031,0.9459988934677862
112,-101.5,105,0.0,1.0,47.58119368013882,0.9455258940210524
113,2.000000000000038,200,0.0,0.0,53.62375391669571,0.9450531310740419
114,-95.19999999999999,132,0.0,1.0,70.56907610389206,0.9445806045085049
115,6.000000000000038,200,0.0,0.0,69.05931590856054,0.9441083142062507
116,-115.3,103,0.0,1.0,49.18333112188045,0.9436362600491477
117,-116.69999999999999,57,0.0,1.0,56.02297763657152,0.9431644419191232
118,-90.49999999999997,95,0.0,1.0,60.98793557050981,0.9426928596981636
119,-30.0000000000001,200,0.0,0.0,61.68753033321351,0.9422215132683146
120,-116.29999999999998,53,0.0,1.0,55.76595516966761,0.9417504025116805
121,-128.20000000000002,102,0.0,1.0,48.33161664027355,0.9412795273104247
122,3.9999999999999356,200,0.0,0.0,57.08356289507821,0.9408088875467696
123,-115.99999999999999,60,0.0,1.0,72.61963682050506,0.9403384831029963
124,1.1435297153639112e-14,200,0.0,0.0,54.350605535749345,0.9398683138614449
125,16.000000000000025,200,0.0,0.0,53.426353661343455,0.9393983797045142
126,-14.000000000000032,200,0.0,0.0,66.35375523923896,0.938928680514662
127,6.000000000000027,200,0.0,0.0,57.83523790892214,0.9384592161744048
128,-114.89999999999998,79,0.0,1.0,60.92889686008986,0.9379899865663176
129,-109.49999999999999,25,0.0,1.0,39.38932278484106,0.9375209915730345
130,-97.5,105,0.0,1.0,53.23614327918206,0.937052231077248
131,-92.19999999999997,122,0.0,1.0,37.77315766947558,0.9365837049617094
132,-118.19999999999999,122,0.0,1.0,54.809203300136524,0.9361154131092286
133,-3.9999999999999933,200,0.0,0.0,52.09933249926195,0.9356473554026741
134,-20.000000000000085,200,0.0,0.0,53.391166410595176,0.9351795317249728
135,-122.2,182,0.0,1.0,54.89428375516046,0.9347119419591103
136,-117.19999999999999,52,0.0,1.0,41.96415861853613,0.9342445859881309
137,-94.5,195,0.0,1.0,63.398738021690114,0.9337774636951368
138,2.6645352591003757e-15,200,0.0,0.0,64.97511961849406,0.9333105749632893
139,-92.59999999999998,106,0.0,1.0,52.48991833064916,0.9328439196758077
140,-114.09999999999998,91,0.0,1.0,80.89868050248741,0.9323774977159699
141,-95.89999999999998,169,0.0,1.0,64.93290112233726,0.9319113089671119
142,-105.89999999999999,69,0.0,1.0,70.37174868756446,0.9314453533126285
143,-114.3,53,0.0,1.0,72.86769863850665,0.9309796306359722
144,-109.6,36,0.0,1.0,65.55597196271022,0.9305141408206543
145,-107.39999999999999,74,0.0,1.0,63.63307785313275,0.9300488837502441
146,3.552713678800501e-14,200,0.0,0.0,77.75154362283646,0.9295838593083691
147,19.999999999999993,200,0.0,0.0,78.27342924065888,0.929119067378715
148,-116.49999999999999,55,0.0,1.0,79.41718618056991,0.9286545078450257
149,-1.9999999999999623,200,0.0,0.0,65.59708862576633,0.9281901805911033
150,-89.49999999999997,145,0.0,1.0,92.45976465380397,0.9277260855008077
151,-101.1,121,0.0,1.0,52.01571793740323,0.9272622224580573
152,-92.89999999999998,179,0.0,1.0,64.38104968497207,0.9267985913468284
153,5.999999999999982,200,0.0,0.0,74.25451585251838,0.926335192051155
154,19.999999999999975,200,0.0,0.0,56.705842368155714,0.9258720244551295
155,10.000000000000032,200,0.0,0.0,74.97770718315616,0.925409088442902
156,4.000000000000017,200,0.0,0.0,59.808821669742464,0.9249463838986807
157,10.000000000000062,200,0.0,0.0,51.62196014918387,0.9244839107067314
158,-82.19999999999999,182,0.0,1.0,67.74257019072117,0.9240216687513781
159,-94.8,148,0.0,1.0,66.0373231497266,0.9235596579170025
160,2.000000000000049,200,0.0,0.0,59.583068703711035,0.923097878088044
161,-95.39999999999999,94,0.0,1.0,37.258390461827844,0.9226363291490001
162,-112.1,51,0.0,1.0,71.0545804162382,0.9221750109844257
163,-114.69999999999999,77,0.0,1.0,106.85980607162823,0.9217139234789336
164,-13.999999999999954,200,0.0,0.0,75.76683860089629,0.9212530665171942
165,-111.89999999999999,149,0.0,1.0,53.459871003616776,0.9207924399839357
166,-105.99999999999999,180,0.0,1.0,68.3354373851998,0.9203320437639437
167,-107.6,96,0.0,1.0,53.574625267414376,0.9198718777420618
168,-92.99999999999999,90,0.0,1.0,75.81565497260955,0.9194119418031909
169,-130.9,199,0.0,1.0,55.45147375234557,0.9189522358322894
170,-97.19999999999999,132,0.0,1.0,77.1825204433196,0.9184927597143733
171,13.99999999999997,200,0.0,0.0,62.538807192053646,0.9180335133345161
172,-119.5,45,0.0,1.0,121.26481299681797,0.917574496577849
173,14.000000000000021,200,0.0,0.0,70.7366263904795,0.9171157093295601
174,-85.59999999999998,56,0.0,1.0,83.3398010215855,0.9166571514748953
175,-18.0,200,0.0,0.0,78.64203691758216,0.916198822899158
176,-110.19999999999999,62,0.0,1.0,43.44850834435032,0.9157407234877085
177,-106.79999999999998,148,0.0,1.0,68.43223258777446,0.9152828531259647
178,-105.5,45,0.0,1.0,38.44910838786099,0.9148252116994018
179,-103.3,63,0.0,1.0,77.11401602696805,0.9143677990935521
180,-98.6,146,0.0,1.0,58.00275806904043,0.9139106151940054
181,-105.5,25,0.0,1.0,123.5904497718811,0.9134536598864085
182,-116.49999999999999,95,0.0,1.0,73.04845995471666,0.9129969330564653
183,-109.6,76,0.0,1.0,86.90789885171934,0.9125404345899372
184,31.999999999999922,200,0.0,0.0,63.25364116292447,0.9120841643726423
185,-74.10000000000005,131,0.0,1.0,72.76147487645841,0.911628122290456
186,-104.1,91,0.0,1.0,82.78903708877144,0.9111723082293108
187,-120.1,171,0.0,1.0,67.52242460363267,0.9107167220751963
188,-126.0,80,0.0,1.0,80.39229189297184,0.9102613637141588
189,-108.89999999999999,39,0.0,1.0,122.09533275702061,0.9098062330323018
190,-123.19999999999997,152,0.0,1.0,67.41569005541112,0.9093513299157857
191,10.000000000000005,200,0.0,0.0,61.688818606957796,0.9088966542508279
192,-121.39999999999998,154,0.0,1.0,84.47501055214119,0.9084422059237025
193,6.0000000000000036,200,0.0,0.0,62.49129332635552,0.9079879848207407
194,6.000000000000014,200,0.0,0.0,89.04654314763845,0.9075339908283304
195,5.999999999999961,200,0.0,0.0,71.21372108165174,0.9070802238329163
196,-100.49999999999997,115,0.0,1.0,83.48549930375555,0.9066266837209999
197,8.000000000000028,200,0.0,0.0,65.60780974626542,0.9061733703791394
198,-105.6,76,0.0,1.0,84.67887242403077,0.9057202836939499
199,-101.19999999999999,52,0.0,1.0,78.23892249725759,0.9052674235521029
200,13.999999999999895,200,0.0,0.0,78.24627304513007,0.9048147898403269
201,-111.59999999999997,156,0.0,1.0,70.46855849347627,0.9043623824454068
202,12.000000000000043,200,0.0,0.0,90.55000268004835,0.9039102012541841
203,6.000000000000027,200,0.0,0.0,79.1601793179661,0.9034582461535571
204,-110.99999999999999,50,0.0,1.0,133.67462393283844,0.9030065170304803
205,-80.20000000000002,142,0.0,1.0,73.46262216798856,0.9025550137719651
206,12.000000000000044,200,0.0,0.0,84.97843564197422,0.9021037362650792
207,9.999999999999991,200,0.0,0.0,85.83325336288661,0.9016526843969468
208,-113.6,56,0.0,1.0,97.18631294768836,0.9012018580547484
209,-93.79999999999998,118,0.0,1.0,71.4476844530742,0.900751257125721
210,-90.80000000000004,188,0.0,1.0,81.63962898427185,0.9003008814971583
211,4.000000000000005,200,0.0,0.0,74.12016568316147,0.8998507310564098
212,-112.29999999999998,93,0.0,1.0,78.21541148472217,0.8994008056908817
213,-93.49999999999994,165,0.0,1.0,92.37170496704904,0.8989511052880362
214,8.000000000000018,200,0.0,0.0,81.15875594485551,0.8985016297353923
215,-9.999999999999986,200,0.0,0.0,97.12870706591755,0.8980523789205246
216,-11.999999999999972,200,0.0,0.0,110.72835349563509,0.8976033527310644
217,-112.1,31,0.0,1.0,72.35632597534887,0.8971545510546989
218,19.99999999999997,200,0.0,0.0,78.02655834730714,0.8967059737791716
219,-5.999999999999982,200,0.0,0.0,74.64873507730663,0.8962576207922821
220,-105.09999999999998,61,0.0,1.0,88.85028457495032,0.895809491981886
221,6.000000000000014,200,0.0,0.0,95.68228532500565,0.8953615872358951
222,-1.9999999999999765,200,0.0,0.0,81.9117151596211,0.8949139064422772
223,-116.59999999999997,86,0.0,1.0,66.92342722866424,0.8944664494890561
224,-92.19999999999995,182,0.0,1.0,79.3639939717621,0.8940192162643116
225,-88.9,199,0.0,1.0,70.04423650679875,0.8935722066561794
226,4.000000000000018,200,0.0,0.0,74.85001960918308,0.8931254205528514
227,-2.0,200,0.0,0.0,85.10013655070216,0.8926788578425751
228,-107.29999999999998,163,0.0,1.0,75.76260610921251,0.8922325184136538
229,1.1546319456101628e-14,200,0.0,0.0,110.5656972604245,0.891786402154447
230,6.000000000000035,200,0.0,0.0,120.32376833800227,0.8913405089533699
231,12.00000000000001,200,0.0,0.0,89.5709290939942,0.8908948386988933
232,-107.3,63,0.0,1.0,119.28104548440093,0.8904493912795439
233,11.999999999999975,200,0.0,0.0,75.94954158596694,0.8900041665839042
234,6.000000000000024,200,0.0,0.0,85.22177648004144,0.8895591645006123
235,-103.0,150,0.0,1.0,86.1344892218709,0.889114384918362
236,10.000000000000055,200,0.0,0.0,78.2248440694809,0.8886698277259029
237,8.000000000000016,200,0.0,0.0,90.92868082642555,0.88822549281204
238,31.99999999999994,200,0.0,0.0,86.13239486400037,0.887781380065634
239,-7.999999999999938,200,0.0,0.0,108.89423039525747,0.8873374893756012
240,-102.8,28,0.0,1.0,106.32914544748408,0.8868938206309135
241,-13.999999999999991,200,0.0,0.0,81.76252751674502,0.8864503737205981
242,-78.90000000000002,159,0.0,1.0,104.4587091123158,0.8860071485337379
243,-88.79999999999998,68,0.0,1.0,79.71431098549681,0.885564144959471
244,-113.59999999999995,136,0.0,1.0,86.88815250488766,0.8851213628869913
245,17.999999999999996,200,0.0,0.0,76.11922463946044,0.8846788022055478
246,14.000000000000018,200,0.0,0.0,67.06461019821465,0.8842364628044451
247,27.999999999999844,200,0.0,0.0,70.3620802550763,0.883794344573043
248,3.4638958368304884e-14,200,0.0,0.0,95.1276994010061,0.8833524474007565
249,-87.09999999999998,61,0.0,1.0,87.88117022543658,0.8829107711770562
250,-80.39999999999998,144,0.0,1.0,76.26703226224829,0.8824693157914677
251,-97.0,170,0.0,1.0,72.08162806538098,0.882028081133572
252,-96.59999999999997,146,0.0,1.0,107.02762067251622,0.8815870670930053
253,-91.29999999999998,123,0.0,1.0,83.6503461029956,0.8811462735594588
254,-73.20000000000005,112,0.0,1.0,114.67172200964498,0.8807057004226791
255,-116.89999999999998,79,0.0,1.0,87.46335584528839,0.8802653475724679
256,12.00000000000001,200,0.0,0.0,70.03074516590685,0.8798252148986817
257,-117.39999999999999,74,0.0,1.0,115.0408995553247,0.8793853022912325
258,-82.29999999999997,153,0.0,1.0,65.20705476671068,0.8789456096400869
259,3.197442310920451e-14,200,0.0,0.0,94.95813485857099,0.8785061368352669
260,-78.2,182,0.0,1.0,95.92243995194087,0.8780668837668493
261,-100.89999999999999,59,0.0,1.0,115.21273335309353,0.8776278503249659
262,-67.20000000000005,132,0.0,1.0,100.08925933390856,0.8771890363998035
263,-7.999999999999979,200,0.0,0.0,84.19123925959691,0.8767504418816037
264,-96.49999999999997,135,0.0,1.0,91.61964107484177,0.876312066660663
265,12.000000000000025,200,0.0,0.0,77.03597734637559,0.8758739106273327
266,8.000000000000016,200,0.0,0.0,81.97320253813639,0.8754359736720191
267,-112.69999999999999,177,0.0,1.0,61.46203569916345,0.8749982556851831
268,-101.8,58,0.0,1.0,83.79486365654859,0.8745607565573406
269,-116.19999999999999,82,0.0,1.0,71.69902580731163,0.8741234761790619
270,-108.5,55,0.0,1.0,143.16425946991552,0.8736864144409725
271,-9.99999999999995,200,0.0,0.0,100.60639024756848,0.873249571233752
272,-111.69999999999999,127,0.0,1.0,102.94098011093347,0.8728129464481352
273,8.00000000000003,200,0.0,0.0,96.92626819759607,0.8723765399749112
274,-115.29999999999998,83,0.0,1.0,94.6696465220078,0.8719403517049238
275,17.99999999999989,200,0.0,0.0,110.71233049213886,0.8715043815290714
276,4.00000000000002,200,0.0,0.0,82.15600956540555,0.8710686293383069
277,-113.09999999999998,41,0.0,1.0,60.58645274471946,0.8706330950236377
278,14.000000000000055,200,0.0,0.0,94.01982718428597,0.870197778476126
279,-95.89999999999998,89,0.0,1.0,98.00529851337497,0.869762679586888
280,-1.9999999999999956,200,0.0,0.0,76.7801443253085,0.8693277982470946
281,4.0000000000000036,200,0.0,0.0,79.59183899633587,0.8688931343479711
282,-114.29999999999998,93,0.0,1.0,78.18262574357051,0.8684586877807972
283,-85.69999999999997,187,0.0,1.0,94.52744328095154,0.8680244584369068
284,10.000000000000012,200,0.0,0.0,84.08778754938393,0.8675904462076884
285,-97.2,112,0.0,1.0,80.11610645122293,0.8671566509845846
286,16.000000000000036,200,0.0,0.0,96.24435518234968,0.8667230726590923
287,23.999999999999893,200,0.0,0.0,100.6120646743849,0.8662897111227629
288,12.00000000000001,200,0.0,0.0,83.66805322758853,0.8658565662672015
289,29.999999999999936,200,0.0,0.0,86.21564831297844,0.865423637984068
290,-110.69999999999999,37,0.0,1.0,46.501646900901925,0.864990926165076
291,6.0000000000000195,200,0.0,0.0,87.3673121230118,0.8645584307019936
292,21.999999999999975,200,0.0,0.0,91.88086455944925,0.8641261514866426
293,19.999999999999964,200,0.0,0.0,105.85200262624771,0.8636940884108993
294,-95.29999999999997,143,0.0,1.0,100.65150355214215,0.8632622413666939
295,10.000000000000037,200,0.0,0.0,80.65226685255766,0.8628306102460106
296,-102.5,55,0.0,1.0,78.50049977410923,0.8623991949408877
297,1.865174681370263e-14,200,0.0,0.0,81.74547090478241,0.8619679953434173
298,13.999999999999922,200,0.0,0.0,93.03657152215018,0.8615370113457457
299,20.000000000000018,200,0.0,0.0,99.4374899270758,0.8611062428400729
300,-107.99999999999999,100,0.0,1.0,96.58444002717734,0.8606756897186528
301,10.000000000000021,200,0.0,0.0,79.728992146831,0.8602453518737936
302,17.999999999999904,200,0.0,0.0,96.60207283563912,0.8598152291978567
303,23.99999999999986,200,0.0,0.0,89.98448244296014,0.8593853215832578
304,41.99999999999983,200,0.0,0.0,112.07390498105437,0.8589556289224661
305,-111.29999999999998,63,0.0,1.0,61.048397414977586,0.8585261511080049
306,-97.5,65,0.0,1.0,84.7884988436332,0.858096888032451
307,-89.69999999999997,87,0.0,1.0,98.87887749889458,0.8576678395884348
308,-103.5,105,0.0,1.0,73.99688540363596,0.8572390056686406
309,-92.69999999999997,117,0.0,1.0,80.51553312784586,0.8568103861658064
310,16.000000000000036,200,0.0,0.0,100.02823936544358,0.8563819809727236
311,25.999999999999932,200,0.0,0.0,108.3790187527053,0.8559537899822373
312,-100.0,120,0.0,1.0,86.81032242514193,0.8555258130872462
313,6.000000000000034,200,0.0,0.0,73.7026809353754,0.8550980501807026
314,19.99999999999993,200,0.0,0.0,89.61235099611804,0.8546705011556123
315,2.653433028854124e-14,200,0.0,0.0,83.73783175718039,0.8542431659050345
316,-81.80000000000004,138,0.0,1.0,75.42371352335465,0.853816044322082
317,10.000000000000052,200,0.0,0.0,82.54132852967828,0.8533891362999211
318,-108.59999999999997,146,0.0,1.0,98.55040374860066,0.8529624417317712
319,-86.39999999999998,64,0.0,1.0,66.55051439377712,0.8525359605109053
320,6.000000000000007,200,0.0,0.0,78.95591781817376,0.8521096925306499
321,-4.884981308350689e-15,200,0.0,0.0,72.1637591056712,0.8516836376843847
322,-101.49999999999999,145,0.0,1.0,105.93775560681162,0.8512577958655425
323,-99.69999999999999,47,0.0,1.0,124.38339134163044,0.8508321669676098
324,-97.99999999999997,180,0.0,1.0,97.94655458175887,0.850406750884126
325,37.99999999999988,200,0.0,0.0,77.78023828305304,0.8499815475086839
326,-89.30000000000004,103,0.0,1.0,76.7137444032519,0.8495565567349297
327,-107.69999999999999,67,0.0,1.0,100.26278713809799,0.8491317784565623
328,19.999999999999844,200,0.0,0.0,79.08608236290515,0.8487072125673341
329,-105.9,109,0.0,1.0,66.64664642998112,0.8482828589610505
330,-91.8,118,0.0,1.0,89.47717035984842,0.84785871753157
331,15.99999999999997,200,0.0,0.0,99.99377431545406,0.8474347881728043
332,4.241051954068098e-14,200,0.0,0.0,130.3229554438591,0.847011070778718
333,16.000000000000025,200,0.0,0.0,89.10775369377806,0.8465875652433287
334,-67.70000000000002,127,0.0,1.0,89.05901155092819,0.846164271460707
335,-9.99999999999999,200,0.0,0.0,82.30311345346271,0.8457411893249768
336,25.999999999999858,200,0.0,0.0,117.91487222930417,0.8453183187303144
337,-105.1,101,0.0,1.0,96.20123409096263,0.8448956595709493
338,6.0000000000000435,200,0.0,0.0,125.15316396817565,0.8444732117411639
339,-101.69999999999999,67,0.0,1.0,56.89675147748038,0.8440509751352934
340,-100.49999999999997,135,0.0,1.0,107.9642416347784,0.8436289496477257
341,-88.99999999999999,70,0.0,1.0,63.50650615766644,0.8432071351729019
342,-95.89999999999999,69,0.0,1.0,112.89672636251518,0.8427855316053156
343,-92.79999999999998,108,0.0,1.0,107.86284198611975,0.8423641388395129
344,8.000000000000052,200,0.0,0.0,89.43950189810246,0.8419429567700932
345,19.999999999999996,200,0.0,0.0,65.65612854987383,0.8415219852917082
346,-98.8,28,0.0,1.0,94.34902321281177,0.8411012242990624
347,8.000000000000059,200,0.0,0.0,93.90143984152004,0.8406806736869129
348,19.999999999999957,200,0.0,0.0,77.99505884131416,0.8402603333500694
349,-89.6,36,0.0,1.0,107.68994974179401,0.8398402031833945
350,5.999999999999991,200,0.0,0.0,87.35618768949061,0.8394202830818028
351,-53.800000000000075,118,0.0,1.0,109.27489532107266,0.839000572940262
352,17.999999999999957,200,0.0,0.0,99.83690611151978,0.8385810726537919
353,-79.20000000000002,132,0.0,1.0,83.48602082981078,0.8381617821174651
354,33.999999999999865,200,0.0,0.0,85.79072805995122,0.8377427012264064
355,-92.39999999999998,104,0.0,1.0,86.60704891415887,0.8373238298757932
356,25.999999999999982,200,0.0,0.0,92.03307484541088,0.8369051679608553
357,23.99999999999982,200,0.0,0.0,114.33466259039939,0.8364867153768749
358,-87.39999999999999,34,0.0,1.0,83.40488363407991,0.8360684720191865
359,2.0000000000000164,200,0.0,0.0,102.56666315456852,0.835650437783177
360,-109.1,21,0.0,1.0,48.042069928986685,0.8352326125642855
361,13.999999999999982,200,0.0,0.0,88.5623065264523,0.8348149962580034
362,-3.999999999999987,200,0.0,0.0,71.05872006997465,0.8343975887598745
363,-90.6,146,0.0,1.0,84.88773275779127,0.8339803899654946
364,-91.69999999999999,67,0.0,1.0,83.48390085116696,0.833563399770512
365,31.999999999999858,200,0.0,0.0,95.7850808638148,0.8331466180706267
366,-5.551115123125783e-15,200,0.0,0.0,59.356820104829964,0.8327300447615915
367,-95.39999999999998,94,0.0,1.0,103.12528915941081,0.8323136797392108
368,-79.9,149,0.0,1.0,102.34573046910583,0.8318975228993413
369,-7.999999999999989,200,0.0,0.0,109.04555517317728,0.8314815741378917
370,-108.89999999999999,139,0.0,1.0,129.09915725350808,0.8310658333508228
371,-5.995204332975845e-15,200,0.0,0.0,92.06382355440408,0.8306503004341474
372,-71.70000000000007,87,0.0,1.0,97.59618693048499,0.8302349752839304
373,21.99999999999986,200,0.0,0.0,105.34028857452795,0.8298198577962885
374,-91.3,83,0.0,1.0,109.86081231933042,0.8294049478673904
375,17.999999999999858,200,0.0,0.0,87.62655608184636,0.8289902453934568
376,-71.90000000000002,169,0.0,1.0,94.9727828846087,0.8285757502707601
377,-106.99999999999997,170,0.0,1.0,72.50033049962538,0.8281614623956248
378,15.999999999999837,200,0.0,0.0,82.80327353686094,0.8277473816644271
379,-109.99999999999999,40,0.0,1.0,32.1837444903329,0.827333507973595
380,23.99999999999995,200,0.0,0.0,87.12674900278449,0.8269198412196082
381,-89.89999999999999,29,0.0,1.0,65.80321231510105,0.8265063812989984
382,-106.29999999999998,113,0.0,1.0,78.07826544489481,0.826093128108349
383,-91.00000000000003,190,0.0,1.0,92.90743941362751,0.8256800815442948
384,-99.39999999999999,134,0.0,1.0,82.2448673166279,0.8252672415035227
385,4.000000000000038,200,0.0,0.0,93.6711222496815,0.824854607882771
386,27.999999999999908,200,0.0,0.0,86.28814821004867,0.8244421805788297
387,-109.59999999999998,76,0.0,1.0,120.6872073265871,0.8240299594885403
388,-82.69999999999996,117,0.0,1.0,114.5794620563905,0.8236179445087961
389,16.00000000000002,200,0.0,0.0,77.35235110977665,0.8232061355365418
390,4.000000000000012,200,0.0,0.0,83.08279277753086,0.8227945324687735
391,21.999999999999865,200,0.0,0.0,91.71721343765036,0.8223831352025393
392,4.000000000000022,200,0.0,0.0,77.84818096343427,0.821971943634938
393,2.0000000000000244,200,0.0,0.0,89.24216925257817,0.8215609576631205
394,2.4646951146678475e-14,200,0.0,0.0,112.3387120705843,0.8211501771842891
395,12.000000000000004,200,0.0,0.0,92.38703066392802,0.820739602095697
396,-73.00000000000001,130,0.0,1.0,88.76065415619658,0.8203292322946492
397,-106.1,31,0.0,1.0,67.70194946121305,0.8199190676785019
398,-91.49999999999997,105,0.0,1.0,108.76333111049163,0.8195091081446627
399,-105.59999999999998,76,0.0,1.0,75.57058320571913,0.8190993535905904
400,19.999999999999908,200,0.0,0.0,94.23646707560867,0.8186898039137951
401,2.220446049250313e-15,200,0.0,0.0,82.22425427023322,0.8182804590118382
402,12.000000000000007,200,0.0,0.0,84.08239222684875,0.8178713187823323
403,10.000000000000002,200,0.0,0.0,76.22715269217268,0.8174623831229412
404,14.000000000000016,200,0.0,0.0,85.17101187974214,0.8170536519313798
405,-92.6,106,0.0,1.0,102.72019283747616,0.8166451251054142
406,-97.3,123,0.0,1.0,55.861325855601606,0.8162368025428616
407,4.000000000000039,200,0.0,0.0,89.10228915301151,0.8158286841415902
408,-108.1,51,0.0,1.0,90.20376234516209,0.8154207697995194
409,13.99999999999995,200,0.0,0.0,89.77636713092215,0.8150130594146197
410,-96.8,88,0.0,1.0,96.78843969606201,0.8146055528849124
411,-95.39999999999998,154,0.0,1.0,86.20040977480156,0.81419825010847
412,-94.29999999999998,173,0.0,1.0,93.3382796568936,0.8137911509834158
413,-77.79999999999998,138,0.0,1.0,110.33545177057385,0.8133842554079241
414,4.000000000000047,200,0.0,0.0,97.28225441494956,0.8129775632802202
415,-89.89999999999998,189,0.0,1.0,105.21496048861395,0.8125710744985801
416,-66.10000000000008,151,0.0,1.0,70.03142599270537,0.8121647889613309
417,12.000000000000002,200,0.0,0.0,105.02089605029673,0.8117587065668503
418,14.000000000000005,200,0.0,0.0,91.38427163450048,0.8113528272135669
419,-80.10000000000014,191,0.0,1.0,123.26809207252495,0.8109471507999602
420,35.99999999999989,200,0.0,0.0,84.41765426263213,0.8105416772245603
421,17.999999999999986,200,0.0,0.0,88.03811366178095,0.8101364063859481
422,19.99999999999998,200,0.0,0.0,77.58035841144621,0.8097313381827551
423,-84.39999999999999,164,0.0,1.0,93.79221990495557,0.8093264725136637
424,-88.19999999999999,42,0.0,1.0,71.99332905028548,0.808921809277407
425,19.999999999999932,200,0.0,0.0,98.12639612650499,0.8085173483727683
426,-106.0,140,0.0,1.0,96.98812931879823,0.808113089698582
427,-78.30000000000001,133,0.0,1.0,81.94489277456712,0.8077090331537328
428,-94.59999999999998,166,0.0,1.0,82.32027990000704,0.8073051786371559
429,-81.89999999999995,169,0.0,1.0,60.83606337416454,0.8069015260478374
430,-86.59999999999997,186,0.0,1.0,101.43637906792023,0.8064980752848135
431,-95.59999999999997,116,0.0,1.0,72.91617470196095,0.8060948262471712
432,-99.3,123,0.0,1.0,68.88054928092694,0.8056917788340476
433,-91.29999999999998,143,0.0,1.0,101.52768192096399,0.8052889329446307
434,37.99999999999985,200,0.0,0.0,97.65560275241732,0.8048862884781584
435,-102.69999999999999,17,0.0,1.0,40.24788385804962,0.8044838453339194
436,39.99999999999986,200,0.0,0.0,86.02025155115872,0.8040816034112525
437,-78.29999999999997,153,0.0,1.0,89.45505093773401,0.8036795626095469
438,-97.6,76,0.0,1.0,99.4650066761594,0.8032777228282422
439,19.999999999999993,200,0.0,0.0,106.34423276614397,0.8028760839668281
440,2.000000000000008,200,0.0,0.0,91.18972243577242,0.8024746459248447
441,29.999999999999925,200,0.0,0.0,107.17256254520267,0.8020734086018824
442,-70.50000000000003,75,0.0,1.0,83.19787105957667,0.8016723718975814
443,-102.4,84,0.0,1.0,94.88008697880875,0.8012715357116327
444,12.000000000000037,200,0.0,0.0,101.1841341824457,0.8008708999437769
445,37.99999999999983,200,0.0,0.0,98.68473906680941,0.8004704644938051
446,-91.59999999999998,136,0.0,1.0,98.41115171571865,0.8000702292615582
447,-107.79999999999998,38,0.0,1.0,84.65386553461614,0.7996701941469275
448,-105.1,21,0.0,1.0,60.506019818640894,0.7992703590498541
449,23.999999999999826,200,0.0,0.0,106.55825349006801,0.7988707238703292
450,-105.19999999999999,52,0.0,1.0,105.74165763791937,0.7984712885083941
451,14.000000000000039,200,0.0,0.0,92.57272578001022,0.79807205286414
452,25.999999999999808,200,0.0,0.0,88.603644304052,0.797673016837708
453,24.000000000000007,200,0.0,0.0,99.65006184019148,0.7972741803292892
454,-93.29999999999998,123,0.0,1.0,80.76710909495993,0.7968755432391246
455,15.999999999999925,200,0.0,0.0,94.119054361023,0.796477105467505
456,-105.89999999999999,129,0.0,1.0,79.05836486914592,0.7960788669147714
457,-106.39999999999999,84,0.0,1.0,114.86987247601861,0.7956808274813141
458,-67.40000000000009,114,0.0,1.0,98.50329500462925,0.7952829870675735
459,-92.19999999999999,142,0.0,1.0,109.29789261708797,0.7948853455740398
460,23.99999999999989,200,0.0,0.0,98.39501063618809,0.7944879029012528
461,-93.39999999999998,114,0.0,1.0,79.12915679093516,0.7940906589498022
462,-86.99999999999997,130,0.0,1.0,102.73856142392525,0.7936936136203274
463,-100.3,133,0.0,1.0,82.25973900754873,0.7932967668135174
464,-83.10000000000001,101,0.0,1.0,77.31516432393305,0.7929001184301107
465,21.999999999999847,200,0.0,0.0,102.0922179921344,0.7925036683708957
466,37.999999999999844,200,0.0,0.0,126.18694126129151,0.7921074165367102
467,19.99999999999985,200,0.0,0.0,80.9460348585993,0.7917113628284419
468,-107.59999999999998,56,0.0,1.0,58.71564972001527,0.7913155071470277
469,-97.19999999999999,132,0.0,1.0,112.5513250394301,0.7909198493934543
470,27.999999999999815,200,0.0,0.0,102.33704238355159,0.7905243894687576
471,29.999999999999908,200,0.0,0.0,112.53394212141633,0.7901291272740233
472,-92.99999999999999,30,0.0,1.0,151.9769887983799,0.7897340627103864
473,-80.0,100,0.0,1.0,95.53786362364889,0.7893391956790312
474,-101.49999999999999,105,0.0,1.0,87.08692957219624,0.7889445260811917
475,27.999999999999858,200,0.0,0.0,105.46164430044591,0.7885500538181511
476,35.99999999999984,200,0.0,0.0,89.54666699066757,0.7881557787912421
477,-102.10000000000001,151,0.0,1.0,94.3438748846583,0.7877617009018465
478,-106.19999999999996,142,0.0,1.0,99.31103585670951,0.7873678200513956
479,-96.49999999999999,75,0.0,1.0,102.33869845986366,0.7869741361413699
480,29.999999999999872,200,0.0,0.0,101.16382217779756,0.7865806490732993
481,-85.9,169,0.0,1.0,115.31943967638637,0.7861873587487627
482,-94.1,51,0.0,1.0,89.90360370512103,0.7857942650693883
483,-105.19999999999999,72,0.0,1.0,108.66713191858597,0.7854013679368537
484,-77.9000000000001,129,0.0,1.0,110.78523757453112,0.7850086672528853
485,-74.70000000000017,197,0.0,1.0,99.29051303882436,0.784616162919259
486,-78.50000000000001,155,0.0,1.0,96.20128812020825,0.7842238548377993
487,-103.0,30,0.0,1.0,79.96304002602895,0.7838317429103805
488,-100.7,77,0.0,1.0,102.83499179219271,0.7834398270389253
489,-99.8,98,0.0,1.0,102.76352848401483,0.783048107125406
490,-88.39999999999998,84,0.0,1.0,113.78217104715961,0.7826565830718433
491,31.99999999999993,200,0.0,0.0,95.88253312058747,0.7822652547803074
492,-72.50000000000011,195,0.0,1.0,102.13175440621681,0.7818741221529173
493,-70.50000000000007,115,0.0,1.0,108.39908731748228,0.7814831850918409
494,27.999999999999922,200,0.0,0.0,116.33147709354758,0.781092443499295
495,-103.6,56,0.0,1.0,126.63573859525579,0.7807018972775454
496,-72.80000000000003,148,0.0,1.0,137.62971276940928,0.7803115463289066
497,35.99999999999993,200,0.0,0.0,93.46169023916126,0.7799213905557423
498,-111.8,58,0.0,1.0,132.10604445610582,0.7795314298604644
499,29.999999999999925,200,0.0,0.0,94.86908721700311,0.7791416641455342
500,-84.39999999999998,104,0.0,1.0,128.66493728699592,0.7787520933134615
501,-89.49999999999999,25,0.0,1.0,119.36199192583561,0.7783627172668048
502,-79.70000000000009,147,0.0,1.0,113.97391025245595,0.7779735359081715
503,-99.39999999999998,154,0.0,1.0,110.51133325405709,0.7775845491402175
504,-94.1,151,0.0,1.0,134.15562505467443,0.7771957568656473
505,15.999999999999938,200,0.0,0.0,89.85866777002812,0.7768071589872145
506,-3.999999999999965,200,0.0,0.0,121.50560255996884,0.776418755407721
507,31.999999999999936,200,0.0,0.0,107.38626529291273,0.7760305460300172
508,37.99999999999989,200,0.0,0.0,76.67868583686649,0.7756425307570022
509,25.999999999999797,200,0.0,0.0,100.17936148628593,0.7752547094916237
510,31.999999999999787,200,0.0,0.0,77.07393055774271,0.7748670821368779
511,25.999999999999815,200,0.0,0.0,122.58527415499091,0.7744796485958095
512,51.9999999999998,200,0.0,0.0,91.63957607217134,0.7740924087715116
513,-90.1,31,0.0,1.0,96.96160357709854,0.773705362567126
514,10.000000000000052,200,0.0,0.0,81.4222900249064,0.7733185098858425
515,-107.69999999999997,87,0.0,1.0,151.35302712691242,0.7729318506308996
516,29.999999999999954,200,0.0,0.0,115.27928297698497,0.7725453847055842
517,-94.99999999999994,190,0.0,1.0,113.1542451897734,0.7721591120132315
518,8.00000000000004,200,0.0,0.0,63.59040388673544,0.771773032457225
519,25.999999999999858,200,0.0,0.0,122.94258428104222,0.7713871459409963
520,-107.89999999999999,69,0.0,1.0,130.1977425163639,0.7710014523680259
521,-100.39999999999998,84,0.0,1.0,134.1979404393406,0.7706159516418419
522,-77.50000000000001,65,0.0,1.0,73.42009068819193,0.770230643666021
523,-94.49999999999997,95,0.0,1.0,101.48192938879916,0.7698455283441881
524,-87.39999999999996,134,0.0,1.0,115.5740740096836,0.769460605580016
525,-77.90000000000006,149,0.0,1.0,112.74002053523624,0.7690758752772261
526,31.99999999999988,200,0.0,0.0,139.5514246250689,0.7686913373395875
527,-87.1,161,0.0,1.0,119.69509815318244,0.7683069916709178
528,43.999999999999815,200,0.0,0.0,118.08846298396587,0.7679228381750823
529,-76.20000000000002,102,0.0,1.0,165.20455992221832,0.7675388767559949
530,39.99999999999982,200,0.0,0.0,118.10239282175898,0.7671551073176169
531,23.999999999999897,200,0.0,0.0,94.03586679227651,0.7667715297639581
532,-81.20000000000006,192,0.0,1.0,123.59985696695124,0.7663881439990762
533,29.999999999999822,200,0.0,0.0,121.72598028287291,0.7660049499270767
534,14.000000000000034,200,0.0,0.0,112.2546523436904,0.7656219474521132
535,43.99999999999984,200,0.0,0.0,111.29323106080294,0.7652391364783871
536,-106.19999999999999,102,0.0,1.0,103.51131403592288,0.764856516910148
537,-84.6,126,0.0,1.0,102.95436213390222,0.764474088651693
538,14.000000000000014,200,0.0,0.0,126.88180469319224,0.7640918516073671
539,-84.09999999999997,111,0.0,1.0,124.82486646239822,0.7637098056815635
540,-104.19999999999999,82,0.0,1.0,110.9095472242774,0.7633279507787228
541,29.999999999999936,200,0.0,0.0,106.9106877348572,0.7629462868033335
542,-84.99999999999999,70,0.0,1.0,113.92914524333817,0.7625648136599319
543,19.999999999999986,200,0.0,0.0,91.38148193433881,0.762183531253102
544,-95.5,25,0.0,1.0,67.32618665218354,0.7618024394874755
545,-95.69999999999999,47,0.0,1.0,69.27087497964818,0.7614215382677318
546,29.999999999999886,200,0.0,0.0,110.49874607846141,0.761040827498598
547,33.99999999999986,200,0.0,0.0,94.37001254469156,0.7606603070848488
548,-83.59999999999998,76,0.0,1.0,117.02594496623466,0.7602799769313064
549,21.99999999999989,200,0.0,0.0,115.3768063275516,0.7598998369428408
550,-102.1,31,0.0,1.0,54.54991152690303,0.7595198870243695
551,23.999999999999815,200,0.0,0.0,107.33733833283186,0.7591401270808573
552,7.999999999999902,200,0.0,0.0,143.76866516768933,0.7587605570173169
553,-95.59999999999998,96,0.0,1.0,99.57666403365631,0.7583811767388083
554,-88.59999999999998,46,0.0,1.0,130.57280535931173,0.758001986150439
555,39.99999999999979,200,0.0,0.0,84.11650225825608,0.7576229851573638
556,-84.99999999999999,50,0.0,1.0,174.16840881586074,0.7572441736647851
557,-95.2,92,0.0,1.0,90.75665102575137,0.7568655515779528
558,31.9999999999999,200,0.0,0.0,96.94816689223052,0.7564871188021638
559,23.999999999999915,200,0.0,0.0,115.70916955769061,0.7561088752427627
560,45.9999999999999,200,0.0,0.0,86.32774693444371,0.7557308208051414
561,-70.40000000000012,164,0.0,1.0,108.60831709742183,0.7553529553947389
562,-87.49999999999999,45,0.0,1.0,90.4828885992368,0.7549752789170415
563,-86.69999999999999,37,0.0,1.0,86.78597599187412,0.7545977912775831
564,-93.3,63,0.0,1.0,109.58286892232441,0.7542204923819443
565,-85.79999999999997,118,0.0,1.0,113.06019351037882,0.7538433821357534
566,-95.5,65,0.0,1.0,101.92887425422668,0.7534664604446856
567,-85.49999999999999,145,0.0,1.0,81.52571293876089,0.7530897272144633
568,-94.89999999999999,59,0.0,1.0,126.7773532059233,0.7527131823508562
569,-91.8,38,0.0,1.0,129.46663170817652,0.7523368257596807
570,27.99999999999999,200,0.0,0.0,111.70944529294968,0.751960657346801
571,-84.00000000000003,140,0.0,1.0,140.17425257201705,0.7515846770181276
572,19.999999999999982,200,0.0,0.0,120.99309541404247,0.7512088846796185
573,11.999999999999924,200,0.0,0.0,112.35777776539325,0.7508332802372788
574,-82.80000000000001,108,0.0,1.0,121.57290228897774,0.7504578635971602
575,49.99999999999982,200,0.0,0.0,110.09044041335582,0.7500826346653616
576,22.00000000000001,200,0.0,0.0,89.88829868510365,0.7497075933480289
577,-65.90000000000008,149,0.0,1.0,136.02560903281974,0.7493327395513549
578,31.99999999999987,200,0.0,0.0,98.08173015400767,0.7489580731815793
579,-66.10000000000004,131,0.0,1.0,100.786939399388,0.7485835941449885
580,-70.70000000000016,177,0.0,1.0,103.05552815035576,0.748209302347916
581,37.99999999999982,200,0.0,0.0,108.53028556868433,0.7478351976967421
582,-79.9,129,0.0,1.0,99.65599485862163,0.7474612800978938
583,-90.3,53,0.0,1.0,127.40681760772219,0.747087549457845
584,-82.10000000000005,151,0.0,1.0,122.34896240190955,0.7467140056831161
585,8.000000000000004,200,0.0,0.0,104.0151080532372,0.7463406486802746
586,-67.80000000000008,158,0.0,1.0,142.0657770241363,0.7459674783559345
587,31.999999999999808,200,0.0,0.0,133.77932747527956,0.7455944946167565
588,-78.6,126,0.0,1.0,99.43467338004756,0.7452216973694482
589,10.000000000000037,200,0.0,0.0,112.29171467393637,0.7448490865207635
590,-85.80000000000003,178,0.0,1.0,119.52181325350584,0.7444766619775032
591,-101.1,121,0.0,1.0,108.4205571845297,0.7441044236465144
592,-97.39999999999999,34,0.0,1.0,62.9625434147961,0.7437323714346912
593,10.000000000000032,200,0.0,0.0,102.04552093192935,0.7433605052489739
594,-93.89999999999999,89,0.0,1.0,109.58275157933154,0.7429888249963494
595,35.999999999999936,200,0.0,0.0,104.13217983193695,0.7426173305838513
596,31.99999999999995,200,0.0,0.0,112.34885867834092,0.7422460219185594
597,23.99999999999995,200,0.0,0.0,122.58480145424605,0.7418748989076002
598,-85.89999999999998,49,0.0,1.0,105.95784481751676,0.7415039614581465
599,-79.40000000000003,134,0.0,1.0,122.4901151760523,0.7411332094774175
600,-73.30000000000003,163,0.0,1.0,109.29809952550139,0.7407626428726788
601,43.999999999999865,200,0.0,0.0,107.88600381493569,0.7403922615512425
602,12.000000000000052,200,0.0,0.0,128.1327235865593,0.7400220654204669
603,17.999999999999932,200,0.0,0.0,132.28139073833825,0.7396520543877567
604,31.999999999999986,200,0.0,0.0,116.21089095473289,0.7392822283605629
605,49.99999999999978,200,0.0,0.0,158.99772705078124,0.7389125872463826
606,-78.79999999999998,128,0.0,1.0,99.03093577362597,0.7385431309527595
607,37.999999999999865,200,0.0,0.0,103.23094556458294,0.7381738593872831
608,8.000000000000004,200,0.0,0.0,107.2757003235817,0.7378047724575895
609,12.000000000000039,200,0.0,0.0,95.10466166481376,0.7374358700713607
610,15.999999999999947,200,0.0,0.0,103.67652310945094,0.737067152136325
611,-94.89999999999999,39,0.0,1.0,151.40653254129947,0.7366986185602569
612,8.000000000000037,200,0.0,0.0,94.40769635036588,0.7363302692509768
613,35.99999999999978,200,0.0,0.0,137.34988248214125,0.7359621041163513
614,41.9999999999999,200,0.0,0.0,105.44906220942735,0.7355941230642932
615,25.9999999999999,200,0.0,0.0,105.77223131909966,0.735226326002761
616,-85.99999999999999,80,0.0,1.0,119.16325283497572,0.7348587128397597
617,25.999999999999915,200,0.0,0.0,118.45554370760918,0.7344912834833398
618,-75.10000000000005,121,0.0,1.0,111.0692743045732,0.7341240378415982
619,33.999999999999865,200,0.0,0.0,68.40588647790253,0.7337569758226774
620,-107.79999999999997,138,0.0,1.0,105.63559019457603,0.7333900973347661
621,-37.00000000000003,190,0.0,1.0,99.73263427936718,0.7330234022860987
622,17.999999999999883,200,0.0,0.0,126.69516886770725,0.7326568905849558
623,29.999999999999893,200,0.0,0.0,110.74009289890527,0.7322905621396634
624,-101.39999999999999,34,0.0,1.0,122.69464096426964,0.7319244168585936
625,16.00000000000001,200,0.0,0.0,100.68554148994386,0.7315584546501643
626,-83.1,61,0.0,1.0,111.44888471457801,0.7311926754228393
627,-90.89999999999998,119,0.0,1.0,123.06157320863059,0.7308270790851279
628,19.999999999999986,200,0.0,0.0,115.04502525635064,0.7304616655455853
629,14.000000000000027,200,0.0,0.0,133.6116167652607,0.7300964347128126
630,-62.600000000000065,166,0.0,1.0,124.47842873175101,0.7297313864954562
631,33.99999999999993,200,0.0,0.0,136.7828824865818,0.7293665208022085
632,51.99999999999982,200,0.0,0.0,113.19460606321692,0.7290018375418075
633,-95.79999999999997,98,0.0,1.0,97.59212555994793,0.7286373366230366
634,18.00000000000004,200,0.0,0.0,114.54861196167766,0.7282730179547252
635,-50.500000000000114,175,0.0,1.0,110.53572764464788,0.7279088814457478
636,27.999999999999844,200,0.0,0.0,126.26041153684258,0.727544927005025
637,-80.00000000000001,80,0.0,1.0,86.4536522116512,0.7271811545415225
638,35.999999999999815,200,0.0,0.0,97.35733486145735,0.7268175639642518
639,-83.69999999999996,187,0.0,1.0,114.90433106543546,0.7264541551822697
640,-80.09999999999998,171,0.0,1.0,148.71257401035544,0.7260909281046787
641,8.000000000000007,200,0.0,0.0,90.15639309316873,0.7257278826406264
642,-81.4,74,0.0,1.0,99.05782798174265,0.7253650186993061
643,-102.39999999999999,64,0.0,1.0,113.29791455250233,0.7250023361899566
644,-93.89999999999999,109,0.0,1.0,86.69339804406013,0.7246398350218617
645,-59.700000000000095,147,0.0,1.0,129.1712463027766,0.7242775151043508
646,-88.79999999999998,168,0.0,1.0,103.25076937329557,0.7239153763467987
647,22.000000000000004,200,0.0,0.0,99.36753695264458,0.7235534186586253
648,-85.99999999999999,40,0.0,1.0,95.13285849392415,0.7231916419492961
649,21.999999999999865,200,0.0,0.0,102.64313899263739,0.7228300461283215
650,37.99999999999983,200,0.0,0.0,120.36683269061149,0.7224686311052574
651,-89.59999999999997,96,0.0,1.0,91.3865104528765,0.7221073967897048
652,23.999999999999968,200,0.0,0.0,110.21778905652464,0.72174634309131
653,-69.30000000000005,123,0.0,1.0,95.74431040955753,0.7213854699197644
654,7.999999999999984,200,0.0,0.0,109.19518794208766,0.7210247771848045
655,17.999999999999925,200,0.0,0.0,109.44393587090075,0.7206642647962122
656,35.999999999999794,200,0.0,0.0,119.44382019534707,0.7203039326638141
657,-69.90000000000012,169,0.0,1.0,111.77015104061047,0.7199437806974822
658,11.999999999999947,200,0.0,0.0,117.08440037429332,0.7195838088071335
659,-73.80000000000001,118,0.0,1.0,71.15605468227197,0.71922401690273
660,-76.40000000000006,124,0.0,1.0,110.11948826596621,0.7188644048942786
661,-88.5,115,0.0,1.0,99.1309883321109,0.7185049726918316
662,21.999999999999954,200,0.0,0.0,119.90667071834207,0.7181457202054857
663,21.999999999999915,200,0.0,0.0,112.69954420767725,0.717786647345383
664,-91.89999999999998,69,0.0,1.0,65.69264630541421,0.7174277540217103
665,-75.40000000000002,94,0.0,1.0,117.69953162508442,0.7170690401446995
666,-55.300000000000104,123,0.0,1.0,149.64290532288027,0.7167105056246272
667,41.99999999999987,200,0.0,0.0,116.95084517613053,0.716352150371815
668,27.999999999999844,200,0.0,0.0,129.8816940164566,0.7159939742966291
669,-83.1,61,0.0,1.0,112.77616688218274,0.7156359773094809
670,35.99999999999984,200,0.0,0.0,97.7713952511549,0.7152781593208262
671,23.999999999999954,200,0.0,0.0,92.64984384328127,0.7149205202411658
672,24.00000000000001,200,0.0,0.0,112.75014412388205,0.7145630599810453
673,-94.39999999999998,104,0.0,1.0,100.02038507220837,0.7142057784510548
674,24.000000000000007,200,0.0,0.0,91.79850440479815,0.7138486755618293
675,-68.50000000000004,135,0.0,1.0,127.68772044159748,0.7134917512240484
676,-87.3,43,0.0,1.0,88.54462969441747,0.7131350053484364
677,37.99999999999991,200,0.0,0.0,116.89186240799725,0.7127784378457622
678,33.999999999999886,200,0.0,0.0,98.69837249353527,0.7124220486268393
679,45.99999999999986,200,0.0,0.0,91.63581322073937,0.712065837602526
680,-99.7,27,0.0,1.0,87.28880643403089,0.7117098046837247
681,47.99999999999982,200,0.0,0.0,117.17935301497579,0.7113539497813829
682,51.99999999999978,200,0.0,0.0,100.0124938338995,0.7109982728064922
683,29.99999999999985,200,0.0,0.0,90.54805377840995,0.710642773670089
684,25.999999999999947,200,0.0,0.0,119.15393078915776,0.710287452283254
685,19.99999999999996,200,0.0,0.0,110.84979572571814,0.7099323085571124
686,-89.39999999999998,154,0.0,1.0,81.63905127462628,0.7095773424028339
687,-92.8,28,0.0,1.0,79.11624088564089,0.7092225537316325
688,-103.4,74,0.0,1.0,93.98858399387147,0.7088679424547667
689,29.999999999999847,200,0.0,0.0,123.06387382075191,0.7085135084835393
690,-82.69999999999999,77,0.0,1.0,115.34642438184132,0.7081592517292976
691,33.99999999999987,200,0.0,0.0,88.21802058644593,0.707805172103433
692,24.000000000000018,200,0.0,0.0,100.48840070702136,0.7074512695173812
693,41.999999999999886,200,0.0,0.0,97.81290549114347,0.7070975438826226
694,37.99999999999987,200,0.0,0.0,76.99826371841132,0.7067439951106813
695,-56.700000000000074,157,0.0,1.0,108.04748677637926,0.7063906231131261
696,23.99999999999997,200,0.0,0.0,124.80780259341002,0.7060374278015695
697,-74.2,102,0.0,1.0,67.92895138701972,0.7056844090876688
698,33.999999999999815,200,0.0,0.0,106.15933885857463,0.705331566883125
699,29.999999999999865,200,0.0,0.0,101.11117534019053,0.7049789010996835
700,-99.89999999999999,29,0.0,1.0,130.57522131965078,0.7046264116491338
701,33.99999999999993,200,0.0,0.0,95.01923335835338,0.7042740984433092
702,8.000000000000014,200,0.0,0.0,112.87102907642722,0.7039219613940876
703,37.99999999999985,200,0.0,0.0,89.06223978638648,0.7035700004133906
704,23.99999999999999,200,0.0,0.0,93.26139540888369,0.703218215413184
705,37.999999999999794,200,0.0,0.0,100.65966526731849,0.7028666063054774
706,35.999999999999915,200,0.0,0.0,97.50460440076887,0.7025151730023247
707,47.999999999999794,200,0.0,0.0,100.8967895347625,0.7021639154158236
708,25.99999999999995,200,0.0,0.0,113.17230602033436,0.7018128334581157
709,39.99999999999989,200,0.0,0.0,86.00057818725705,0.7014619270413868
710,20.00000000000001,200,0.0,0.0,107.05667497813701,0.7011111960778661
711,-80.30000000000013,173,0.0,1.0,97.01859263429752,0.7007606404798272
712,-86.09999999999998,51,0.0,1.0,133.64585679974041,0.7004102601595873
713,12.000000000000046,200,0.0,0.0,82.01949418373405,0.7000600550295075
714,-52.7000000000001,157,0.0,1.0,78.98906950643108,0.6997100250019928
715,39.99999999999991,200,0.0,0.0,90.5426450818032,0.6993601699894918
716,37.99999999999989,200,0.0,0.0,102.46797224141658,0.6990104899044971
717,-59.20000000000011,172,0.0,1.0,109.06350005184149,0.6986609846595448
718,21.999999999999943,200,0.0,0.0,118.2651461557299,0.6983116541672151
719,-68.90000000000005,119,0.0,1.0,81.53289041386432,0.6979624983401315
720,-95.29999999999998,123,0.0,1.0,130.3216767722998,0.6976135170909614
721,6.0000000000000515,200,0.0,0.0,84.48159477673471,0.697264710332416
722,-86.39999999999999,44,0.0,1.0,69.65410226448016,0.6969160779772499
723,27.99999999999989,200,0.0,0.0,124.17974862426519,0.6965676199382612
724,17.99999999999989,200,0.0,0.0,84.70563041493297,0.6962193361282921
725,35.99999999999987,200,0.0,0.0,75.16423974260688,0.695871226460228
726,31.999999999999872,200,0.0,0.0,84.87755475357174,0.6955232908469979
727,20.00000000000001,200,0.0,0.0,93.35220348671079,0.6951755292015744
728,43.99999999999983,200,0.0,0.0,83.21008080795407,0.6948279414369737
729,-70.40000000000006,104,0.0,1.0,84.07426180174717,0.6944805274662552
730,-78.79999999999998,88,0.0,1.0,105.03914744517004,0.6941332872025221
731,-79.20000000000005,112,0.0,1.0,75.81497086385,0.6937862205589209
732,37.99999999999978,200,0.0,0.0,90.36575735256076,0.6934393274486415
733,-48.80000000000013,188,0.0,1.0,66.7914390602803,0.6930926077849172
734,-64.30000000000005,93,0.0,1.0,87.37891308050001,0.6927460614810248
735,-89.89999999999999,69,0.0,1.0,96.41135985728191,0.6923996884502843
736,15.999999999999956,200,0.0,0.0,88.73529767796397,0.6920534886060592
737,-77.40000000000009,114,0.0,1.0,114.14584808875071,0.6917074618617562
738,-64.70000000000013,177,0.0,1.0,115.5726135490136,0.6913616081308254
739,-90.29999999999998,73,0.0,1.0,98.68481971507202,0.69101592732676
740,-80.2,42,0.0,1.0,25.898321968458948,0.6906704193630966
741,27.999999999999815,200,0.0,0.0,76.62325355410576,0.6903250841534151
742,33.99999999999991,200,0.0,0.0,78.0476290421933,0.6899799216113385
743,23.999999999999886,200,0.0,0.0,42.75295188095421,0.6896349316505328
744,-70.4000000000001,184,0.0,1.0,80.6637052298402,0.6892901141847075
745,31.999999999999883,200,0.0,0.0,89.2193728480488,0.6889454691276152
746,-85.39999999999998,94,0.0,1.0,81.62312110053732,0.6886009963930515
747,15.99999999999991,200,0.0,0.0,78.88812598481775,0.688256695894855
748,23.99999999999978,200,0.0,0.0,79.26589166678488,0.6879125675469077
749,-76.9,139,0.0,1.0,69.12960526979656,0.6875686112631343
750,15.999999999999982,200,0.0,0.0,76.4524801580608,0.6872248269575028
751,-112.69999999999999,37,0.0,1.0,54.37781096874057,0.6868812145440241
752,-67.7000000000001,127,0.0,1.0,70.2154013441773,0.6865377739367521
753,19.999999999999797,200,0.0,0.0,88.38589932858945,0.6861945050497837
754,27.999999999999858,200,0.0,0.0,75.33397711832076,0.6858514077972588
755,14.000000000000032,200,0.0,0.0,89.47394761152566,0.6855084820933602
756,-78.40000000000015,164,0.0,1.0,99.12772385657924,0.6851657278523136
757,-86.39999999999996,104,0.0,1.0,79.70184263400733,0.6848231449883875
758,15.999999999999787,200,0.0,0.0,69.73613150030374,0.6844807334158933
759,-97.70000000000005,187,0.0,1.0,93.26409872123264,0.6841384930491854
760,29.99999999999985,200,0.0,0.0,102.1844001480192,0.6837964238026608
761,27.9999999999999,200,0.0,0.0,87.34389326564968,0.6834545255907595
762,-89.19999999999999,72,0.0,1.0,116.74322484619915,0.6831127983279641
763,23.999999999999776,200,0.0,0.0,99.76741843186319,0.6827712419288002
764,33.999999999999794,200,0.0,0.0,75.01810870613903,0.6824298563078359
765,33.999999999999815,200,0.0,0.0,72.40590304717422,0.6820886413796821
766,-64.20000000000013,162,0.0,1.0,88.13538040303521,0.6817475970589922
767,-85.19999999999999,32,0.0,1.0,129.55531781725585,0.6814067232604628
768,21.999999999999844,200,0.0,0.0,72.06516640610992,0.6810660198988326
769,-95.69999999999996,147,0.0,1.0,62.46943894383453,0.6807254868888832
770,-82.29999999999995,193,0.0,1.0,78.16339127997351,0.6803851241454388
771,31.9999999999998,200,0.0,0.0,82.6961638943851,0.6800449315833662
772,-92.6000000000001,166,0.0,1.0,69.20806136440082,0.6797049091175745
773,33.99999999999985,200,0.0,0.0,75.26087070852518,0.6793650566630158
774,-71.90000000000009,129,0.0,1.0,66.2234594841567,0.6790253741346843
775,-96.19999999999999,82,0.0,1.0,77.49878959812042,0.678685861447617
776,-62.90000000000011,199,0.0,1.0,57.11469539273624,0.6783465185168932
777,45.99999999999983,200,0.0,0.0,76.93762303538621,0.6780073452576348
778,-71.50000000000011,185,0.0,1.0,87.52797303779705,0.6776683415850061
779,-93.60000000000015,196,0.0,1.0,89.585398225836,0.6773295074142136
780,-88.3,33,0.0,1.0,60.68320880875443,0.6769908426605066
781,31.999999999999837,200,0.0,0.0,72.51675053022802,0.6766523472391763
782,-84.8000000000001,148,0.0,1.0,59.53537879713081,0.6763140210655568
783,19.999999999999794,200,0.0,0.0,65.2690696170181,0.6759758640550241
784,-91.49999999999996,145,0.0,1.0,62.53328951001167,0.6756378761229966
785,-106.0,60,0.0,1.0,99.80921150309344,0.6753000571849351
786,-74.70000000000002,117,0.0,1.0,84.24429516175873,0.6749624071563427
787,13.999999999999957,200,0.0,0.0,71.4006229904294,0.6746249259527646
788,-78.5,55,0.0,1.0,126.98138861412352,0.6742876134897883
789,-83.89999999999999,49,0.0,1.0,93.45457468622801,0.6739504696830434
790,41.9999999999998,200,0.0,0.0,74.14662367150187,0.673613494448202
791,15.999999999999936,200,0.0,0.0,71.74303939148784,0.6732766877009779
792,19.999999999999865,200,0.0,0.0,88.7260811562091,0.6729400493571275
793,15.999999999999986,200,0.0,0.0,77.66561090491712,0.672603579332449
794,29.999999999999794,200,0.0,0.0,72.8321976815164,0.6722672775427828
795,23.999999999999847,200,0.0,0.0,65.374059282355,0.6719311439040114
796,19.999999999999975,200,0.0,0.0,81.35731169372797,0.6715951783320595
797,-80.99999999999996,130,0.0,1.0,88.29465394283716,0.6712593807428935
798,23.999999999999936,200,0.0,0.0,64.95308283597231,0.6709237510525221
799,13.99999999999999,200,0.0,0.0,73.32939521536231,0.6705882891769959
800,-96.8,68,0.0,1.0,65.61028023633887,0.6702529950324074
801,-87.09999999999998,81,0.0,1.0,68.53322303837832,0.6699178685348912
802,-75.3000000000001,163,0.0,1.0,49.45405337470441,0.6695829096006238
803,17.999999999999954,200,0.0,0.0,102.16502886995673,0.6692481181458235
804,-90.69999999999999,37,0.0,1.0,98.2158798204886,0.6689134940867506
805,-83.70000000000006,127,0.0,1.0,53.38634641820521,0.6685790373397072
806,-81.8,118,0.0,1.0,60.45891219232295,0.6682447478210375
807,16.00000000000002,200,0.0,0.0,75.71504625499249,0.667910625447127
808,15.999999999999902,200,0.0,0.0,52.22254568055272,0.6675766701344035
809,23.999999999999936,200,0.0,0.0,60.29328460261226,0.6672428817993363
810,-90.69999999999999,57,0.0,1.0,52.658414720704684,0.6669092603584367
811,-83.79999999999998,158,0.0,1.0,62.30093560547014,0.6665758057282575
812,31.999999999999794,200,0.0,0.0,63.414330954924225,0.6662425178253933
813,25.999999999999865,200,0.0,0.0,82.18927508220077,0.6659093965664807
814,-80.3,73,0.0,1.0,103.27215351368467,0.6655764418681975
815,-74.40000000000002,144,0.0,1.0,44.08656481322315,0.6652436536472635
816,21.99999999999978,200,0.0,0.0,77.42669370990247,0.6649110318204399
817,-84.89999999999999,99,0.0,1.0,54.38187247574931,0.6645785763045297
818,-84.2,62,0.0,1.0,61.592420888523904,0.6642462870163774
819,29.999999999999787,200,0.0,0.0,58.402623179554936,0.6639141638728693
820,-85.59999999999998,76,0.0,1.0,66.37066457263734,0.6635822067909328
821,-89.89999999999999,29,0.0,1.0,114.35642415387878,0.6632504156875374
822,-78.40000000000012,144,0.0,1.0,56.04336289564768,0.6629187904796937
823,-73.60000000000007,116,0.0,1.0,62.033955459900454,0.6625873310844539
824,-103.3,23,0.0,1.0,55.5737708489532,0.6622560374189117
825,-103.39999999999999,54,0.0,1.0,40.715930358955156,0.6619249094002023
826,-84.29999999999998,73,0.0,1.0,54.62045090880296,0.6615939469455022
827,-84.60000000000004,126,0.0,1.0,73.20003181033664,0.6612631499720295
828,23.999999999999876,200,0.0,0.0,75.42843647569418,0.6609325183970435
829,25.99999999999978,200,0.0,0.0,53.05475425638259,0.660602052137845
830,-92.59999999999997,86,0.0,1.0,63.53861731602702,0.660271751111776
831,25.99999999999987,200,0.0,0.0,62.81037112250924,0.6599416152362202
832,27.99999999999978,200,0.0,0.0,67.8352026553452,0.6596116444286021
833,37.99999999999992,200,0.0,0.0,71.35308633379638,0.6592818386063878
834,35.99999999999988,200,0.0,0.0,61.0134844956547,0.6589521976870846
835,-83.09999999999998,41,0.0,1.0,31.85274738945612,0.6586227215882411
836,19.999999999999794,200,0.0,0.0,67.99180498287082,0.658293410227447
837,-82.10000000000001,131,0.0,1.0,59.67373497704513,0.6579642635223334
838,25.999999999999815,200,0.0,0.0,68.79317274615168,0.6576352813905723
839,19.999999999999822,200,0.0,0.0,81.18013054683804,0.657306463749877
840,-89.09999999999998,61,0.0,1.0,86.41416666742231,0.6569778105180021
841,-81.90000000000008,129,0.0,1.0,78.84356919716495,0.6566493216127431
842,-102.89999999999999,19,0.0,1.0,107.89002056498276,0.6563209969519368
843,-72.20000000000002,102,0.0,1.0,61.69179189847965,0.6559928364534608
844,-77.20000000000009,152,0.0,1.0,77.06401002456091,0.6556648400352342
845,-83.69999999999997,67,0.0,1.0,69.70723005773417,0.6553370076152166
846,9.999999999999913,200,0.0,0.0,78.14245336081832,0.655009339111409
847,21.999999999999964,200,0.0,0.0,84.38016386643052,0.6546818344418533
848,-87.1,21,0.0,1.0,28.086775021893637,0.6543544935246325
849,23.999999999999808,200,0.0,0.0,61.79576452493668,0.6540273162778703
850,-102.5,35,0.0,1.0,32.016926233257564,0.6537003026197313
851,17.999999999999936,200,0.0,0.0,59.35162406887859,0.6533734524684215
852,11.999999999999874,200,0.0,0.0,70.45845206454396,0.6530467657421873
853,15.999999999999801,200,0.0,0.0,53.70176312606782,0.6527202423593162
854,-77.70000000000006,127,0.0,1.0,48.55451401129482,0.6523938822381367
855,17.99999999999978,200,0.0,0.0,78.30259220413863,0.6520676852970176
856,-57.40000000000011,114,0.0,1.0,72.23431958297365,0.6517416514543691
857,-85.99999999999999,80,0.0,1.0,57.348365750536324,0.651415780628642
858,21.9999999999998,200,0.0,0.0,69.88935985080897,0.6510900727383278
859,-87.79999999999998,78,0.0,1.0,38.44401531418165,0.6507645277019586
860,-90.99999999999997,150,0.0,1.0,54.01825684001049,0.6504391454381077
861,11.999999999999863,200,0.0,0.0,78.93176194988192,0.6501139258653886
862,-81.8,78,0.0,1.0,58.86843949690079,0.649788868902456
863,19.999999999999833,200,0.0,0.0,75.45909878518432,0.6494639744680049
864,-75.70000000000003,127,0.0,1.0,54.79849276785541,0.6491392424807709
865,-83.40000000000018,174,0.0,1.0,51.651467797656856,0.6488146728595305
866,-74.30000000000001,93,0.0,1.0,62.07919419308504,0.6484902655231009
867,-96.99999999999994,190,0.0,1.0,58.46443082007923,0.6481660203903393
868,-93.5,25,0.0,1.0,76.88925464868545,0.6478419373801442
869,15.999999999999984,200,0.0,0.0,65.9241985528171,0.6475180164114541
870,25.999999999999822,200,0.0,0.0,65.55063829496503,0.6471942574032484
871,-79.10000000000011,141,0.0,1.0,65.26570792073477,0.6468706602745469
872,-83.80000000000001,138,0.0,1.0,81.98880475413972,0.6465472249444096
873,-71.5,125,0.0,1.0,57.513198691248895,0.6462239513319374
874,-90.30000000000005,153,0.0,1.0,53.425705976248565,0.6459008393562715
875,33.99999999999983,200,0.0,0.0,68.33831404097378,0.6455778889365934
876,-101.99999999999999,60,0.0,1.0,51.336995195845766,0.6452550999921252
877,-95.09999999999998,121,0.0,1.0,46.07368483240447,0.6449324724421291
878,-97.0,90,0.0,1.0,71.831332696312,0.6446100062059081
879,19.99999999999994,200,0.0,0.0,58.687052430659534,0.6442877012028052
880,-93.49999999999997,105,0.0,1.0,78.79698016161011,0.6439655573522038
881,-77.00000000000009,190,0.0,1.0,79.11828847421627,0.6436435745735278
882,-82.40000000000009,164,0.0,1.0,54.13270135914407,0.6433217527862412
883,-91.5,45,0.0,1.0,57.58503673805131,0.6430000919098481
884,-81.80000000000007,158,0.0,1.0,75.21649115872157,0.6426785918638932
885,-93.89999999999999,29,0.0,1.0,56.822520682523994,0.6423572525679613
886,-82.80000000000011,128,0.0,1.0,50.648354095290415,0.6420360739416774
887,-107.89999999999999,49,0.0,1.0,42.07508773980092,0.6417150559047066
888,21.99999999999987,200,0.0,0.0,48.46130714632571,0.6413941983767543
889,12.000000000000052,200,0.0,0.0,54.86814822889865,0.6410735012775659
890,21.999999999999808,200,0.0,0.0,70.58888034261763,0.6407529645269272
891,-86.49999999999997,75,0.0,1.0,62.86631532828013,0.6404325880446637
892,27.99999999999978,200,0.0,0.0,60.68463128853589,0.6401123717506414
893,-88.69999999999999,117,0.0,1.0,100.11217166865484,0.6397923155647661
894,-85.49999999999997,85,0.0,1.0,48.36612369681106,0.6394724194069837
895,-76.4,64,0.0,1.0,76.94819107931107,0.6391526831972802
896,-103.89999999999998,89,0.0,1.0,44.143840413163886,0.6388331068556816
897,7.9999999999999805,200,0.0,0.0,53.66320282235742,0.6385136903022538
898,-86.49999999999997,155,0.0,1.0,73.75750572912155,0.6381944334571027
899,17.999999999999787,200,0.0,0.0,76.33865327902139,0.6378753362403742
900,-78.60000000000002,66,0.0,1.0,114.20816777240147,0.637556398572254
901,17.999999999999822,200,0.0,0.0,58.25301563188434,0.6372376203729679
902,21.999999999999865,200,0.0,0.0,60.2783224850148,0.6369190015627815
903,-84.39999999999998,44,0.0,1.0,50.567685613239355,0.6366005420620001
904,17.999999999999908,200,0.0,0.0,54.278972393870355,0.6362822417909691
905,17.99999999999993,200,0.0,0.0,57.0957073996216,0.6359641006700737
906,21.999999999999794,200,0.0,0.0,56.71918069005012,0.6356461186197387
907,16.000000000000007,200,0.0,0.0,76.63226273439824,0.6353282955604289
908,-86.10000000000016,171,0.0,1.0,72.0390409666021,0.6350106314126487
909,-77.60000000000001,56,0.0,1.0,49.20128369065268,0.6346931260969424
910,17.999999999999975,200,0.0,0.0,73.25794752068818,0.634375779533894
911,33.99999999999981,200,0.0,0.0,57.04843055270612,0.6340585916441271
912,6.000000000000011,200,0.0,0.0,51.7544211627543,0.6337415623483051
913,27.999999999999808,200,0.0,0.0,58.32371582038701,0.633424691567131
914,-78.90000000000002,59,0.0,1.0,70.53234670488006,0.6331079792213474
915,-72.10000000000008,111,0.0,1.0,70.37219721360786,0.6327914252317368
916,-83.59999999999997,116,0.0,1.0,46.24547474278972,0.6324750295191209
917,8.000000000000032,200,0.0,0.0,62.9130163051933,0.6321587920043614
918,23.999999999999826,200,0.0,0.0,67.30385283760727,0.6318427126083592
919,25.999999999999815,200,0.0,0.0,44.15979588553309,0.6315267912520551
920,35.99999999999982,200,0.0,0.0,56.59546969108283,0.6312110278564291
921,29.99999999999981,200,0.0,0.0,57.39537212643772,0.630895422342501
922,-77.49999999999999,105,0.0,1.0,54.27501762168748,0.6305799746313298
923,17.999999999999883,200,0.0,0.0,71.8755597949028,0.6302646846440141
924,-71.20000000000005,112,0.0,1.0,47.5637366491636,0.6299495523016921
925,39.9999999999998,200,0.0,0.0,70.50099828116596,0.6296345775255413
926,19.9999999999998,200,0.0,0.0,45.44589404940605,0.6293197602367786
927,-90.89999999999998,139,0.0,1.0,78.04823531960841,0.6290051003566602
928,-100.1,51,0.0,1.0,55.68486300739003,0.628690597806482
929,-68.90000000000005,119,0.0,1.0,59.56617153617514,0.6283762525075788
930,27.99999999999984,200,0.0,0.0,45.263390706293286,0.6280620643813251
931,35.99999999999978,200,0.0,0.0,71.50308557845652,0.6277480333491344
932,-72.20000000000002,142,0.0,1.0,47.20154259962515,0.6274341593324599
933,-83.89999999999999,49,0.0,1.0,64.59572380233784,0.6271204422527937
934,-82.00000000000003,100,0.0,1.0,61.88539910800755,0.6268068820316673
935,-83.6,56,0.0,1.0,63.40787083735423,0.6264934785906515
936,-78.90000000000009,119,0.0,1.0,53.91237819282448,0.6261802318513562
937,-68.40000000000013,184,0.0,1.0,76.13430030068949,0.6258671417354306
938,-73.30000000000005,143,0.0,1.0,59.24814584059315,0.6255542081645629
939,21.999999999999773,200,0.0,0.0,48.18924208208919,0.6252414310604806
940,31.999999999999822,200,0.0,0.0,44.73989032946527,0.6249288103449504
941,-82.69999999999999,57,0.0,1.0,92.65990588539525,0.624616345939778
942,29.99999999999993,200,0.0,0.0,55.913366695456205,0.6243040377668081
943,-91.29999999999998,103,0.0,1.0,83.17171136354938,0.6239918857479247
944,-86.39999999999999,84,0.0,1.0,94.54287276807285,0.6236798898050508
945,18.000000000000004,200,0.0,0.0,54.07722626201809,0.6233680498601484
946,-90.39999999999995,144,0.0,1.0,74.45045726094395,0.6230563658352183
947,-59.40000000000008,94,0.0,1.0,50.44238281567046,0.6227448376523007
948,-91.00000000000007,130,0.0,1.0,81.29526550689569,0.6224334652334746
949,-74.70000000000014,197,0.0,1.0,62.98656132908037,0.622122248500858
950,-65.90000000000015,149,0.0,1.0,69.44832403557812,0.6218111873766076
951,-85.79999999999997,118,0.0,1.0,66.6592757002277,0.6215002817829193
952,-64.20000000000013,142,0.0,1.0,69.24319999748973,0.6211895316420278
953,-72.70000000000012,137,0.0,1.0,55.99360380653482,0.6208789368762069
954,43.99999999999989,200,0.0,0.0,58.855216045305134,0.6205684974077688
955,23.999999999999936,200,0.0,0.0,63.56659019321203,0.6202582131590649
956,-69.10000000000008,161,0.0,1.0,83.48677879784789,0.6199480840524855
957,-75.90000000000008,129,0.0,1.0,64.26013890954182,0.6196381100104592
958,-75.50000000000006,85,0.0,1.0,85.98249088911449,0.619328290955454
959,-89.69999999999999,87,0.0,1.0,62.77798501941665,0.6190186268099763
960,29.999999999999858,200,0.0,0.0,64.99241665691137,0.6187091174965714
961,31.9999999999999,200,0.0,0.0,79.12934435982257,0.6183997629378232
962,21.999999999999837,200,0.0,0.0,70.97469677492977,0.6180905630563543
963,-80.7,57,0.0,1.0,50.218245442368485,0.6177815177748261
964,16.000000000000032,200,0.0,0.0,58.45842488434166,0.6174726270159387
965,11.999999999999769,200,0.0,0.0,61.37389867722988,0.6171638907024308
966,-77.69999999999999,87,0.0,1.0,51.9211432229856,0.6168553087570796
967,-1.9999999999999667,200,0.0,0.0,59.40558751232922,0.6165468811027011
968,25.99999999999994,200,0.0,0.0,60.97481496065855,0.6162386076621498
969,-79.50000000000011,165,0.0,1.0,59.30989780967886,0.6159304883583188
970,-81.60000000000002,76,0.0,1.0,107.05697164988439,0.6156225231141397
971,-95.6,56,0.0,1.0,68.24880495773894,0.6153147118525827
972,25.999999999999932,200,0.0,0.0,62.62770026057959,0.6150070544966564
973,15.999999999999853,200,0.0,0.0,41.83533517707139,0.6146995509694081
974,-84.49999999999996,135,0.0,1.0,69.78067167831792,0.6143922011939235
975,-78.39999999999998,104,0.0,1.0,65.22049463024506,0.6140850050933265
976,27.999999999999837,200,0.0,0.0,50.531145579665896,0.6137779625907799
977,-65.60000000000011,156,0.0,1.0,57.44799099537806,0.6134710736094845
978,15.999999999999998,200,0.0,0.0,62.90792923994363,0.6131643380726798
979,35.99999999999976,200,0.0,0.0,63.925116385109725,0.6128577559036434
980,-88.6,26,0.0,1.0,16.516252287305317,0.6125513270256917
981,-77.80000000000013,158,0.0,1.0,72.43037843746664,0.6122450513621789
982,29.999999999999822,200,0.0,0.0,76.58199959851801,0.6119389288364978
983,33.99999999999978,200,0.0,0.0,87.45457111865282,0.6116329593720796
984,-68.50000000000013,175,0.0,1.0,61.22965217573302,0.6113271428923936
985,23.999999999999787,200,0.0,0.0,64.47279000297189,0.6110214793209475
986,-83.99999999999999,40,0.0,1.0,94.1939108863473,0.6107159685812871
987,31.999999999999808,200,0.0,0.0,57.57636954806745,0.6104106105969964
988,-67.40000000000012,154,0.0,1.0,67.64977381426793,0.610105405291698
989,-86.29999999999998,93,0.0,1.0,46.60248244145224,0.6098003525890522
990,-79.5,45,0.0,1.0,48.774577329887286,0.6094954524127577
991,-75.80000000000004,78,0.0,1.0,41.39663985810983,0.6091907046865513
992,29.999999999999815,200,0.0,0.0,66.78289409410209,0.6088861093342081
993,-56.400000000000176,164,0.0,1.0,67.87194144153376,0.608581666279541
994,25.99999999999987,200,0.0,0.0,63.670774473808706,0.6082773754464013
995,-91.0,70,0.0,1.0,45.00017160507185,0.6079732367586781
996,-85.59999999999997,76,0.0,1.0,67.4980861022088,0.6076692501402988
997,33.99999999999988,200,0.0,0.0,76.47190649569035,0.6073654155152287
998,35.99999999999977,200,0.0,0.0,66.74342188440264,0.6070617328074711
999,27.99999999999984,200,0.0,0.0,59.52766895808279,0.6067582019410674
1000,-60.80000000000011,108,0.0,1.0,62.80855488970324,0.606454822840097
1001,25.99999999999985,200,0.0,0.0,58.50624483704567,0.606151595428677
1002,-92.09999999999998,51,0.0,1.0,52.494096133200564,0.6058485196309628
1003,-69.0000000000002,190,0.0,1.0,60.99848316190274,0.6055455953711473
1004,-80.69999999999999,57,0.0,1.0,53.309717641195704,0.6052428225734617
1005,-64.00000000000007,100,0.0,1.0,82.86697364330291,0.6049402011621751
1006,-69.70000000000005,107,0.0,1.0,52.360217503576635,0.604637731061594
1007,31.999999999999865,200,0.0,0.0,87.0799948501587,0.6043354121960632
1008,23.999999999999865,200,0.0,0.0,83.79857004966587,0.6040332444899652
1009,-88.79999999999998,28,0.0,1.0,71.1257444907512,0.6037312278677203
1010,27.999999999999886,200,0.0,0.0,61.80862692598254,0.6034293622537864
1011,23.999999999999837,200,0.0,0.0,58.117531449124215,0.6031276475726596
1012,-83.89999999999999,69,0.0,1.0,56.76064579221217,0.6028260837488733
1013,-77.80000000000001,58,0.0,1.0,56.41074502827792,0.6025246707069989
1014,27.9999999999998,200,0.0,0.0,53.799279177859425,0.6022234083716455
1015,27.999999999999794,200,0.0,0.0,50.100386893898246,0.6019222966674597
1016,-83.09999999999998,101,0.0,1.0,37.50517690181732,0.601621335519126
1017,-80.9,119,0.0,1.0,74.73007597217038,0.6013205248513664
1018,-87.19999999999999,52,0.0,1.0,26.24031940016609,0.6010198645889407
1019,31.999999999999943,200,0.0,0.0,83.02130147382617,0.6007193546566463
1020,-66.50000000000006,115,0.0,1.0,80.27358266244764,0.6004189949793179
1021,31.99999999999983,200,0.0,0.0,53.67522984649986,0.6001187854818283
1022,-71.50000000000003,105,0.0,1.0,83.65947510784581,0.5998187260890874
1023,43.99999999999984,200,0.0,0.0,60.37323957871646,0.5995188167260429
1024,23.999999999999957,200,0.0,0.0,59.34381637301296,0.5992190573176799
1025,-74.90000000000016,179,0.0,1.0,42.96634116440013,0.5989194477890211
1026,-94.59999999999998,66,0.0,1.0,70.37416345874469,0.5986199880651266
1027,33.999999999999865,200,0.0,0.0,65.41504173774273,0.5983206780710941
1028,17.999999999999886,200,0.0,0.0,58.26706463627517,0.5980215177320586
1029,-95.00000000000011,190,0.0,1.0,69.72172311356194,0.5977225069731926
1030,25.999999999999783,200,0.0,0.0,57.956406222991646,0.5974236457197061
1031,55.99999999999985,200,0.0,0.0,49.60148755773902,0.5971249338968463
1032,-77.00000000000001,110,0.0,1.0,41.76312537802891,0.5968263714298979
1033,23.99999999999985,200,0.0,0.0,71.33945511423052,0.596527958244183
1034,-80.1,51,0.0,1.0,92.335169466395,0.596229694265061
1035,19.999999999999808,200,0.0,0.0,46.16131139677018,0.5959315794179285
1036,41.999999999999815,200,0.0,0.0,79.96449870340525,0.5956336136282195
1037,19.9999999999998,200,0.0,0.0,57.08062626689672,0.5953357968214055
1038,33.99999999999978,200,0.0,0.0,61.81561711527407,0.5950381289229948
1039,-93.09999999999998,81,0.0,1.0,71.94709332121744,0.5947406098585333
1040,33.999999999999794,200,0.0,0.0,54.275220179073514,0.594443239553604
1041,21.999999999999897,200,0.0,0.0,62.08364430572838,0.5941460179338273
1042,25.999999999999773,200,0.0,0.0,70.44598173048347,0.5938489449248604
1043,-56.900000000000084,119,0.0,1.0,66.55275090477046,0.593552020452398
1044,-83.00000000000004,110,0.0,1.0,69.60000747509979,0.5932552444421718
1045,23.99999999999986,200,0.0,0.0,52.548579777181146,0.5929586168199508
1046,-65.90000000000006,89,0.0,1.0,68.7373715259051,0.5926621375115408
1047,-84.6,46,0.0,1.0,52.17961222370682,0.5923658064427851
1048,-57.00000000000015,190,0.0,1.0,68.99785104691982,0.5920696235395638
1049,15.999999999999961,200,0.0,0.0,57.451644621677694,0.5917735887277941
1050,-90.3,33,0.0,1.0,82.08334038609809,0.5914777019334302
1051,53.99999999999978,200,0.0,0.0,81.02065839219838,0.5911819630824635
1052,-87.69999999999999,107,0.0,1.0,53.55908746676189,0.5908863721009223
1053,-97.69999999999999,67,0.0,1.0,79.80274257575398,0.5905909289148719
1054,-66.50000000000009,155,0.0,1.0,76.05608689506208,0.5902956334504145
1055,-81.50000000000003,105,0.0,1.0,53.064785614751635,0.5900004856336893
1056,-86.19999999999997,82,0.0,1.0,62.330249066123876,0.5897054853908725
1057,-61.80000000000009,138,0.0,1.0,65.58092642283958,0.5894106326481772
1058,8.00000000000002,200,0.0,0.0,53.87878298837691,0.5891159273318531
1059,-87.89999999999998,89,0.0,1.0,96.70471976772788,0.5888213693681873
1060,33.99999999999987,200,0.0,0.0,49.288949656113985,0.5885269586835032
1061,-75.4,54,0.0,1.0,54.99492459219915,0.5882326952041615
1062,-70.50000000000013,135,0.0,1.0,48.12715974902665,0.5879385788565595
1063,-79.50000000000001,105,0.0,1.0,73.38268623472679,0.5876446095671313
1064,-77.00000000000017,190,0.0,1.0,72.06485136621876,0.5873507872623477
1065,29.99999999999992,200,0.0,0.0,49.96667632766068,0.5870571118687166
1066,-69.80000000000015,158,0.0,1.0,63.35422061746822,0.5867635833127822
1067,-65.90000000000009,149,0.0,1.0,67.97354054525995,0.5864702015211258
1068,-105.89999999999999,9,0.0,1.0,51.75613620214992,0.5861769664203653
1069,-85.00000000000003,130,0.0,1.0,63.34679618558059,0.5858838779371551
1070,21.999999999999858,200,0.0,0.0,86.04381640225648,0.5855909359981866
1071,61.99999999999977,200,0.0,0.0,61.280833867564795,0.5852981405301875
1072,-78.80000000000003,108,0.0,1.0,55.87668326786823,0.5850054914599224
1073,20.000000000000025,200,0.0,0.0,68.0212568102032,0.5847129887141925
1074,35.99999999999981,200,0.0,0.0,37.66831321291625,0.5844206322198354
1075,13.999999999999828,200,0.0,0.0,54.88508372187614,0.5841284219037255
1076,-85.79999999999998,38,0.0,1.0,41.024817024014496,0.5838363576927736
1077,-77.90000000000002,109,0.0,1.0,47.45912684759963,0.5835444395139273
1078,-61.20000000000011,132,0.0,1.0,77.16402925562227,0.5832526672941704
1079,33.999999999999844,200,0.0,0.0,64.53360478140414,0.5829610409605233
1080,-80.7,57,0.0,1.0,67.4610894876614,0.582669560440043
1081,-69.90000000000003,69,0.0,1.0,80.51667630326921,0.582378225659823
1082,27.999999999999893,200,0.0,0.0,62.10295247450471,0.5820870365469931
1083,41.999999999999815,200,0.0,0.0,77.66396636970342,0.5817959930287196
1084,-59.70000000000019,187,0.0,1.0,63.748275644001474,0.5815050950322053
1085,-71.30000000000007,103,0.0,1.0,67.3671688510521,0.5812143424846892
1086,-73.00000000000004,70,0.0,1.0,59.49058048448392,0.5809237353134469
1087,23.999999999999794,200,0.0,0.0,60.68336856331676,0.5806332734457902
1088,-73.70000000000009,127,0.0,1.0,58.69604743934992,0.5803429568090673
1089,-85.79999999999998,38,0.0,1.0,49.91677239341171,0.5800527853306628
1090,33.99999999999979,200,0.0,0.0,76.17226870439947,0.5797627589379976
1091,-82.20000000000013,162,0.0,1.0,57.85735950467211,0.5794728775585286
1092,-85.1,41,0.0,1.0,45.73615565550764,0.5791831411197493
1093,-84.89999999999998,99,0.0,1.0,48.39514891366766,0.5788935495491895
1094,25.999999999999915,200,0.0,0.0,45.65993991684169,0.5786041027744149
1095,-84.79999999999997,88,0.0,1.0,59.86902086504481,0.5783148007230277
1096,21.999999999999872,200,0.0,0.0,49.220028995350006,0.5780256433226661
1097,15.999999999999883,200,0.0,0.0,87.16992855694144,0.5777366305010049
1098,29.999999999999858,200,0.0,0.0,52.39475624781102,0.5774477621857544
1099,25.999999999999854,200,0.0,0.0,72.2480813889578,0.5771590383046616
1100,-42.600000000000136,186,0.0,1.0,51.85674088360161,0.5768704587855094
1101,-84.79999999999998,48,0.0,1.0,44.293184794175126,0.5765820235561167
1102,-81.89999999999999,49,0.0,1.0,43.39036815309403,0.5762937325443386
1103,-98.19999999999999,22,0.0,1.0,53.85808754576878,0.5760055856780665
1104,-83.89999999999998,89,0.0,1.0,43.40744995451375,0.5757175828852275
1105,-81.2000000000001,132,0.0,1.0,66.68168039856987,0.5754297240937849
1106,15.999999999999806,200,0.0,0.0,63.529277620054785,0.5751420092317381
1107,-81.20000000000002,72,0.0,1.0,75.9745259017994,0.5748544382271222
1108,25.999999999999794,200,0.0,0.0,64.54848823718727,0.5745670110080087
1109,-65.50000000000007,125,0.0,1.0,67.07711621153355,0.5742797275025047
1110,21.999999999999982,200,0.0,0.0,82.21034384921194,0.5739925876387535
1111,57.99999999999978,200,0.0,0.0,37.75458048958331,0.5737055913449342
1112,59.9999999999998,200,0.0,0.0,68.7980182249099,0.5734187385492617
1113,-50.20000000000015,182,0.0,1.0,70.03568037619794,0.5731320291799872
1114,29.99999999999995,200,0.0,0.0,62.78682067561895,0.5728454631653972
1115,31.999999999999886,200,0.0,0.0,45.978489189632235,0.5725590404338146
1116,-67.90000000000012,129,0.0,1.0,62.64424199310615,0.5722727609135977
1117,-62.400000000000055,84,0.0,1.0,46.346391022072304,0.571986624533141
1118,41.99999999999982,200,0.0,0.0,72.44984303876758,0.5717006312208744
1119,8.000000000000036,200,0.0,0.0,73.12793502576649,0.571414780905264
1120,-61.70000000000005,107,0.0,1.0,61.77728913459823,0.5711290735148113
1121,41.99999999999982,200,0.0,0.0,56.653316830843686,0.570843508978054
1122,35.99999999999979,200,0.0,0.0,60.227067811638115,0.570558087223565
1123,29.9999999999998,200,0.0,0.0,54.43428207270801,0.5702728081799533
1124,-76.70000000000003,77,0.0,1.0,73.7195237598249,0.5699876717758634
1125,47.999999999999865,200,0.0,0.0,52.04145705848932,0.5697026779399755
1126,-48.60000000000011,146,0.0,1.0,62.96910071263268,0.5694178266010056
1127,-45.80000000000017,198,0.0,1.0,57.869474514679176,0.5691331176877051
1128,49.99999999999978,200,0.0,0.0,82.95485243123025,0.5688485511288613
1129,39.99999999999979,200,0.0,0.0,58.49215254429728,0.5685641268532969
1130,47.99999999999984,200,0.0,0.0,63.16757750935852,0.5682798447898704
1131,-78.0,80,0.0,1.0,62.03602419886738,0.5679957048674754
1132,-48.300000000000104,133,0.0,1.0,58.020410544722154,0.5677117070150417
1133,51.9999999999998,200,0.0,0.0,49.0441498144716,0.5674278511615342
1134,-66.9000000000001,119,0.0,1.0,60.55822157421533,0.5671441372359535
1135,-83.79999999999998,58,0.0,1.0,47.410978494404716,0.5668605651673355
1136,-46.30000000000012,193,0.0,1.0,55.746487370040754,0.5665771348847519
1137,53.999999999999794,200,0.0,0.0,64.63359228331596,0.5662938463173096
1138,-82.29999999999998,93,0.0,1.0,48.11005082894717,0.5660106993941509
1139,-97.99999999999999,100,0.0,1.0,62.56176090471447,0.5657276940444539
1140,-72.00000000000003,140,0.0,1.0,73.88538073769638,0.5654448301974317
1141,69.99999999999997,200,0.0,0.0,48.97454881820828,0.5651621077823331
1142,49.99999999999987,200,0.0,0.0,48.87442921113223,0.564879526728442
1143,25.999999999999808,200,0.0,0.0,64.9341116411984,0.5645970869650778
1144,53.999999999999815,200,0.0,0.0,42.77208177287132,0.5643147884215953
1145,51.99999999999981,200,0.0,0.0,62.97245454646647,0.5640326310273845
1146,-50.90000000000019,199,0.0,1.0,73.26334925624893,0.5637506147118709
1147,-58.500000000000135,155,0.0,1.0,41.37067737329391,0.563468739404515
1148,-88.79999999999998,148,0.0,1.0,56.260148638507,0.5631870050348128
1149,-52.700000000000074,137,0.0,1.0,59.73595936150446,0.5629054115322955
1150,-74.00000000000003,160,0.0,1.0,55.284867726452646,0.5626239588265294
1151,-77.00000000000004,110,0.0,1.0,50.49451222040437,0.5623426468471161
1152,57.99999999999982,200,0.0,0.0,47.77956465300173,0.5620614755236926
1153,31.999999999999982,200,0.0,0.0,57.03713479857892,0.5617804447859307
1154,-95.1,81,0.0,1.0,41.532665906588974,0.5614995545635377
1155,49.999999999999766,200,0.0,0.0,51.150872535780074,0.561218804786256
1156,72.00000000000003,200,0.0,0.0,57.907187709771094,0.5609381953838629
1157,63.99999999999983,200,0.0,0.0,41.05030861623585,0.560657726286171
1158,-78.3,53,0.0,1.0,94.97542467375972,0.560377397423028
1159,-73.80000000000004,138,0.0,1.0,49.946718380503036,0.5600972087243165
1160,59.99999999999982,200,0.0,0.0,47.29275325074792,0.5598171601199543
1161,57.99999999999994,200,0.0,0.0,55.405781506598,0.5595372515398943
1162,-73.80000000000001,58,0.0,1.0,57.94860523528066,0.5592574829141244
1163,53.99999999999981,200,0.0,0.0,50.9466461160779,0.5589778541726673
1164,49.999999999999844,200,0.0,0.0,58.89945175793022,0.558698365245581
1165,-69.40000000000005,134,0.0,1.0,48.65687308549436,0.5584190160629583
1166,33.999999999999865,200,0.0,0.0,73.30285125620664,0.5581398065549269
1167,63.999999999999844,200,0.0,0.0,61.81640060283244,0.5578607366516495
1168,45.99999999999987,200,0.0,0.0,63.48863993760198,0.5575818062833237
1169,63.99999999999978,200,0.0,0.0,47.77843370109797,0.557303015380182
1170,51.99999999999983,200,0.0,0.0,47.17991778735072,0.557024363872492
1171,-71.80000000000004,98,0.0,1.0,54.34862584438251,0.5567458516905558
1172,-75.50000000000003,85,0.0,1.0,39.25692130616483,0.5564674787647106
1173,-58.00000000000005,100,0.0,1.0,55.020137865394354,0.5561892450253283
1174,-107.69999999999999,7,0.0,1.0,2.0219443355287825,0.5559111504028157
1175,47.99999999999984,200,0.0,0.0,61.978572481200096,0.5556331948276143
1176,60.00000000000003,200,0.0,0.0,56.33878638725728,0.5553553782302005
1177,-51.700000000000124,147,0.0,1.0,54.88553466835395,0.5550777005410855
1178,-76.50000000000003,55,0.0,1.0,29.60993456542492,0.554800161690815
1179,51.99999999999982,200,0.0,0.0,57.911877608820795,0.5545227616099696
1180,-85.99999999999999,60,0.0,1.0,54.23151811013619,0.5542455002291646
1181,49.99999999999986,200,0.0,0.0,66.09468520574272,0.55396837747905
1182,-78.59999999999998,86,0.0,1.0,63.20182598208965,0.5536913932903106
1183,-50.00000000000013,140,0.0,1.0,36.63812771726932,0.5534145475936655
1184,39.999999999999865,200,0.0,0.0,47.21646816726774,0.5531378403198687
1185,47.9999999999998,200,0.0,0.0,63.93277457602322,0.5528612713997088
1186,37.99999999999988,200,0.0,0.0,55.26989485539496,0.5525848407640089
1187,-55.80000000000008,138,0.0,1.0,42.16625429598102,0.552308548343627
1188,41.99999999999982,200,0.0,0.0,31.451217294000088,0.5520323940694551
1189,53.99999999999978,200,0.0,0.0,57.360455532036724,0.5517563778724205
1190,47.99999999999977,200,0.0,0.0,55.48030562497675,0.5514804996834843
1191,-44.90000000000022,199,0.0,1.0,55.63856973248211,0.5512047594336427
1192,-75.90000000000003,69,0.0,1.0,31.05503928186237,0.5509291570539259
1193,68.0000000000001,200,0.0,0.0,61.78527034766972,0.550653692475399
1194,-54.100000000000065,111,0.0,1.0,53.507769384698285,0.5503783656291613
1195,-37.30000000000014,143,0.0,1.0,34.05350123429215,0.5501031764463468
1196,61.99999999999979,200,0.0,0.0,39.339550074115394,0.5498281248581236
1197,63.99999999999992,200,0.0,0.0,46.55188078496605,0.5495532107956945
1198,-75.50000000000001,45,0.0,1.0,36.177544221282005,0.5492784341902968
1199,45.99999999999985,200,0.0,0.0,51.685187574476004,0.5490037949732016
1200,-86.79999999999998,68,0.0,1.0,59.25325493580278,0.548729293075715
1201,67.99999999999997,200,0.0,0.0,51.47648695025593,0.5484549284291772
1202,-44.50000000000012,135,0.0,1.0,55.998004991975094,0.5481807009649626
1203,-60.10000000000006,91,0.0,1.0,45.28437170058816,0.5479066106144802
1204,-66.50000000000006,115,0.0,1.0,34.379622153095575,0.547632657309173
1205,-68.30000000000004,153,0.0,1.0,61.526249094434036,0.5473588409805185
1206,67.99999999999989,200,0.0,0.0,50.59769531331956,0.5470851615600282
1207,55.99999999999981,200,0.0,0.0,43.89726000785828,0.5468116189792482
1208,65.9999999999999,200,0.0,0.0,42.881282970830796,0.5465382131697586
1209,-95.39999999999999,54,0.0,1.0,49.38699521041579,0.5462649440631737
1210,-65.60000000000005,96,0.0,1.0,42.541057931492105,0.5459918115911422
1211,59.999999999999766,200,0.0,0.0,38.17656930863857,0.5457188156853466
1212,-49.8000000000001,118,0.0,1.0,51.20362709753089,0.545445956277504
1213,-68.40000000000002,64,0.0,1.0,33.71674993576016,0.5451732332993653
1214,-38.00000000000018,160,0.0,1.0,41.35096910558641,0.5449006466827157
1215,-50.00000000000015,180,0.0,1.0,60.8270195905947,0.5446281963593743
1216,-73.10000000000001,41,0.0,1.0,28.90893320557548,0.5443558822611947
1217,61.999999999999815,200,0.0,0.0,42.881769897788764,0.5440837043200641
1218,-66.80000000000008,108,0.0,1.0,50.50209842153169,0.5438116624679041
1219,-85.99999999999999,40,0.0,1.0,50.45751998610795,0.5435397566366702
1220,55.999999999999794,200,0.0,0.0,50.68674963083118,0.5432679867583519
1221,51.999999999999766,200,0.0,0.0,61.04813222536817,0.5429963527649727
1222,-69.60000000000001,76,0.0,1.0,47.54549772880579,0.5427248545885902
1223,63.9999999999999,200,0.0,0.0,60.87571383796632,0.5424534921612959
1224,55.99999999999982,200,0.0,0.0,59.592170559726654,0.5421822654152153
1225,63.99999999999978,200,0.0,0.0,30.13838230073452,0.5419111742825077
1226,41.99999999999986,200,0.0,0.0,48.295565165169535,0.5416402186953665
1227,-95.19999999999999,32,0.0,1.0,49.11254061688669,0.5413693985860188
1228,-44.200000000000124,122,0.0,1.0,57.015312441792645,0.5410987138867258
1229,59.99999999999992,200,0.0,0.0,38.53821737825871,0.5408281645297824
1230,-64.30000000000007,113,0.0,1.0,41.8787322596243,0.5405577504475175
1231,55.999999999999844,200,0.0,0.0,52.77451830044389,0.5402874715722938
1232,53.99999999999979,200,0.0,0.0,36.00807649351656,0.5400173278365077
1233,-74.20000000000002,62,0.0,1.0,50.494719382976335,0.5397473191725894
1234,-48.200000000000145,182,0.0,1.0,27.08646709156724,0.5394774455130031
1235,59.99999999999981,200,0.0,0.0,48.89902243349701,0.5392077067902467
1236,55.99999999999978,200,0.0,0.0,57.51260782498866,0.5389381029368515
1237,-52.70000000000011,157,0.0,1.0,56.60535102816904,0.5386686338853831
1238,-73.70000000000002,87,0.0,1.0,69.35005687999315,0.5383992995684405
1239,-42.40000000000014,144,0.0,1.0,42.01596058760252,0.5381300999186562
1240,-55.500000000000085,105,0.0,1.0,60.68777860062463,0.537861034868697
1241,55.99999999999983,200,0.0,0.0,36.49852248057723,0.5375921043512626
1242,-101.19999999999999,12,0.0,1.0,34.34670179337263,0.537323308299087
1243,49.99999999999986,200,0.0,0.0,51.886446229368445,0.5370546466449375
1244,55.999999999999766,200,0.0,0.0,40.77866892136633,0.5367861193216151
1245,-97.1,21,0.0,1.0,64.81896941221896,0.5365177262619544
1246,-56.0000000000001,120,0.0,1.0,53.99158186701437,0.5362494673988234
1247,-96.19999999999999,22,0.0,1.0,66.76160115816377,0.535981342665124
1248,-31.600000000000037,196,0.0,1.0,47.6955921647462,0.5357133519937914
1249,-40.40000000000012,164,0.0,1.0,51.58655011344974,0.5354454953177946
1250,67.99999999999987,200,0.0,0.0,66.10605512693525,0.5351777725701358
1251,53.99999999999984,200,0.0,0.0,51.35845379151404,0.5349101836838507
1252,47.99999999999978,200,0.0,0.0,52.3308576278761,0.5346427285920088
1253,55.9999999999998,200,0.0,0.0,47.64017514783889,0.5343754072277128
1254,-87.79999999999998,38,0.0,1.0,53.313368019892984,0.534108219524099
1255,55.999999999999844,200,0.0,0.0,41.02672646671534,0.533841165414337
1256,-73.00000000000003,70,0.0,1.0,29.636377786312785,0.5335742448316299
1257,-76.40000000000005,84,0.0,1.0,42.49566752197487,0.5333074577092141
1258,-92.1,51,0.0,1.0,66.61067936700933,0.5330408039803595
1259,-90.1,51,0.0,1.0,50.33251404674614,0.5327742835783693
1260,-50.10000000000016,151,0.0,1.0,33.411427881149265,0.5325078964365801
1261,51.9999999999998,200,0.0,0.0,46.912673419229684,0.5322416424883619
1262,49.9999999999998,200,0.0,0.0,68.03632009346038,0.5319755216671178
1263,65.99999999999987,200,0.0,0.0,48.82712283939123,0.5317095339062843
1264,-54.600000000000044,106,0.0,1.0,44.839748893073704,0.5314436791393312
1265,59.999999999999794,200,0.0,0.0,62.63765651375056,0.5311779572997616
1266,70.00000000000021,200,0.0,0.0,58.66549442090094,0.5309123683211118
1267,49.999999999999794,200,0.0,0.0,68.24055146437138,0.5306469121369513
1268,51.9999999999998,200,0.0,0.0,45.7612181494385,0.5303815886808828
1269,51.999999999999844,200,0.0,0.0,46.08351238578558,0.5301163978865424
1270,57.99999999999979,200,0.0,0.0,48.76229724247008,0.5298513396875991
1271,61.99999999999981,200,0.0,0.0,49.75788592524827,0.5295864140177553
1272,55.999999999999766,200,0.0,0.0,63.136391196846965,0.5293216208107464
1273,-90.39999999999999,64,0.0,1.0,54.91399817005731,0.5290569600003411
1274,-37.800000000000196,198,0.0,1.0,47.44617887751924,0.5287924315203409
1275,49.99999999999986,200,0.0,0.0,58.41559053543955,0.5285280353045808
1276,-56.700000000000095,117,0.0,1.0,45.823970762582924,0.5282637712869286
1277,61.99999999999982,200,0.0,0.0,49.30825198687613,0.5279996394012851
1278,-81.79999999999998,38,0.0,1.0,41.58428566236245,0.5277356395815845
1279,-69.50000000000004,65,0.0,1.0,73.5886097587072,0.5274717717617938
1280,57.999999999999794,200,0.0,0.0,56.998547712564466,0.5272080358759129
1281,59.99999999999979,200,0.0,0.0,55.68600901663304,0.526944431857975
1282,63.999999999999986,200,0.0,0.0,46.19014057740569,0.5266809596420461
1283,59.99999999999985,200,0.0,0.0,58.85989699319005,0.5264176191622251
1284,41.999999999999886,200,0.0,0.0,51.30940808918327,0.526154410352644
1285,63.999999999999844,200,0.0,0.0,43.419818328544494,0.5258913331474677
1286,-62.70000000000004,57,0.0,1.0,40.14960111808359,0.525628387480894
1287,-64.50000000000004,95,0.0,1.0,49.94074522417627,0.5253655732871536
1288,-40.10000000000017,191,0.0,1.0,48.9361118975032,0.5251028905005101
1289,-52.500000000000064,135,0.0,1.0,64.55804510193842,0.5248403390552598
1290,-84.79999999999998,88,0.0,1.0,41.46050682824782,0.5245779188857322
1291,57.999999999999794,200,0.0,0.0,61.39258400272578,0.5243156299262894
1292,70.00000000000023,200,0.0,0.0,50.637756940945984,0.5240534721113264
1293,-86.19999999999999,42,0.0,1.0,54.315488725191074,0.5237914453752707
1294,-68.60000000000005,106,0.0,1.0,64.1229332096453,0.523529549652583
1295,49.99999999999979,200,0.0,0.0,58.186565094217656,0.5232677848777567
1296,-63.70000000000004,87,0.0,1.0,36.283510555823646,0.5230061509853179
1297,61.99999999999979,200,0.0,0.0,53.369598909281194,0.5227446479098252
1298,-49.90000000000015,169,0.0,1.0,61.90841260433373,0.5224832755858704
1299,-64.20000000000003,82,0.0,1.0,28.955957469325966,0.5222220339480774
1300,-51.60000000000011,176,0.0,1.0,50.23776162356477,0.5219609229311034
1301,57.99999999999992,200,0.0,0.0,54.810192260220646,0.5216999424696379
1302,45.99999999999978,200,0.0,0.0,43.9973549965024,0.5214390924984031
1303,-45.60000000000017,196,0.0,1.0,50.68079045034793,0.521178372952154
1304,-71.00000000000017,170,0.0,1.0,47.77410708998933,0.5209177837656779
1305,70.00000000000034,200,0.0,0.0,65.63433209426701,0.520657324873795
1306,-42.00000000000012,140,0.0,1.0,67.3137070102351,0.5203969962113582
1307,41.99999999999983,200,0.0,0.0,55.850328781977296,0.5201367977132525
1308,-39.50000000000015,145,0.0,1.0,51.00466617859643,0.5198767293143959
1309,-52.70000000000016,157,0.0,1.0,51.22254022604721,0.5196167909497387
1310,61.999999999999844,200,0.0,0.0,59.788195437341926,0.5193569825542639
1311,53.99999999999984,200,0.0,0.0,68.93402009937913,0.5190973040629868
1312,-66.40000000000005,84,0.0,1.0,54.08040236167255,0.5188377554109553
1313,-76.6,86,0.0,1.0,53.39051429936013,0.5185783365332499
1314,57.999999999999794,200,0.0,0.0,63.27418965961784,0.5183190473649834
1315,-78.1,51,0.0,1.0,52.59612404043768,0.5180598878413009
1316,51.99999999999977,200,0.0,0.0,45.050387343391776,0.5178008578973803
1317,61.99999999999978,200,0.0,0.0,49.236319866627454,0.5175419574684316
1318,-72.90000000000005,59,0.0,1.0,40.428051222431456,0.5172831864896974
1319,-82.99999999999999,50,0.0,1.0,48.169203213453294,0.5170245448964526
1320,-67.00000000000003,110,0.0,1.0,67.00782801366665,0.5167660326240043
1321,53.99999999999978,200,0.0,0.0,74.6513178139925,0.5165076496076924
1322,68.00000000000023,200,0.0,0.0,42.93240426622331,0.5162493957828885
1323,-52.000000000000085,100,0.0,1.0,59.31699309200049,0.5159912710849971
1324,55.999999999999815,200,0.0,0.0,46.69673002593219,0.5157332754494546
1325,-51.100000000000165,161,0.0,1.0,38.77095261780742,0.5154754088117299
1326,61.999999999999794,200,0.0,0.0,53.31314483199269,0.5152176711073241
1327,47.99999999999979,200,0.0,0.0,54.08296648915857,0.5149600622717705
1328,-77.30000000000001,63,0.0,1.0,58.81518201116059,0.5147025822406346
1329,47.99999999999976,200,0.0,0.0,58.78473741568625,0.5144452309495143
1330,-86.89999999999998,59,0.0,1.0,34.23983718341185,0.5141880083340395
1331,53.99999999999981,200,0.0,0.0,49.109999157488346,0.5139309143298726
1332,-58.60000000000007,106,0.0,1.0,56.95423615091252,0.5136739488727077
1333,-54.80000000000007,108,0.0,1.0,58.95138440626087,0.5134171118982713
1334,-54.70000000000008,117,0.0,1.0,29.84148377027267,0.5131604033423223
1335,-43.60000000000006,116,0.0,1.0,36.40526252008718,0.5129038231406511
1336,63.99999999999985,200,0.0,0.0,56.64287353631109,0.5126473712290808
1337,-50.70000000000008,117,0.0,1.0,55.265859464549614,0.5123910475434663
1338,-51.80000000000006,138,0.0,1.0,63.45006218466206,0.5121348520196947
1339,63.99999999999977,200,0.0,0.0,51.81013491474092,0.5118787845936849
1340,55.99999999999985,200,0.0,0.0,55.326308631114664,0.511622845201388
1341,53.9999999999998,200,0.0,0.0,47.713093609921636,0.5113670337787873
1342,-57.200000000000124,132,0.0,1.0,54.50481019423089,0.511111350261898
1343,51.999999999999794,200,0.0,0.0,59.01691071465611,0.5108557945867671
1344,45.999999999999766,200,0.0,0.0,48.78424790456891,0.5106003666894737
1345,57.999999999999794,200,0.0,0.0,48.61693581007421,0.510345066506129
1346,72.0000000000001,200,0.0,0.0,53.95641983024776,0.510089893972876
1347,67.99999999999989,200,0.0,0.0,61.37919188894332,0.5098348490258896
1348,65.99999999999983,200,0.0,0.0,43.40771334711462,0.5095799316013767
1349,59.99999999999977,200,0.0,0.0,55.64709937341511,0.5093251416355761
1350,-77.30000000000004,63,0.0,1.0,48.667697130451124,0.5090704790647583
1351,63.999999999999964,200,0.0,0.0,43.84650894474238,0.508815943825226
1352,-57.50000000000005,85,0.0,1.0,20.35211961208021,0.5085615358533134
1353,-59.600000000000044,76,0.0,1.0,71.7341235306506,0.5083072550853868
1354,59.99999999999981,200,0.0,0.0,50.65573092464358,0.5080531014578441
1355,64.00000000000004,200,0.0,0.0,40.633733026720584,0.5077990749071152
1356,59.999999999999766,200,0.0,0.0,48.38271383933723,0.5075451753696616
1357,49.999999999999815,200,0.0,0.0,61.96802969869226,0.5072914027819768
1358,-63.100000000000044,101,0.0,1.0,77.49290394045339,0.5070377570805858
1359,-54.80000000000006,88,0.0,1.0,61.13322533954951,0.5067842382020455
1360,43.99999999999978,200,0.0,0.0,38.317646695375444,0.5065308460829445
1361,-54.300000000000146,173,0.0,1.0,54.076927514090016,0.506277580659903
1362,-88.99999999999999,30,0.0,1.0,47.32775835196177,0.5060244418695731
1363,53.99999999999976,200,0.0,0.0,47.206142281666395,0.5057714296486383
1364,61.99999999999994,200,0.0,0.0,58.888232118338344,0.505518543933814
1365,45.99999999999977,200,0.0,0.0,62.065474817678336,0.5052657846618471
1366,63.99999999999984,200,0.0,0.0,45.16158329330385,0.5050131517695162
1367,49.99999999999983,200,0.0,0.0,48.526084157936275,0.5047606451936315
1368,-90.49999999999999,15,0.0,1.0,45.34443453749021,0.5045082648710347
1369,-87.49999999999999,25,0.0,1.0,31.491650168299675,0.5042560107385993
1370,-86.79999999999998,28,0.0,1.0,47.43125373816916,0.50400388273323
1371,-59.60000000000006,116,0.0,1.0,53.80022588263041,0.5037518807918635
1372,-31.399999999999878,174,0.0,1.0,68.39676656454117,0.5035000048514676
1373,-100.8,28,0.0,1.0,6.318328947893211,0.5032482548490419
1374,35.9999999999999,200,0.0,0.0,46.40988271050155,0.5029966307216174
1375,68.0000000000002,200,0.0,0.0,69.35971294261515,0.5027451324062566
1376,-77.90000000000003,69,0.0,1.0,46.777828258232795,0.5024937598400535
1377,55.99999999999989,200,0.0,0.0,65.86431822024286,0.5022425129601336
1378,-62.300000000000075,93,0.0,1.0,46.19113437134412,0.5019913917036535
1379,55.99999999999978,200,0.0,0.0,53.376585082523526,0.5017403960078016
1380,-42.90000000000009,119,0.0,1.0,57.69234557218161,0.5014895258097978
1381,-84.89999999999999,39,0.0,1.0,64.19716766782297,0.5012387810468929
1382,-82.89999999999999,39,0.0,1.0,73.3856789832696,0.5009881616563695
1383,-45.400000000000134,134,0.0,1.0,51.63193682992636,0.5007376675755414
1384,51.9999999999998,200,0.0,0.0,65.48636323012411,0.5004872987417537
1385,-35.600000000000186,176,0.0,1.0,58.95375815812837,0.5002370550923828
1386,-86.1,31,0.0,1.0,88.2902338980667,0.49998693656483667
1387,70.0,200,0.0,0.0,77.5872213038057,0.49973694309655425
1388,-78.60000000000001,66,0.0,1.0,61.675928106136396,0.499487074625006
1389,43.999999999999794,200,0.0,0.0,46.643097074106336,0.4992373310876935
1390,47.99999999999975,200,0.0,0.0,39.110596066974104,0.49898771242214973
1391,59.99999999999977,200,0.0,0.0,65.52348069455475,0.4987382185659387
1392,-70.60000000000002,66,0.0,1.0,36.94139261430863,0.4984888494566558
1393,-82.49999999999999,55,0.0,1.0,39.94417099004442,0.4982396050319275
1394,63.99999999999981,200,0.0,0.0,39.28868288576603,0.49799048522941153
1395,-90.19999999999999,22,0.0,1.0,108.24056753820993,0.49774148998679685
1396,53.9999999999998,200,0.0,0.0,58.451979232467714,0.4974926192418035
1397,-88.79999999999998,28,0.0,1.0,28.34421229256051,0.49724387293218264
1398,-59.700000000000074,87,0.0,1.0,86.4069478337107,0.49699525099571656
1399,-46.400000000000176,164,0.0,1.0,45.67326645407735,0.49674675337021873
1400,55.999999999999815,200,0.0,0.0,46.23416585452855,0.49649837999353363
1401,65.99999999999997,200,0.0,0.0,72.25083982482552,0.4962501308035369
1402,61.99999999999983,200,0.0,0.0,58.156596920639274,0.4960020057381352
1403,-59.39999999999989,174,0.0,1.0,61.42440039792965,0.49575400473526615
1404,-78.30000000000001,33,0.0,1.0,48.143664461645216,0.49550612773289854
1405,61.99999999999981,200,0.0,0.0,56.932855341434475,0.4952583746690321
1406,49.99999999999984,200,0.0,0.0,47.19500452965498,0.4950107454816976
1407,-69.80000000000003,78,0.0,1.0,64.64596271113707,0.4947632401089568
1408,63.99999999999987,200,0.0,0.0,48.22207675091922,0.49451585848890234
1409,-67.10000000000004,81,0.0,1.0,57.36608588879491,0.49426860055965793
1410,-65.10000000000007,101,0.0,1.0,54.20556298827771,0.49402146625937815
1411,59.999999999999766,200,0.0,0.0,41.400990109853446,0.4937744555262485
1412,65.99999999999986,200,0.0,0.0,64.05289366040378,0.4935275682984854
1413,-45.40000000000015,174,0.0,1.0,28.835901047563414,0.49328080451433615
1414,-82.19999999999999,62,0.0,1.0,80.29679575322136,0.493034164112079
1415,66.0000000000002,200,0.0,0.0,55.109431940093636,0.492787647030023
1416,-52.900000000000055,79,0.0,1.0,61.74412170599533,0.492541253206508
1417,56.000000000000064,200,0.0,0.0,46.79686236590147,0.4922949825799048
1418,53.99999999999977,200,0.0,0.0,40.594155470058325,0.49204883508861486
1419,58.000000000000014,200,0.0,0.0,45.837749103717506,0.49180281067107057
1420,51.999999999999815,200,0.0,0.0,64.17303064331412,0.49155690926573503
1421,-75.60000000000004,76,0.0,1.0,65.08974849334673,0.49131113081110217
1422,51.9999999999998,200,0.0,0.0,43.586789999194444,0.49106547524569666
1423,-56.80000000000005,88,0.0,1.0,30.8174142124216,0.4908199425080738
1424,-84.3,33,0.0,1.0,32.632174608833864,0.4905745325368198
1425,-67.90000000000003,69,0.0,1.0,43.921654374595136,0.49032924527055144
1426,-81.9,69,0.0,1.0,42.281805979600854,0.4900840806479162
1427,47.999999999999766,200,0.0,0.0,63.68024080310017,0.48983903860759226
1428,53.99999999999979,200,0.0,0.0,61.17007756255567,0.4895941190882885
1429,53.99999999999976,200,0.0,0.0,43.89472569525242,0.48934932202874437
1430,57.99999999999979,200,0.0,0.0,47.92140306375921,0.48910464736773
1431,-70.40000000000003,84,0.0,1.0,46.299941923469305,0.4888600950440462
1432,-82.39999999999999,24,0.0,1.0,69.98204172030091,0.4886156649965242
1433,47.99999999999981,200,0.0,0.0,50.97530496895313,0.48837135716402597
1434,67.99999999999983,200,0.0,0.0,55.79027304943651,0.488127171485444
1435,-47.000000000000114,150,0.0,1.0,70.42100057174763,0.4878831078997013
1436,-34.100000000000094,151,0.0,1.0,43.86579377332468,0.4876391663457515
1437,66.00000000000003,200,0.0,0.0,23.9102466256544,0.4873953467625787
1438,41.9999999999998,200,0.0,0.0,60.88679681248963,0.4871516490891974
1439,-57.1000000000001,121,0.0,1.0,53.39602810187527,0.4869080732646528
1440,-45.60000000000018,176,0.0,1.0,44.78522739026018,0.4866646192280205
1441,57.999999999999794,200,0.0,0.0,39.84864089559764,0.4864212869184065
1442,-61.10000000000005,81,0.0,1.0,52.47053076805156,0.48617807627494736
1443,57.999999999999936,200,0.0,0.0,35.50509774629027,0.4859349872368099
1444,53.99999999999981,200,0.0,0.0,39.49703188858926,0.48569201974319154
1445,61.999999999999815,200,0.0,0.0,38.10682020738721,0.48544917373331997
1446,-47.70000000000012,127,0.0,1.0,39.62560055088105,0.48520644914645333
1447,-22.299999999999713,193,0.0,1.0,43.8704408070584,0.48496384592188013
1448,43.999999999999766,200,0.0,0.0,47.40754304345697,0.48472136399891924
1449,55.99999999999979,200,0.0,0.0,55.12971560832113,0.4844790033169198
1450,-38.00000000000014,140,0.0,1.0,48.46757270746998,0.4842367638152614
1451,55.999999999999794,200,0.0,0.0,52.949685077145695,0.48399464543335374
1452,65.99999999999986,200,0.0,0.0,48.74812975496054,0.4837526481106371
1453,-44.70000000000011,137,0.0,1.0,29.789742790597632,0.4835107717865818
1454,-89.39999999999998,34,0.0,1.0,72.6255923535894,0.48326901640068853
1455,-73.20000000000003,92,0.0,1.0,60.32740516871538,0.48302738189248823
1456,-88.99999999999999,30,0.0,1.0,30.122168553372223,0.482785868201542
1457,66.00000000000031,200,0.0,0.0,53.57622658893466,0.48254447526744126
1458,70.00000000000001,200,0.0,0.0,40.473416134379804,0.48230320302980756
1459,47.99999999999982,200,0.0,0.0,57.71620735000819,0.48206205142829267
1460,-47.300000000000125,163,0.0,1.0,56.162839728036175,0.48182102040257857
1461,64.00000000000007,200,0.0,0.0,47.99366717129946,0.4815801098923773
1462,53.99999999999979,200,0.0,0.0,34.74450504608453,0.48133931983743117
1463,-57.50000000000006,85,0.0,1.0,39.160178668358746,0.48109865017751247
1464,66.00000000000003,200,0.0,0.0,34.30410731229931,0.48085810085242375
1465,43.999999999999865,200,0.0,0.0,44.41244423490018,0.48061767180199755
1466,-61.40000000000008,94,0.0,1.0,33.14483636934707,0.48037736296609657
1467,57.99999999999977,200,0.0,0.0,46.80783165605739,0.48013717428461355
1468,-86.8,68,0.0,1.0,47.77459046496626,0.4798971056974713
1469,182.0,200,1.0,0.0,49.27569645859301,0.4796571571446226
1470,63.99999999999986,200,0.0,0.0,59.3314322232455,0.4794173285660503
1471,67.9999999999999,200,0.0,0.0,45.07000921992585,0.47917761990176727
1472,60.00000000000003,200,0.0,0.0,56.682361175455156,0.47893803109181643
1473,70.0,200,0.0,0.0,53.22594409279525,0.47869856207627054
1474,-70.30000000000004,93,0.0,1.0,33.44333508258225,0.47845921279523246
1475,69.99999999999989,200,0.0,0.0,46.55502588409931,0.47821998318883485
1476,-86.99999999999999,30,0.0,1.0,45.676689795901375,0.4779808731972405
1477,72.00000000000001,200,0.0,0.0,54.01088043805212,0.4777418827606419
1478,55.99999999999982,200,0.0,0.0,45.21945799317211,0.4775030118192616
1479,67.99999999999987,200,0.0,0.0,50.194201389588414,0.47726426031335195
1480,-80.6,46,0.0,1.0,27.108737995767076,0.4770256281831953
1481,37.999999999999815,200,0.0,0.0,47.28772609710693,0.47678711536910373
1482,66.00000000000026,200,0.0,0.0,52.615654697790745,0.4765487218114192
1483,55.99999999999995,200,0.0,0.0,52.00147634355351,0.47631044745051354
1484,-72.40000000000002,84,0.0,1.0,66.95173266459079,0.4760722922267883
1485,-46.300000000000175,193,0.0,1.0,59.11404265872555,0.475834256080675
1486,-87.8,58,0.0,1.0,47.2933485840672,0.47559633895263465
1487,-37.60000000000016,156,0.0,1.0,37.17947064292355,0.47535854078315837
1488,-76.4,44,0.0,1.0,68.52549852955748,0.47512086151276683
1489,78.00000000000014,200,0.0,0.0,42.6377971021086,0.4748833010820105
1490,-64.90000000000006,79,0.0,1.0,21.853643292207508,0.47464585943146953
1491,61.99999999999996,200,0.0,0.0,39.455437964573505,0.4744085365017538
1492,-77.10000000000002,61,0.0,1.0,52.7278603974913,0.47417133223350294
1493,63.99999999999982,200,0.0,0.0,46.72835723068565,0.4739342465673862
1494,71.99999999999989,200,0.0,0.0,36.93787947777659,0.4736972794441025
1495,-81.39999999999999,54,0.0,1.0,57.2063501343407,0.4734604308043805
1496,181.70000000000016,193,1.0,0.0,41.65153635991979,0.47322370058897834
1497,-85.1,21,0.0,1.0,34.40022726995604,0.4729870887386839
1498,-32.59999999999965,186,0.0,1.0,34.31048116408368,0.47275059519431456
1499,176.00000000000006,200,1.0,0.0,40.67781949978322,0.47251421989671744
1500,-64.30000000000003,73,0.0,1.0,47.65455801437979,0.4722779627867691
1501,70.0,200,0.0,0.0,31.888858079314232,0.47204182380537574
1502,74.00000000000026,200,0.0,0.0,47.709913641344755,0.47180580289347307
1503,64.00000000000003,200,0.0,0.0,40.488881496712565,0.47156989999202636
1504,177.6,184,1.0,0.0,54.681448877313294,0.4713341150420304
1505,-59.90000000000007,109,0.0,1.0,45.14178673776055,0.4710984479845094
1506,61.99999999999982,200,0.0,0.0,41.90827799119055,0.4708628987605172
1507,-67.00000000000007,90,0.0,1.0,61.022417132722005,0.47062746731113697
1508,-56.00000000000005,100,0.0,1.0,36.1679944806546,0.47039215357748143
1509,-83.6,36,0.0,1.0,70.18668212555349,0.4701569575006927
1510,74.0000000000001,200,0.0,0.0,35.71383612263948,0.4699218790219424
1511,59.99999999999979,200,0.0,0.0,49.24513026783243,0.46968691808243146
1512,69.9999999999999,200,0.0,0.0,40.80605449110269,0.4694520746233903
1513,70.00000000000014,200,0.0,0.0,34.28768273331225,0.4692173485860786
1514,55.99999999999981,200,0.0,0.0,42.60203579775989,0.4689827399117856
1515,-33.80000000000018,198,0.0,1.0,29.805237095125698,0.4687482485418297
1516,78.00000000000013,200,0.0,0.0,56.99244258688763,0.4685138744175588
1517,-43.000000000000135,150,0.0,1.0,51.806266273905834,0.4682796174803501
1518,-46.20000000000015,142,0.0,1.0,44.51224341002148,0.4680454776716099
1519,49.99999999999985,200,0.0,0.0,32.58013885997236,0.46781145493277415
1520,57.99999999999979,200,0.0,0.0,55.943960363678634,0.4675775492053078
1521,74.00000000000016,200,0.0,0.0,33.78851222533733,0.4673437604307052
1522,-46.20000000000014,142,0.0,1.0,20.252184464268282,0.46711008855048985
1523,-59.70000000000005,87,0.0,1.0,35.39133297690544,0.4668765335062146
1524,-58.80000000000009,128,0.0,1.0,71.35915007872973,0.4666430952394615
1525,-82.10000000000001,51,0.0,1.0,50.3186500779554,0.46640977369184183
1526,175.69999999999993,193,1.0,0.0,50.200681166327676,0.4661765688049959
1527,-42.100000000000215,191,0.0,1.0,52.86122891197654,0.4659434805205934
1528,71.99999999999996,200,0.0,0.0,50.41605154000223,0.46571050878033315
1529,-64.50000000000003,95,0.0,1.0,29.06175676827368,0.465477653525943
1530,-37.10000000000016,161,0.0,1.0,47.26727001262562,0.46524491469918006
1531,78.00000000000011,200,0.0,0.0,41.67409731656313,0.4650122922418305
1532,-37.90000000000018,189,0.0,1.0,46.65566833011766,0.4647797860957096
1533,78.0000000000001,200,0.0,0.0,28.67252588778734,0.4645473962026618
1534,65.99999999999993,200,0.0,0.0,29.572763388548047,0.4643151225045605
1535,-75.7,47,0.0,1.0,38.173438672531155,0.4640829649433082
1536,174.10000000000002,189,1.0,0.0,37.8784706272855,0.46385092346083656
1537,-25.89999999999995,129,0.0,1.0,39.56522012103436,0.46361899799910616
1538,57.99999999999981,200,0.0,0.0,43.733492953516546,0.46338718850010663
1539,69.99999999999989,200,0.0,0.0,29.646716707143934,0.4631554949058566
1540,-40.9000000000001,119,0.0,1.0,35.49425840052236,0.4629239171584037
1541,-64.70000000000007,97,0.0,1.0,29.369457737072228,0.46269245519982455
1542,-39.300000000000104,103,0.0,1.0,49.82510950698436,0.46246110897222464
1543,-64.60000000000002,86,0.0,1.0,26.651912901810434,0.46222987841773855
1544,71.99999999999994,200,0.0,0.0,48.07958086144179,0.4619987634785297
1545,-46.60000000000013,146,0.0,1.0,45.532143018017074,0.46176776409679043
1546,69.9999999999999,200,0.0,0.0,43.767817435748874,0.46153688021474204
1547,68.00000000000001,200,0.0,0.0,36.6214729455486,0.4613061117746347
1548,-85.39999999999999,34,0.0,1.0,44.98500222581274,0.46107545871874744
1549,-59.50000000000004,85,0.0,1.0,34.56400920354268,0.4608449209893881
1550,59.99999999999981,200,0.0,0.0,63.45487110510469,0.46061449852889347
1551,-40.800000000000104,128,0.0,1.0,34.799848945927806,0.46038419127962904
1552,-84.19999999999999,22,0.0,1.0,10.410503245212816,0.46015399918398925
1553,-79.10000000000001,61,0.0,1.0,36.59618560200343,0.45992392218439726
1554,74.00000000000033,200,0.0,0.0,34.68442911930382,0.4596939602233051
1555,-39.80000000000008,118,0.0,1.0,43.59905241972814,0.4594641132431935
1556,76.00000000000004,200,0.0,0.0,45.5715078240633,0.4592343811865719
1557,-43.100000000000115,121,0.0,1.0,27.976473767033294,0.4590047639959786
1558,-77.0,70,0.0,1.0,49.31860634461045,0.45877526161398063
1559,78.00000000000009,200,0.0,0.0,34.609337007924914,0.45854587398317365
1560,-55.300000000000054,83,0.0,1.0,48.10344736601215,0.4583166010461821
1561,172.80000000000004,172,1.0,0.0,41.0067916859028,0.45808744274565905
1562,-85.19999999999999,32,0.0,1.0,50.72057059104554,0.45785839902428627
1563,-64.80000000000003,108,0.0,1.0,53.08582673228725,0.45762946982477415
1564,182.40000000000015,196,1.0,0.0,38.33638298473492,0.4574006550898618
1565,-44.90000000000008,99,0.0,1.0,44.87253763759979,0.45717195476231687
1566,-27.599999999999625,176,0.0,1.0,37.91658286547119,0.45694336878493574
1567,-79.39999999999999,34,0.0,1.0,41.870234220562615,0.4567148971005433
1568,-87.09999999999998,41,0.0,1.0,32.791646791849196,0.45648653965199304
1569,-71.10000000000004,81,0.0,1.0,53.26064438096903,0.4562582963821671
1570,-86.6,26,0.0,1.0,18.24350532832054,0.45603016723397605
1571,-43.40000000000008,114,0.0,1.0,58.209505039414296,0.4558021521503591
1572,-78.20000000000002,62,0.0,1.0,34.40417272717722,0.4555742510742839
1573,-86.69999999999999,17,0.0,1.0,29.072466837570946,0.4553464639487468
1574,-74.10000000000002,91,0.0,1.0,57.01627382210323,0.4551187907167724
1575,177.80000000000004,162,1.0,0.0,43.388242888275855,0.45489123132141407
1576,-31.60000000000001,156,0.0,1.0,39.8779827097001,0.4546637857057534
1577,-82.6,26,0.0,1.0,43.33123840764165,0.45443645381290054
1578,-60.100000000000044,91,0.0,1.0,40.099932692290004,0.45420923558599413
1579,-66.40000000000006,84,0.0,1.0,39.22820450587287,0.45398213096820117
1580,-58.400000000000084,104,0.0,1.0,39.05637172165398,0.4537551399027171
1581,-75.70000000000003,67,0.0,1.0,47.45889271573344,0.4535282623327658
1582,-69.60000000000001,76,0.0,1.0,30.833613176143874,0.45330149820159943
1583,-56.90000000000005,79,0.0,1.0,66.8929018455593,0.45307484745249865
1584,177.7,173,1.0,0.0,39.083383496376996,0.4528483100287724
1585,82.00000000000018,200,0.0,0.0,45.26239535715431,0.45262188587375807
1586,-51.70000000000006,107,0.0,1.0,38.436423760011934,0.4523955749308212
1587,-22.499999999999687,195,0.0,1.0,36.69323458224535,0.4521693771433558
1588,-81.79999999999998,38,0.0,1.0,35.409448868349976,0.45194329245478415
1589,-41.99999999999991,180,0.0,1.0,37.19687806260254,0.4517173208085568
1590,-52.200000000000074,122,0.0,1.0,27.06406744593968,0.45149146214815256
1591,-41.90000000000011,129,0.0,1.0,36.29520119507183,0.4512657164170785
1592,61.99999999999986,200,0.0,0.0,44.139364119470116,0.45104008355887
1593,-40.10000000000003,151,0.0,1.0,40.437759594313356,0.4508145635170906
1594,185.20000000000027,188,1.0,0.0,47.25102153547267,0.4505891562353321
1595,-87.69999999999999,27,0.0,1.0,67.0719028396739,0.4503638616572144
1596,51.99999999999975,200,0.0,0.0,53.70268396293744,0.4501386797263858
1597,57.99999999999977,200,0.0,0.0,56.37059828978032,0.44991361038652267
1598,-51.50000000000011,105,0.0,1.0,42.55584623898778,0.4496886535813294
1599,-80.89999999999999,39,0.0,1.0,39.22798681220947,0.44946380925453877
1600,-60.70000000000007,77,0.0,1.0,55.94317128683453,0.44923907734991153
1601,-43.50000000000011,125,0.0,1.0,36.48339900392294,0.4490144578112366
1602,64.00000000000028,200,0.0,0.0,29.53632480176166,0.448789950582331
1603,-48.300000000000075,93,0.0,1.0,40.834590874051536,0.44856555560703987
1604,65.99999999999996,200,0.0,0.0,43.02323090802878,0.44834127282923636
1605,80.00000000000004,200,0.0,0.0,41.550253492929045,0.44811710219282175
1606,-45.800000000000104,138,0.0,1.0,30.701654163067754,0.4478930436417254
1607,-51.00000000000008,90,0.0,1.0,66.40421006091766,0.44766909711990455
1608,174.69999999999993,183,1.0,0.0,37.42693936350486,0.4474452625713446
1609,-39.90000000000011,149,0.0,1.0,31.07309098379224,0.4472215399400589
1610,-52.600000000000094,126,0.0,1.0,38.37456106891235,0.4469979291700889
1611,51.99999999999998,200,0.0,0.0,34.8250313969329,0.4467744302055039
1612,-49.30000000000012,163,0.0,1.0,43.910669983301794,0.44655104299040116
1613,-62.100000000000044,71,0.0,1.0,47.25030410594084,0.44632776746890596
1614,-59.60000000000006,76,0.0,1.0,58.32262641598324,0.4461046035851715
1615,-38.300000000000125,133,0.0,1.0,35.78757642663287,0.445881551283379
1616,-46.50000000000014,135,0.0,1.0,51.99021531624926,0.4456586105077373
1617,84.00000000000021,200,0.0,0.0,35.09385246019811,0.44543578120248345
1618,61.99999999999978,200,0.0,0.0,41.66154892705381,0.4452130633118822
1619,-58.700000000000045,97,0.0,1.0,48.56039912653031,0.4449904567802263
1620,49.99999999999981,200,0.0,0.0,53.283363705091176,0.44476796155183623
1621,-37.30000000000012,123,0.0,1.0,30.765216974677838,0.44454557757106034
1622,-57.10000000000009,121,0.0,1.0,45.882720061508586,0.44432330478227483
1623,63.999999999999886,200,0.0,0.0,40.49434640068561,0.4441011431298837
1624,-87.1,21,0.0,1.0,45.40831337727251,0.44387909255831876
1625,177.10000000000008,199,1.0,0.0,39.54161650320543,0.4436571530120396
1626,167.4999999999999,195,1.0,0.0,39.62753550022458,0.44343532443553363
1627,-83.1,21,0.0,1.0,73.58179744758776,0.4432136067733159
1628,181.00000000000028,190,1.0,0.0,41.52246515076411,0.4429919999699293
1629,74.00000000000034,200,0.0,0.0,53.06685517080128,0.44277050396994433
1630,-51.10000000000009,101,0.0,1.0,40.56193569081255,0.4425491187179594
1631,179.40000000000006,186,1.0,0.0,34.985357931104076,0.44232784415860044
1632,-86.99999999999999,50,0.0,1.0,52.32119446843863,0.44210668023652117
1633,-77.6,36,0.0,1.0,44.25407796663543,0.4418856268964029
1634,-46.100000000000094,151,0.0,1.0,48.56976783682672,0.44166468408295473
1635,-78.4,64,0.0,1.0,62.06554851052351,0.4414438517409133
1636,65.9999999999999,200,0.0,0.0,36.24310851186514,0.44122312981504286
1637,-59.80000000000007,98,0.0,1.0,47.577051298008584,0.44100251825013537
1638,-39.699999999999804,187,0.0,1.0,33.647922047379026,0.44078201699101033
1639,51.999999999999815,200,0.0,0.0,40.21311360903084,0.44056162598251486
1640,-53.80000000000011,118,0.0,1.0,66.15492448046551,0.4403413451695236
1641,-70.90000000000005,79,0.0,1.0,44.62293175645644,0.4401211744969389
1642,-77.19999999999999,52,0.0,1.0,50.46693674059441,0.43990111390969044
1643,78.00000000000011,200,0.0,0.0,53.680942508764566,0.4396811633527356
1644,-88.39999999999999,24,0.0,1.0,44.301024137685694,0.43946132277105926
1645,-65.10000000000002,101,0.0,1.0,54.5096584289971,0.43924159210967373
1646,-58.000000000000064,80,0.0,1.0,38.86150753255934,0.4390219713136189
1647,-78.0,40,0.0,1.0,32.60243115350604,0.4388024603279621
1648,57.999999999999766,200,0.0,0.0,55.26445617565885,0.43858305909779816
1649,-40.40000000000018,164,0.0,1.0,32.81647316507268,0.4383637675682493
1650,-75.5,65,0.0,1.0,50.01561157726324,0.4381445856844652
1651,78.00000000000001,200,0.0,0.0,61.286978027336296,0.437925513391623
1652,66.00000000000027,200,0.0,0.0,43.04083260834217,0.4377065506349272
1653,-54.90000000000008,99,0.0,1.0,59.077590964207744,0.43748769735960974
1654,171.90000000000003,191,1.0,0.0,66.16241523011037,0.43726895351093
1655,171.69999999999987,193,1.0,0.0,52.46802428546193,0.4370503190341745
1656,183.50000000000009,155,1.0,0.0,38.62246822085111,0.4368317938746575
1657,-35.00000000000014,150,0.0,1.0,39.067700353289645,0.43661337797772015
1658,178.0,160,1.0,0.0,56.33279359359294,0.43639507128873134
1659,-68.30000000000004,73,0.0,1.0,61.76041175251546,0.436176873753087
1660,72.00000000000017,200,0.0,0.0,47.58423021685332,0.43595878531621046
1661,78.00000000000028,200,0.0,0.0,52.40459900423885,0.43574080592355235
1662,73.99999999999993,200,0.0,0.0,45.38132799465209,0.4355229355205906
1663,58.00000000000012,200,0.0,0.0,48.375736827552316,0.43530517405283037
1664,-43.700000000000095,107,0.0,1.0,46.231254281075756,0.435087521465804
1665,70.00000000000028,200,0.0,0.0,39.97058359785005,0.43486997770507113
1666,78.00000000000026,200,0.0,0.0,41.870735285058615,0.4346525427162186
1667,74.00000000000027,200,0.0,0.0,48.112341568693516,0.43443521644486055
1668,-70.4,44,0.0,1.0,29.24687651273879,0.43421799883663814
1669,-70.10000000000002,71,0.0,1.0,54.08734144469802,0.43400088983721985
1670,-58.900000000000084,99,0.0,1.0,58.04468768481353,0.4337838893923013
1671,-59.800000000000075,98,0.0,1.0,43.63941771932402,0.43356699744760513
1672,72.00000000000003,200,0.0,0.0,48.73906145406887,0.43335021394888135
1673,-69.00000000000003,50,0.0,1.0,28.475129279866813,0.4331335388419069
1674,-33.40000000000012,174,0.0,1.0,49.86916824252527,0.432916972072486
1675,187.00000000000023,190,1.0,0.0,38.35716716556957,0.43270051358644973
1676,178.80000000000018,192,1.0,0.0,52.47392602520995,0.43248416332965656
1677,184.10000000000014,189,1.0,0.0,47.09478655047518,0.43226792124799174
1678,76.00000000000021,200,0.0,0.0,56.31879275411367,0.43205178728736776
1679,173.7,173,1.0,0.0,44.30917763337493,0.4318357613937241
1680,-45.800000000000075,98,0.0,1.0,39.79683728637744,0.43161984351302723
1681,67.99999999999982,200,0.0,0.0,42.97420062705874,0.4314040335912707
1682,76.00000000000006,200,0.0,0.0,60.54873168103397,0.4311883315744751
1683,180.5,185,1.0,0.0,43.38330296847869,0.4309727374086879
1684,-71.10000000000004,61,0.0,1.0,65.8244468465936,0.4307572510399836
1685,181.30000000000015,157,1.0,0.0,51.85654188365124,0.4305418724144636
1686,80.00000000000033,200,0.0,0.0,47.50792456910014,0.4303266014782564
1687,-82.69999999999999,57,0.0,1.0,32.010772306275996,0.4301114381775173
1688,180.20000000000005,178,1.0,0.0,44.67058983273553,0.42989638245842854
1689,69.99999999999994,200,0.0,0.0,45.65299920555204,0.42968143426719935
1690,-52.1000000000001,131,0.0,1.0,38.34355598500439,0.4294665935500658
1691,181.00000000000006,170,1.0,0.0,42.18368758372962,0.42925186025329076
1692,178.9,181,1.0,0.0,41.49831969638803,0.42903723432316415
1693,190.60000000000014,174,1.0,0.0,29.941707104294636,0.4288227157060026
1694,-66.10000000000002,71,0.0,1.0,42.46510909119962,0.4286083043481496
1695,176.00000000000009,180,1.0,0.0,62.53848349737624,0.42839400019597557
1696,-58.10000000000006,71,0.0,1.0,29.911961432284034,0.4281798031958776
1697,181.20000000000007,188,1.0,0.0,53.59233810996359,0.4279657132942797
1698,176.8,192,1.0,0.0,50.633225771326885,0.42775173043763254
1699,184.50000000000014,185,1.0,0.0,39.04906604489362,0.4275378545724137
1700,-43.600000000000094,116,0.0,1.0,38.39981687393296,0.4273240856451275
1701,-68.40000000000012,144,0.0,1.0,60.17149015655741,0.427110423602305
1702,176.89999999999998,161,1.0,0.0,57.53168654154917,0.4268968683905039
1703,179.70000000000007,173,1.0,0.0,40.4734798820334,0.42668341995630865
1704,180.30000000000007,147,1.0,0.0,36.88234566826196,0.42647007824633054
1705,180.20000000000005,198,1.0,0.0,46.82784099912628,0.4262568432072074
1706,-51.600000000000065,116,0.0,1.0,46.656850594128,0.4260437147856038
1707,179.29999999999995,157,1.0,0.0,59.86021479423259,0.425830692928211
1708,185.79999999999998,182,1.0,0.0,55.3245192544105,0.42561777758174696
1709,-21.199999999999974,152,0.0,1.0,53.36514347649523,0.42540496869295613
1710,182.10000000000016,189,1.0,0.0,59.78300719556433,0.42519226620860967
1711,-58.30000000000007,93,0.0,1.0,37.26600398131276,0.4249796700755054
1712,180.20000000000005,178,1.0,0.0,38.0386965829,0.42476718024046767
1713,74.00000000000003,200,0.0,0.0,34.702656337525696,0.42455479665034745
1714,183.70000000000016,153,1.0,0.0,43.85221103846637,0.4243425192520223
1715,-79.0,50,0.0,1.0,36.99713552862406,0.42413034799239635
1716,78.0000000000001,200,0.0,0.0,42.177021870333704,0.42391828281840016
1717,69.99999999999986,200,0.0,0.0,57.954947985075414,0.42370632367699096
1718,177.50000000000003,195,1.0,0.0,58.281361026565236,0.4234944705151525
1719,172.19999999999993,158,1.0,0.0,62.379416436004114,0.4232827232798949
1720,73.99999999999996,200,0.0,0.0,42.99107344109565,0.423071081918255
1721,-76.60000000000001,46,0.0,1.0,88.51289723198052,0.4228595463772959
1722,-82.3,53,0.0,1.0,42.86996178652318,0.4226481166041073
1723,-61.200000000000024,72,0.0,1.0,58.643203678747845,0.42243679254580524
1724,-84.89999999999999,39,0.0,1.0,57.1360024422025,0.4222255741495324
1725,180.60000000000005,174,1.0,0.0,55.44844232837873,0.4220144613624576
1726,-77.70000000000002,47,0.0,1.0,38.42182692378125,0.42180345413177645
1727,182.10000000000008,149,1.0,0.0,52.370689803371896,0.4215925524047106
1728,78.00000000000016,200,0.0,0.0,56.10476186148822,0.42138175612850826
1729,69.9999999999999,200,0.0,0.0,55.2696172086522,0.421171065250444
1730,183.90000000000003,131,1.0,0.0,50.65675630392009,0.4209604797178188
1731,181.70000000000013,173,1.0,0.0,52.86101036010622,0.42074999947795994
1732,183.40000000000015,166,1.0,0.0,49.640466412462025,0.42053962447822096
1733,74.00000000000045,200,0.0,0.0,57.86277525898069,0.42032935466598187
1734,178.90000000000003,161,1.0,0.0,44.05872794796036,0.4201191899886489
1735,179.0000000000001,170,1.0,0.0,66.19982804638498,0.4199091303936546
1736,176.10000000000002,169,1.0,0.0,44.27136895649091,0.4196991758284578
1737,-37.80000000000017,158,0.0,1.0,41.315265369188936,0.4194893262405436
1738,-76.80000000000001,48,0.0,1.0,52.639642692326255,0.41927958157742334
1739,185.20000000000002,168,1.0,0.0,52.27790800885608,0.41906994178663465
1740,185.20000000000013,168,1.0,0.0,44.3478886614598,0.4188604068157413
1741,-80.69999999999999,37,0.0,1.0,68.7709902464538,0.41865097661233347
1742,179.10000000000002,179,1.0,0.0,46.07719403191069,0.4184416511240273
1743,-63.200000000000045,72,0.0,1.0,30.241170334319275,0.4182324302984653
1744,180.80000000000007,172,1.0,0.0,48.62369904476543,0.4180233140833161
1745,181.50000000000009,175,1.0,0.0,44.08728671682732,0.4178143024262745
1746,-76.5,55,0.0,1.0,39.66592499288646,0.41760539527506135
1747,180.70000000000005,183,1.0,0.0,42.13679523562473,0.41739659257742384
1748,182.0000000000001,180,1.0,0.0,55.00247539165947,0.4171878942811352
1749,182.1000000000001,189,1.0,0.0,59.48734256096933,0.4169793003339946
1750,181.5,195,1.0,0.0,51.16341502819306,0.41677081068382765
1751,187.7000000000001,153,1.0,0.0,46.82758469241702,0.41656242527848575
1752,78.00000000000007,200,0.0,0.0,48.97988006642088,0.41635414406584653
1753,-80.69999999999999,37,0.0,1.0,60.90745350174807,0.4161459669938136
1754,174.5999999999999,174,1.0,0.0,49.95916076441263,0.4159378940103167
1755,180.8,172,1.0,0.0,62.519696619404954,0.4157299250633116
1756,186.4000000000002,176,1.0,0.0,54.74404420707883,0.41552206010077997
1757,180.70000000000013,163,1.0,0.0,51.41198725180209,0.4153142990707296
1758,175.59999999999997,144,1.0,0.0,62.90726616647508,0.41510664192119423
1759,-79.5,65,0.0,1.0,60.613839429502306,0.41489908860023367
1760,183.50000000000017,175,1.0,0.0,48.37117302026068,0.4146916390559336
1761,182.90000000000003,181,1.0,0.0,58.38217863055635,0.4144842932364056
1762,183.10000000000008,179,1.0,0.0,44.4036195904183,0.41427705108978746
1763,-40.70000000000009,97,0.0,1.0,49.968346340216925,0.4140699125642426
1764,-53.800000000000054,78,0.0,1.0,34.252746939468075,0.4138628776079605
1765,171.29999999999993,157,1.0,0.0,45.95900635644319,0.4136559461691565
1766,176.2000000000001,198,1.0,0.0,42.78755675286356,0.41344911819607194
1767,-49.3000000000001,123,0.0,1.0,45.934335319915924,0.4132423936369739
1768,-53.800000000000054,98,0.0,1.0,87.41178752527553,0.41303577244015544
1769,-80.19999999999999,62,0.0,1.0,52.48996117518794,0.4128292545539354
1770,184.10000000000008,149,1.0,0.0,40.561033457667634,0.41262283992665844
1771,181.50000000000009,175,1.0,0.0,43.75843962482044,0.41241652850669513
1772,78.0000000000001,200,0.0,0.0,42.6824474331364,0.4122103202424418
1773,178.40000000000003,176,1.0,0.0,46.4478104793128,0.4120042150823206
1774,-65.30000000000004,63,0.0,1.0,58.90334889446459,0.4117982129747795
1775,-63.500000000000036,85,0.0,1.0,51.795846107251506,0.4115923138682921
1776,-71.10000000000004,61,0.0,1.0,60.72561806464782,0.411386517711358
1777,182.7000000000002,163,1.0,0.0,32.75636375247518,0.4111808244525023
1778,-48.70000000000013,137,0.0,1.0,45.954517556748684,0.4109752340402761
1779,179.30000000000004,177,1.0,0.0,49.92760338423784,0.410769746423256
1780,182.7000000000001,143,1.0,0.0,65.5345212497286,0.4105643615500444
1781,-70.00000000000003,60,0.0,1.0,47.23440110981464,0.4103590793692694
1782,185.90000000000015,171,1.0,0.0,52.01959373928302,0.4101538998295848
1783,-75.5,45,0.0,1.0,87.92221175101068,0.40994882287967
1784,76.0000000000002,200,0.0,0.0,54.79715001326054,0.4097438484682302
1785,180.2,158,1.0,0.0,58.55163527921408,0.4095389765439961
1786,-54.900000000000105,139,0.0,1.0,60.59669740358702,0.40933420705572415
1787,74.00000000000003,200,0.0,0.0,50.09786107454449,0.4091295399521963
1788,-22.299999999999812,193,0.0,1.0,64.63050255326101,0.4089249751822202
1789,183.40000000000012,166,1.0,0.0,62.559489201170855,0.4087205126946291
1790,-54.80000000000008,88,0.0,1.0,34.81245786730539,0.4085161524382818
1791,180.70000000000007,183,1.0,0.0,50.16213894584547,0.4083118943620627
1792,-71.10000000000002,61,0.0,1.0,43.888022914040285,0.40810773841488174
1793,-89.19999999999999,32,0.0,1.0,52.22546428372152,0.4079036845456743
1794,178.20000000000005,158,1.0,0.0,61.727308329572026,0.40769973270340154
1795,189.9000000000002,171,1.0,0.0,63.208712676028064,0.40749588283704985
1796,178.20000000000005,158,1.0,0.0,54.526814350268886,0.4072921348956314
1797,-101.8,18,0.0,1.0,69.54329376750522,0.4070884888281836
1798,-80.19999999999999,62,0.0,1.0,45.17190093835515,0.40688494458376956
1799,67.99999999999983,200,0.0,0.0,48.182615985609594,0.4066815021114777
1800,-72.60000000000002,86,0.0,1.0,56.07100209819023,0.406478161360422
1801,182.10000000000014,169,1.0,0.0,46.91640918027367,0.40627492227974177
1802,-78.5,35,0.0,1.0,77.77800589842455,0.4060717848186019
1803,180.60000000000008,154,1.0,0.0,41.215004405079334,0.4058687489261926
1804,184.90000000000006,161,1.0,0.0,61.06184134387082,0.40566581455172956
1805,-54.90000000000007,99,0.0,1.0,40.83796415696241,0.4054629816444537
1806,180.8,192,1.0,0.0,44.63704960432369,0.4052602501536315
1807,-87.1,21,0.0,1.0,31.203941748255776,0.40505762002855467
1808,186.50000000000006,185,1.0,0.0,60.261542762453495,0.4048550912185404
1809,-58.40000000000005,64,0.0,1.0,23.746125807520002,0.4046526636729312
1810,176.69999999999993,183,1.0,0.0,55.062678693096494,0.40445033734109476
1811,-42.900000000000105,119,0.0,1.0,57.167911844719356,0.40424811217242423
1812,183.60000000000014,144,1.0,0.0,47.51456585516118,0.404045988116338
1813,-65.90000000000005,69,0.0,1.0,55.16963133561438,0.4038439651222799
1814,-68.30000000000001,73,0.0,1.0,51.154082925862646,0.40364204313971874
1815,-82.79999999999998,28,0.0,1.0,41.17370217187064,0.4034402221181489
1816,178.60000000000008,154,1.0,0.0,49.8585119924762,0.4032385020070898
1817,182.90000000000015,161,1.0,0.0,72.82508908212185,0.4030368827560863
1818,176.50000000000006,185,1.0,0.0,55.55012188948489,0.4028353643147083
1819,-50.00000000000008,100,0.0,1.0,45.91458252385259,0.402633946632551
1820,169.89999999999992,171,1.0,0.0,62.11729241864026,0.4024326296592347
1821,69.99999999999991,200,0.0,0.0,52.76466376535595,0.4022314133444051
1822,-44.400000000000084,104,0.0,1.0,52.50938282262247,0.4020302976377329
1823,178.90000000000003,181,1.0,0.0,55.46146193624202,0.4018292824889141
1824,-78.5,35,0.0,1.0,19.881422919886454,0.40162836784766964
1825,-58.80000000000005,68,0.0,1.0,53.40769862098729,0.40142755366374583
1826,-64.90000000000003,79,0.0,1.0,45.42431490802312,0.401226839886914
1827,-85.49999999999999,65,0.0,1.0,50.588313279243614,0.40102622646697056
1828,177.00000000000009,170,1.0,0.0,65.38589929298443,0.4008257133537371
1829,-62.00000000000004,80,0.0,1.0,45.69476822018623,0.4006253004970603
1830,179.0,190,1.0,0.0,58.51374262665448,0.4004249878468118
1831,-64.90000000000003,79,0.0,1.0,46.77262444935645,0.4002247753528884
1832,181.4000000000001,146,1.0,0.0,49.699141303051825,0.400024662965212
1833,181.90000000000003,151,1.0,0.0,62.45037812650796,0.3998246506337294
1834,182.10000000000016,169,1.0,0.0,58.994846885461776,0.39962473830841255
1835,184.00000000000017,200,1.0,0.0,54.37223198488355,0.3994249259392584
1836,188.2000000000002,158,1.0,0.0,72.08316414440169,0.39922521347628875
1837,-75.30000000000003,43,0.0,1.0,41.15688034580197,0.39902560086955063
1838,-69.00000000000003,70,0.0,1.0,56.88947105194841,0.3988260880691159
1839,-75.0,30,0.0,1.0,45.06426221927007,0.39862667502508137
1840,187.20000000000033,188,1.0,0.0,65.34429069679786,0.39842736168756887
1841,179.10000000000014,199,1.0,0.0,49.734987928115544,0.3982281480067251
1842,-67.80000000000001,58,0.0,1.0,41.846559060544806,0.39802903393272177
1843,181.60000000000025,164,1.0,0.0,60.61225970389276,0.3978300194157554
1844,185.10000000000005,139,1.0,0.0,45.3102681005923,0.39763110440604754
1845,182.50000000000006,165,1.0,0.0,55.2535958096385,0.3974322888538445
1846,-37.200000000000145,152,0.0,1.0,65.95373200105601,0.3972335727094176
1847,-68.20000000000002,62,0.0,1.0,45.68443293965632,0.3970349559230629
1848,-80.10000000000001,71,0.0,1.0,48.70282754385975,0.3968364384451014
1849,-79.89999999999999,29,0.0,1.0,55.88332813978195,0.3966380202258789
1850,-45.7000000000001,127,0.0,1.0,47.36091994300602,0.396439701215766
1851,183.5000000000001,175,1.0,0.0,53.447624209438054,0.39624148136515813
1852,177.49999999999994,195,1.0,0.0,69.19573851013794,0.3960433606244756
1853,-38.800000000000125,128,0.0,1.0,47.32439171336591,0.39584533894416335
1854,184.00000000000014,160,1.0,0.0,44.43997728493996,0.3956474162746913
1855,190.30000000000013,167,1.0,0.0,71.98246194698854,0.395449592566554
1856,177.9,171,1.0,0.0,55.16521634623321,0.3952518677702707
1857,186.20000000000007,158,1.0,0.0,63.81670703305097,0.3950542418363856
1858,-69.50000000000006,65,0.0,1.0,57.1723874270916,0.3948567147154674
1859,-57.500000000000064,85,0.0,1.0,41.08521124790697,0.3946592863581097
1860,-37.400000000000134,134,0.0,1.0,55.711752411144886,0.3944619567149307
1861,180.4000000000001,156,1.0,0.0,64.5037269600882,0.39426472573657323
1862,-40.2000000000001,102,0.0,1.0,45.01966328612145,0.39406759337370495
1863,80.00000000000036,200,0.0,0.0,49.99184820361435,0.3938705595770181
1864,-83.89999999999999,29,0.0,1.0,84.25755795528148,0.39367362429722963
1865,-55.50000000000008,105,0.0,1.0,63.928404733680544,0.393476787485081
1866,180.30000000000015,147,1.0,0.0,62.84298351427325,0.3932800490913385
1867,181.70000000000005,153,1.0,0.0,75.82620260031784,0.39308340906679284
1868,-79.5,65,0.0,1.0,76.79777051027004,0.3928868673622595
1869,177.7,173,1.0,0.0,57.26979427000863,0.3926904239285784
1870,179.80000000000004,162,1.0,0.0,56.50007292425927,0.3924940787166141
1871,-81.1,41,0.0,1.0,32.0509058382453,0.39229783167725585
1872,182.10000000000014,149,1.0,0.0,59.630087736969024,0.39210168276141727
1873,-46.200000000000095,122,0.0,1.0,65.67316412217305,0.3919056319200366
1874,-63.40000000000003,54,0.0,1.0,59.06299869605788,0.39170967910407656
1875,177.3,157,1.0,0.0,61.43746250640055,0.3915138242645245
1876,180.10000000000002,169,1.0,0.0,59.22810328077282,0.3913180673523923
1877,-39.00000000000008,90,0.0,1.0,90.13473607136143,0.3911224083187161
1878,175.60000000000014,164,1.0,0.0,38.609010134346605,0.3909268471145568
1879,-67.70000000000003,67,0.0,1.0,90.1876796795361,0.3907313836909995
1880,-61.80000000000005,78,0.0,1.0,76.13062618596432,0.39053601799915405
1881,187.30000000000004,177,1.0,0.0,50.463748270845684,0.3903407499901545
1882,178.0,140,1.0,0.0,38.11440602583544,0.39014557961515944
1883,-77.80000000000001,58,0.0,1.0,80.10114665329456,0.3899505068253519
1884,182.20000000000013,178,1.0,0.0,60.35520869995771,0.3897555315719392
1885,179.39999999999998,146,1.0,0.0,60.653894086712846,0.38956065380615323
1886,-78.20000000000002,42,0.0,1.0,52.39183270931244,0.38936587347925017
1887,181.60000000000014,184,1.0,0.0,51.129599196026504,0.3891711905425106
1888,185.20000000000005,168,1.0,0.0,59.635986161107816,0.38897660494723935
1889,-42.9000000000001,99,0.0,1.0,71.16876829152156,0.38878211664476575
1890,177.40000000000003,126,1.0,0.0,64.49312402603645,0.3885877255864434
1891,185.60000000000005,164,1.0,0.0,49.544211881734974,0.3883934317236502
1892,-32.60000000000008,126,0.0,1.0,21.386977264687182,0.3881992350077884
1893,184.9000000000001,141,1.0,0.0,67.8144241444608,0.38800513539028453
1894,-32.200000000000074,122,0.0,1.0,53.102389663213586,0.3878111328225894
1895,74.00000000000007,200,0.0,0.0,63.34367136456072,0.3876172272561781
1896,-63.40000000000005,74,0.0,1.0,60.290593761044576,0.38742341864255003
1897,-43.600000000000065,116,0.0,1.0,42.94350954748947,0.3872297069332288
1898,184.10000000000025,169,1.0,0.0,52.9108864284126,0.3870360920797622
1899,-33.60000000000011,116,0.0,1.0,49.867450495603784,0.38684257403372235
1900,183.80000000000013,182,1.0,0.0,64.4329096399002,0.3866491527467055
1901,176.50000000000006,125,1.0,0.0,50.970987928032876,0.3864558281703322
1902,186.00000000000006,160,1.0,0.0,68.26301314458252,0.38626260025624704
1903,-46.800000000000104,108,0.0,1.0,55.447120505902504,0.38606946895611893
1904,175.80000000000013,122,1.0,0.0,71.32971465856325,0.3858764342216409
1905,174.19999999999993,158,1.0,0.0,71.8736495572272,0.3856834960045301
1906,185.70000000000007,153,1.0,0.0,65.44189978892507,0.38549065425652784
1907,-48.30000000000011,113,0.0,1.0,67.56426873552589,0.3852979089293996
1908,193.30000000000018,157,1.0,0.0,63.75586476599335,0.3851052599749349
1909,173.49999999999994,155,1.0,0.0,79.54201515874556,0.3849127073449474
1910,-73.30000000000001,63,0.0,1.0,82.0754479531731,0.384720250991275
1911,185.90000000000003,151,1.0,0.0,66.94902462122457,0.3845278908657794
1912,189.5000000000001,155,1.0,0.0,67.08533421591405,0.3843356269203465
1913,179.0,130,1.0,0.0,69.73546044631647,0.38414345910688635
1914,180.20000000000005,178,1.0,0.0,55.658587069282035,0.3839513873773329
1915,180.10000000000008,149,1.0,0.0,52.671353973598286,0.38375941168364425
1916,185.10000000000008,179,1.0,0.0,64.91292495800796,0.38356753197780247
1917,178.0999999999999,189,1.0,0.0,49.288957435775686,0.3833757482118136
1918,180.10000000000005,149,1.0,0.0,61.425276986304546,0.3831840603377077
1919,184.70000000000016,163,1.0,0.0,67.71610562274792,0.38299246830753886
1920,-81.6,36,0.0,1.0,85.68268727511168,0.3828009720733851
1921,-90.99999999999999,30,0.0,1.0,113.35619025230407,0.38260957158734843
1922,178.59999999999997,194,1.0,0.0,45.7367115059157,0.3824182668015548
1923,-81.19999999999999,32,0.0,1.0,33.64548689778894,0.382227057668154
1924,180.70000000000005,143,1.0,0.0,60.70443380545903,0.38203594413931996
1925,178.49999999999994,165,1.0,0.0,46.259646032253904,0.3818449261672503
1926,182.20000000000005,158,1.0,0.0,51.35355152133145,0.3816540037041667
1927,184.50000000000026,185,1.0,0.0,47.60669376552105,0.3814631767023146
1928,177.2,128,1.0,0.0,57.679062491166405,0.38127244511396347
1929,184.50000000000009,125,1.0,0.0,69.83642414164544,0.3810818088914065
1930,180.30000000000004,147,1.0,0.0,41.534757194369014,0.3808912679869608
1931,-77.4,34,0.0,1.0,94.4239823528949,0.38070082235296737
1932,-50.40000000000013,124,0.0,1.0,68.52263392111466,0.3805104719417909
1933,187.00000000000006,170,1.0,0.0,64.95640832694137,0.38032021670582
1934,182.5,165,1.0,0.0,63.370693078727435,0.3801300565974671
1935,181.30000000000013,157,1.0,0.0,46.47607627121886,0.3799399915691684
1936,-78.9,39,0.0,1.0,77.8413517115972,0.37975002157338383
1937,182.40000000000003,196,1.0,0.0,69.58935201183266,0.3795601465625972
1938,183.00000000000006,150,1.0,0.0,51.246198233366016,0.3793703664893159
1939,-68.70000000000005,77,0.0,1.0,61.99052920976242,0.37918068130607124
1940,-34.80000000000011,128,0.0,1.0,72.87399434531108,0.3789910909654182
1941,183.60000000000008,124,1.0,0.0,68.31899625014874,0.3788015954199355
1942,-87.19999999999999,32,0.0,1.0,39.24741499405354,0.37861219462222556
1943,-53.80000000000007,78,0.0,1.0,62.383071774091476,0.37842288852491446
1944,-36.3000000000001,113,0.0,1.0,65.63428874683063,0.37823367708065203
1945,173.2,168,1.0,0.0,65.66239422808091,0.37804456024211175
1946,-67.20000000000005,72,0.0,1.0,58.65377307186524,0.37785553796199073
1947,183.4000000000001,126,1.0,0.0,58.20386806662594,0.37766661019300973
1948,-65.30000000000004,63,0.0,1.0,96.09298461249897,0.37747777688791323
1949,182.4000000000001,156,1.0,0.0,63.48598062399871,0.3772890379994693
1950,187.80000000000007,122,1.0,0.0,61.8945682743778,0.3771003934804696
1951,175.90000000000003,191,1.0,0.0,50.3707108235484,0.3769118432837294
1952,180.30000000000007,167,1.0,0.0,58.74954901921178,0.37672338736208755
1953,186.4000000000002,156,1.0,0.0,60.745313482406814,0.3765350256684065
1954,-68.70000000000005,77,0.0,1.0,59.65942693414626,0.37634675815557234
1955,-63.70000000000005,87,0.0,1.0,47.245840676214506,0.37615858477649455
1956,-89.89999999999999,29,0.0,1.0,27.910835469591206,0.3759705054841063
1957,176.00000000000003,200,1.0,0.0,67.24086816035211,0.37578252023136427
1958,-51.400000000000055,74,0.0,1.0,54.39534779497095,0.3755946289712486
1959,-28.200000000000045,162,0.0,1.0,48.05851530532042,0.37540683165676303
1960,-51.00000000000006,90,0.0,1.0,60.436621619926555,0.3752191282409347
1961,186.30000000000007,147,1.0,0.0,52.10804674262498,0.3750315186768142
1962,-56.000000000000036,80,0.0,1.0,55.701774215698244,0.3748440029174758
1963,177.20000000000007,168,1.0,0.0,53.97091727801377,0.3746565809160171
1964,-55.500000000000064,85,0.0,1.0,71.14209464963744,0.37446925262555913
1965,186.70000000000007,163,1.0,0.0,67.17078274653002,0.3742820179992464
1966,176.4000000000002,176,1.0,0.0,58.288447894494645,0.3740948769902468
1967,-52.300000000000054,73,0.0,1.0,70.9797902805348,0.37390782955175167
1968,176.6,194,1.0,0.0,59.36048266967547,0.3737208756369758
1969,176.5,165,1.0,0.0,66.7132022812511,0.37353401519915735
1970,183.00000000000006,170,1.0,0.0,59.10639385055093,0.3733472481915578
1971,178.80000000000004,152,1.0,0.0,79.21237721578463,0.37316057456746204
1972,176.50000000000003,165,1.0,0.0,57.07885410433466,0.37297399428017836
1973,177.80000000000018,162,1.0,0.0,76.0091442776683,0.3727875072830383
1974,-43.90000000000008,89,0.0,1.0,82.32624931248387,0.3726011135293968
1975,185.80000000000007,142,1.0,0.0,50.81950726328601,0.3724148129726321
1976,183.0000000000001,190,1.0,0.0,53.082113590444386,0.37222860556614584
1977,-46.70000000000009,97,0.0,1.0,73.78906026974167,0.3720424912633628
1978,187.7000000000001,153,1.0,0.0,85.85520002362775,0.37185647001773114
1979,183.80000000000013,162,1.0,0.0,48.00374310509658,0.3716705417827223
1980,181.6000000000001,144,1.0,0.0,50.9478531214926,0.37148470651183096
1981,181.20000000000007,188,1.0,0.0,47.76642706696975,0.37129896415857505
1982,184.20000000000013,138,1.0,0.0,45.827531754106715,0.3711133146764958
1983,-76.9,39,0.0,1.0,58.30988942659818,0.37092775801915756
1984,183.70000000000027,173,1.0,0.0,63.68643147373475,0.370742294140148
1985,-66.50000000000006,95,0.0,1.0,90.1307229468697,0.3705569229930779
1986,-67.00000000000003,70,0.0,1.0,21.572115334016935,0.3703716445315814
1987,181.8000000000001,142,1.0,0.0,62.11611152818085,0.3701864587093156
1988,186.50000000000017,145,1.0,0.0,69.91363066270434,0.370001365479961
1989,-52.200000000000095,102,0.0,1.0,55.48495254154299,0.369816364797221
1990,187.0000000000001,150,1.0,0.0,35.63075758477052,0.36963145661482244
1991,174.4,156,1.0,0.0,46.07572632197004,0.3694466408865151
1992,182.30000000000018,187,1.0,0.0,40.295060158891474,0.36926191756607185
1993,69.9999999999999,200,0.0,0.0,72.3041266540438,0.36907728660728883
1994,177.90000000000006,151,1.0,0.0,41.458053386566654,0.3688927479639852
1995,180.60000000000002,154,1.0,0.0,43.604012113886995,0.36870830159000323
1996,189.80000000000024,162,1.0,0.0,65.97015205733938,0.36852394743920824
1997,181.70000000000005,133,1.0,0.0,43.94275948069149,0.3683396854654887
1998,-44.40000000000009,104,0.0,1.0,57.65171462813249,0.36815551562275595
1999,187.30000000000015,197,1.0,0.0,74.0802771014913,0.3679714378649446
2000,184.20000000000022,178,1.0,0.0,68.31683977186847,0.3677874521460121
2001,-46.70000000000009,97,0.0,1.0,75.61913345585164,0.36760355841993914
2002,173.30000000000007,177,1.0,0.0,53.4630971953357,0.3674197566407292
2003,-24.99999999999997,130,0.0,1.0,62.57159779094733,0.36723604676240884
2004,184.6000000000002,154,1.0,0.0,43.5526816497569,0.36705242873902766
2005,184.30000000000013,147,1.0,0.0,45.386743968846844,0.36686890252465815
2006,-64.90000000000003,59,0.0,1.0,85.27617255282604,0.36668546807339586
2007,-48.30000000000008,93,0.0,1.0,63.49834743029969,0.36650212533935916
2008,185.70000000000016,153,1.0,0.0,42.979244602953685,0.3663188742766895
2009,187.0000000000002,170,1.0,0.0,57.995338449495684,0.3661357148395512
2010,182.2,178,1.0,0.0,77.83626994046938,0.3659526469821314
2011,178.50000000000023,185,1.0,0.0,63.87697272212119,0.36576967065864036
2012,181.40000000000015,166,1.0,0.0,54.87456315585289,0.36558678582331106
2013,183.9000000000001,151,1.0,0.0,72.03566332348925,0.3654039924303994
2014,187.20000000000024,168,1.0,0.0,59.49052800681619,0.3652212904341842
2015,180.4000000000002,176,1.0,0.0,56.70963310619647,0.36503867978896715
2016,186.80000000000013,152,1.0,0.0,45.511674810593064,0.3648561604490727
2017,185.90000000000015,171,1.0,0.0,73.75951978407409,0.3646737323688482
2018,78.00000000000006,200,0.0,0.0,66.39960872724652,0.3644913955026638
2019,183.00000000000014,170,1.0,0.0,49.90970834484872,0.36430914980491247
2020,84.00000000000017,200,0.0,0.0,52.1629474850744,0.36412699523001
2021,185.1000000000002,159,1.0,0.0,47.78051037795888,0.36394493173239506
2022,186.90000000000015,181,1.0,0.0,64.94256191103827,0.3637629592665289
2023,186.50000000000037,185,1.0,0.0,56.70371107781256,0.3635810777868957
2024,173.9000000000001,151,1.0,0.0,63.750331160445874,0.36339928724800225
2025,-80.0,40,0.0,1.0,37.7240178078413,0.3632175876043783
2026,185.10000000000005,159,1.0,0.0,60.9257518903077,0.3630359788105761
2027,183.50000000000003,195,1.0,0.0,62.52616999989901,0.36285446082117084
2028,67.99999999999996,200,0.0,0.0,54.5976898252219,0.36267303359076025
2029,-61.10000000000004,61,0.0,1.0,37.405822211601695,0.3624916970739649
2030,-74.9,39,0.0,1.0,72.96218340213483,0.36231045122542793
2031,-39.200000000000095,112,0.0,1.0,50.680949822068214,0.36212929599981525
2032,182.20000000000005,178,1.0,0.0,58.966949953540656,0.36194823135181536
2033,-84.39999999999999,24,0.0,1.0,92.66366917391618,0.36176725723613945
2034,84.00000000000045,200,0.0,0.0,69.6551980895549,0.3615863736075214
2035,171.30000000000018,157,1.0,0.0,66.2972312103601,0.36140558042071763
2036,72.0000000000002,200,0.0,0.0,66.07980678439141,0.3612248776305073
2037,-84.29999999999998,33,0.0,1.0,30.54930356144905,0.3610442651916921
2038,188.2000000000003,198,1.0,0.0,44.81522685048556,0.36086374305909624
2039,-33.40000000000008,114,0.0,1.0,37.03844593060121,0.3606833111875667
2040,-83.69999999999999,27,0.0,1.0,37.35556168136773,0.3605029695319729
2041,-28.300000000000082,133,0.0,1.0,70.4330836975933,0.36032271804720695
2042,86.00000000000024,200,0.0,0.0,47.92580782324076,0.36014255668818335
2043,180.10000000000014,189,1.0,0.0,66.8296375961373,0.3599624854098393
2044,186.50000000000017,165,1.0,0.0,50.95874655120301,0.35978250416713436
2045,173.39999999999998,146,1.0,0.0,46.5649274930562,0.3596026129150508
2046,177.90000000000003,151,1.0,0.0,81.49665377965037,0.3594228116085933
2047,181.10000000000002,179,1.0,0.0,42.191462465005216,0.35924310020278905
2048,175.9000000000001,151,1.0,0.0,60.57437655665227,0.3590634786526877
2049,177.70000000000005,153,1.0,0.0,67.90181135157354,0.35888394691336134
2050,78.0000000000004,200,0.0,0.0,74.42588644176722,0.3587045049399047
2051,-42.200000000000095,102,0.0,1.0,49.093810557734734,0.35852515268743473
2052,177.60000000000025,184,1.0,0.0,76.43084967136383,0.358345890111091
2053,-87.8,18,0.0,1.0,67.2375784582562,0.3581667171660355
2054,176.79999999999998,152,1.0,0.0,57.146962851874136,0.35798763380745247
2055,174.69999999999993,183,1.0,0.0,62.74865064122638,0.35780863999054874
2056,179.10000000000008,179,1.0,0.0,66.16831364453505,0.3576297356705535
2057,184.90000000000012,141,1.0,0.0,70.18065641461112,0.35745092080271823
2058,179.80000000000027,182,1.0,0.0,57.554003981116054,0.3572721953423169
2059,178.20000000000016,198,1.0,0.0,75.13438175626175,0.35709355924464575
2060,190.00000000000017,180,1.0,0.0,63.163013964063595,0.35691501246502344
2061,-52.300000000000075,93,0.0,1.0,73.60978538695203,0.356736554958791
2062,66.00000000000055,200,0.0,0.0,66.48233227141202,0.3565581866813116
2063,191.70000000000013,193,1.0,0.0,56.09891836167617,0.356379907587971
2064,78.00000000000006,200,0.0,0.0,61.31935511901975,0.356201717634177
2065,177.20000000000033,188,1.0,0.0,67.41780717908702,0.35602361677535993
2066,-80.60000000000001,46,0.0,1.0,65.78435375314692,0.35584560496697226
2067,181.9000000000001,151,1.0,0.0,57.17667696521377,0.3556676821644888
2068,192.00000000000034,180,1.0,0.0,53.011083443628415,0.3554898483234066
2069,-55.10000000000005,61,0.0,1.0,40.8737644611812,0.3553121033992449
2070,-85.49999999999999,25,0.0,1.0,32.33294864416123,0.3551344473475453
2071,176.30000000000013,187,1.0,0.0,51.12455476939997,0.35495688012387155
2072,-83.1,21,0.0,1.0,121.6857089073885,0.3547794016838096
2073,-55.200000000000074,92,0.0,1.0,49.070053507614396,0.3546020119829677
2074,-73.60000000000001,56,0.0,1.0,48.185703503234045,0.35442471097697625
2075,176.3,147,1.0,0.0,46.76254921664997,0.3542474986214878
2076,-70.80000000000003,48,0.0,1.0,101.41337570734322,0.3540703748721771
2077,178.9,121,1.0,0.0,70.24969888841811,0.353893339684741
2078,176.4000000000001,196,1.0,0.0,83.76655830549342,0.35371639301489866
2079,174.2000000000003,198,1.0,0.0,54.61183316666972,0.35353953481839123
2080,178.80000000000015,172,1.0,0.0,66.25597906745104,0.3533627650509821
2081,186.3000000000001,167,1.0,0.0,71.57211575991737,0.3531860836684566
2082,186.40000000000012,136,1.0,0.0,35.17933054608019,0.3530094906266224
2083,182.8000000000001,172,1.0,0.0,37.964972548273415,0.3528329858813091
2084,172.9999999999999,190,1.0,0.0,51.702634531573246,0.3526565693883685
2085,186.00000000000017,140,1.0,0.0,58.42097062064069,0.3524802411036743
2086,72.00000000000024,200,0.0,0.0,73.45575689017772,0.3523040009831225
2087,-68.30000000000003,73,0.0,1.0,99.2079630808471,0.35212784898263094
2088,178.20000000000033,198,1.0,0.0,66.17187569312978,0.3519517850581396
2089,176.70000000000016,143,1.0,0.0,84.6906028264886,0.3517758091656106
2090,184.20000000000005,158,1.0,0.0,46.66248945910719,0.3515999212610278
2091,78.00000000000043,200,0.0,0.0,76.38610598921775,0.3514241213003973
2092,78.00000000000045,200,0.0,0.0,73.35389603421092,0.3512484092397471
2093,181.30000000000015,177,1.0,0.0,65.80032964842131,0.35107278503512723
2094,181.50000000000014,155,1.0,0.0,91.04420444869226,0.3508972486426097
2095,183.40000000000006,146,1.0,0.0,74.35368879323136,0.3507218000182884
2096,182.70000000000002,163,1.0,0.0,70.37213481770702,0.35054643911827926
2097,-78.3,33,0.0,1.0,37.27422114484238,0.35037116589872014
2098,183.20000000000005,128,1.0,0.0,77.27869808557443,0.3501959803157708
2099,-61.10000000000003,81,0.0,1.0,52.86165135105451,0.35002088232561296
2100,185.90000000000032,191,1.0,0.0,75.75636055581857,0.34984587188445015
2101,185.60000000000016,164,1.0,0.0,44.72981510783841,0.349670948948508
2102,174.70000000000022,163,1.0,0.0,71.80343357624452,0.34949611347403375
2103,179.40000000000015,166,1.0,0.0,83.8903392335198,0.34932136541729675
2104,182.30000000000024,167,1.0,0.0,68.86005749745283,0.34914670473458814
2105,182.10000000000014,169,1.0,0.0,36.114696750979455,0.3489721313822209
2106,176.00000000000006,160,1.0,0.0,42.16410925388336,0.3487976453165298
2107,-45.00000000000008,90,0.0,1.0,76.91220799850093,0.34862324649387155
2108,68.00000000000016,200,0.0,0.0,70.51717527970672,0.3484489348706246
2109,-56.20000000000005,82,0.0,1.0,40.94903519186305,0.3482747104031893
2110,-84.6,26,0.0,1.0,24.535120202944828,0.34810057304798775
2111,180.7000000000001,163,1.0,0.0,72.38738023028051,0.3479265227614638
2112,-80.69999999999999,37,0.0,1.0,17.00928760541452,0.3477525595000831
2113,183.9000000000001,171,1.0,0.0,72.773003747763,0.3475786832203331
2114,70.00000000000026,200,0.0,0.0,91.19080441609024,0.3474048938787229
2115,-76.19999999999999,42,0.0,1.0,120.43782372985568,0.3472311914317836
2116,-25.90000000000005,149,0.0,1.0,50.71771308979732,0.3470575758360677
2117,-81.6,36,0.0,1.0,65.34988771875699,0.3468840470481497
2118,-85.79999999999998,18,0.0,1.0,132.63338337010808,0.34671060502462564
2119,-71.60000000000001,36,0.0,1.0,123.87976673410998,0.34653724972211336
2120,175.30000000000007,157,1.0,0.0,102.2070778334976,0.3463639810972523
2121,-68.10000000000002,51,0.0,1.0,56.2583125695294,0.3461907991067037
2122,177.1,159,1.0,0.0,78.08931368345735,0.34601770370715035
2123,174.80000000000013,172,1.0,0.0,53.3052259378655,0.3458446948552968
2124,80.00000000000023,200,0.0,0.0,46.19087851047516,0.3456717725078692
2125,-38.00000000000012,120,0.0,1.0,76.06981905934711,0.34549893662161524
2126,-59.70000000000003,67,0.0,1.0,47.810887461722785,0.34532618715330443
2127,177.29999999999995,197,1.0,0.0,84.90351517899387,0.3451535240597278
2128,188.0000000000002,180,1.0,0.0,58.010869666106174,0.34498094729769796
2129,182.00000000000006,160,1.0,0.0,52.49437295403332,0.34480845682404915
2130,62.00000000000004,200,0.0,0.0,50.69885848723352,0.3446360525956371
2131,183.20000000000016,148,1.0,0.0,54.24598407040577,0.3444637345693393
2132,-76.2,42,0.0,1.0,87.78112369988646,0.34429150270205466
2133,177.8,162,1.0,0.0,64.16442433919435,0.34411935695070367
2134,178.10000000000008,149,1.0,0.0,38.779759710767124,0.34394729727222834
2135,184.00000000000006,160,1.0,0.0,88.07228448726237,0.34377532362359225
2136,74.0000000000001,200,0.0,0.0,65.5451445709914,0.3436034359617805
2137,177.99999999999994,180,1.0,0.0,60.40080371316936,0.34343163424379963
2138,-46.30000000000006,93,0.0,1.0,36.85467644404339,0.34325991842667775
2139,-83.29999999999998,23,0.0,1.0,58.97178012780521,0.3430882884674644
2140,181.4000000000001,146,1.0,0.0,61.015613403732644,0.3429167443232307
2141,180.90000000000026,181,1.0,0.0,69.37072125620605,0.3427452859510691
2142,-69.50000000000003,45,0.0,1.0,71.97532490226958,0.3425739133080936
2143,181.30000000000013,157,1.0,0.0,71.48769869593679,0.3424026263514396
2144,-66.60000000000007,86,0.0,1.0,104.49899976509948,0.34223142503826387
2145,-56.6000000000001,106,0.0,1.0,103.21663946869238,0.34206030932574477
2146,183.70000000000033,193,1.0,0.0,56.66991040959877,0.3418892791710819
2147,84.00000000000009,200,0.0,0.0,65.53908129781485,0.3417183345314964
2148,-77.5,45,0.0,1.0,93.95889171030787,0.3415474753642307
2149,180.8,152,1.0,0.0,53.32549297642943,0.3413767016265486
2150,63.99999999999999,200,0.0,0.0,48.40477142646909,0.34120601327573535
2151,179.20000000000013,148,1.0,0.0,79.44586706926694,0.3410354102690975
2152,178.90000000000003,161,1.0,0.0,80.51364460846652,0.34086489256396296
2153,173.29999999999993,157,1.0,0.0,67.2790555686328,0.340694460117681
2154,78.00000000000054,200,0.0,0.0,61.97682797834277,0.3405241128876222
2155,177.89999999999998,151,1.0,0.0,72.95412548962018,0.3403538508311784
2156,58.00000000000014,200,0.0,0.0,76.5519937337935,0.3401836739057629
2157,176.09999999999997,129,1.0,0.0,85.26465968290965,0.34001358206881
2158,-57.40000000000004,74,0.0,1.0,64.19512718352112,0.3398435752777756
2159,-71.60000000000001,36,0.0,1.0,39.33665169816878,0.33967365349013673
2160,-76.9,39,0.0,1.0,83.88984769277083,0.3395038166633917
2161,180.1000000000003,189,1.0,0.0,78.42255461783637,0.33933406475506
2162,-77.3,43,0.0,1.0,99.0645500574001,0.3391643977226825
2163,76.00000000000014,200,0.0,0.0,71.5844320166111,0.33899481552382116
2164,-72.00000000000003,80,0.0,1.0,107.22221516594291,0.33882531811605926
2165,184.00000000000017,160,1.0,0.0,69.39733821433038,0.33865590545700125
2166,183.00000000000017,190,1.0,0.0,74.48000355080555,0.33848657750427275
2167,180.80000000000018,172,1.0,0.0,48.40889785057583,0.3383173342155206
2168,80.00000000000007,200,0.0,0.0,67.33350560486316,0.33814817554841287
2169,190.20000000000022,158,1.0,0.0,67.53128206069711,0.3379791014606387
2170,-83.6,36,0.0,1.0,119.65576438688569,0.3378101119099084
2171,188.80000000000018,152,1.0,0.0,58.89546796777531,0.33764120685395344
2172,180.2000000000002,178,1.0,0.0,57.36169832367241,0.3374723862505265
2173,179.80000000000004,142,1.0,0.0,34.733965154265015,0.33730365005740126
2174,72.00000000000018,200,0.0,0.0,78.59717958554626,0.3371349982323726
2175,80.0000000000004,200,0.0,0.0,69.44805421873927,0.33696643073325644
2176,-82.79999999999998,28,0.0,1.0,64.98980545146125,0.33679794751788983
2177,183.40000000000006,166,1.0,0.0,101.67621720501457,0.3366295485441309
2178,-50.40000000000006,84,0.0,1.0,38.40294755356653,0.33646123376985887
2179,-70.30000000000003,53,0.0,1.0,66.66703935782864,0.33629300315297395
2180,-71.30000000000003,63,0.0,1.0,62.475373051232765,0.33612485665139746
2181,-60.90000000000003,59,0.0,1.0,62.03755851064698,0.3359567942230718
2182,-54.30000000000005,73,0.0,1.0,88.44735636368189,0.33578881582596026
2183,-68.80000000000003,48,0.0,1.0,48.16151851415634,0.3356209214180473
2184,183.50000000000006,155,1.0,0.0,54.84670203981861,0.33545311095733826
2185,-69.50000000000011,125,0.0,1.0,76.08118987178803,0.3352853844018596
2186,-38.19999999999971,182,0.0,1.0,79.26523317241079,0.3351177417096587
2187,-71.40000000000009,94,0.0,1.0,118.01589777463295,0.3349501828388039
2188,181.10000000000014,179,1.0,0.0,57.42661617488169,0.3347827077473845
2189,80.0000000000005,200,0.0,0.0,61.73850744463503,0.33461531639351083
2190,-72.2000000000001,122,0.0,1.0,88.76756031982234,0.3344480087353141
2191,189.00000000000017,150,1.0,0.0,53.31740892469883,0.33428078473094647
2192,191.4000000000002,186,1.0,0.0,66.6406497720589,0.33411364433858104
2193,-35.30000000000011,123,0.0,1.0,127.75020381517527,0.33394658751641176
2194,-81.2,32,0.0,1.0,99.02922629099339,0.33377961422265356
2195,178.4000000000001,136,1.0,0.0,106.69037630869185,0.33361272441554224
2196,181.50000000000009,155,1.0,0.0,70.99498032369921,0.3334459180533345
2197,-54.800000000000075,88,0.0,1.0,22.567818829281762,0.33327919509430787
2198,183.10000000000014,139,1.0,0.0,61.820860873023385,0.3331125554967607
2199,-64.7000000000001,117,0.0,1.0,82.09261268046167,0.33294599921901236
2200,-26.299999999999898,133,0.0,1.0,61.59257706910148,0.3327795262194029
2201,-48.00000000000009,100,0.0,1.0,60.34492606312037,0.3326131364562932
2202,188.5000000000001,145,1.0,0.0,64.32875681581169,0.33244682988806507
2203,178.20000000000005,158,1.0,0.0,53.77317866051121,0.3322806064731211
2204,174.20000000000005,158,1.0,0.0,76.7445455417037,0.33211446616988455
2205,182.2000000000001,158,1.0,0.0,82.71642678655401,0.3319484089367996
2206,178.20000000000007,138,1.0,0.0,51.73936579192894,0.3317824347323312
2207,-43.5000000000001,105,0.0,1.0,95.50019027448836,0.33161654351496506
2208,185.1000000000002,179,1.0,0.0,91.5781171977853,0.3314507352432076
2209,-54.00000000000008,100,0.0,1.0,74.20766922533512,0.331285009875586
2210,181.9000000000002,151,1.0,0.0,60.70762643267382,0.33111936737064823
2211,179.50000000000017,155,1.0,0.0,64.84508680297482,0.3309538076869629
2212,179.19999999999996,188,1.0,0.0,65.97209955403146,0.3307883307831195
2213,-21.299999999999898,143,0.0,1.0,63.077459642937136,0.33062293661772796
2214,183.30000000000007,137,1.0,0.0,108.05786690028914,0.3304576251494191
2215,187.80000000000013,162,1.0,0.0,92.07047162462531,0.33029239633684443
2216,-36.50000000000011,115,0.0,1.0,68.65469466629236,0.330127250138676
2217,191.1000000000002,159,1.0,0.0,69.24487633384624,0.3299621865136067
2218,183.90000000000003,131,1.0,0.0,88.37679522069357,0.3297972054203499
2219,183.0,170,1.0,0.0,53.909678006522796,0.3296323068176397
2220,-77.6,36,0.0,1.0,97.02212393863334,0.3294674906642309
2221,-66.10000000000002,51,0.0,1.0,60.38447537872137,0.3293027569188988
2222,186.7000000000001,143,1.0,0.0,52.02304922325628,0.3291381055404394
2223,-80.1,31,0.0,1.0,85.46453285409558,0.3289735364876692
2224,183.90000000000012,151,1.0,0.0,83.66193542062052,0.3288090497194254
2225,176.39999999999995,156,1.0,0.0,104.6883428699504,0.32864464519456565
2226,186.60000000000014,154,1.0,0.0,80.69862771701891,0.3284803228719684
2227,186.3000000000001,167,1.0,0.0,67.06919502283999,0.3283160827105324
2228,-80.4,44,0.0,1.0,118.48042772236195,0.3281519246691772
2229,-62.50000000000003,55,0.0,1.0,68.60763700496067,0.3279878487068426
2230,-36.800000000000104,128,0.0,1.0,101.84256761614233,0.3278238547824892
2231,74.00000000000041,200,0.0,0.0,59.69286999776959,0.327659942855098
2232,186.40000000000032,196,1.0,0.0,90.72132120175021,0.3274961128836704
2233,179.50000000000006,155,1.0,0.0,53.214418456535185,0.3273323648272286
2234,-43.50000000000009,105,0.0,1.0,77.60401700280961,0.327168698644815
2235,191.70000000000024,153,1.0,0.0,116.80251367380417,0.3270051142954926
2236,185.20000000000013,148,1.0,0.0,54.162340349240885,0.32684161173834486
2237,179.60000000000002,124,1.0,0.0,62.82670827510376,0.3266781909324757
2238,-45.300000000000075,83,0.0,1.0,83.89557077062418,0.32651485183700946
2239,-42.900000000000084,99,0.0,1.0,70.61958106102968,0.32635159441109096
2240,184.90000000000003,141,1.0,0.0,79.6826738890604,0.3261884186138854
2241,181.90000000000012,151,1.0,0.0,51.146621344697394,0.3260253244045785
2242,-66.00000000000001,40,0.0,1.0,54.11884121447802,0.32586231174237623
2243,-84.69999999999999,37,0.0,1.0,112.62165836546872,0.32569938058650505
2244,181.80000000000007,182,1.0,0.0,105.18611673535881,0.3255365308962118
2245,-58.00000000000005,60,0.0,1.0,81.16401334702968,0.32537376263076373
2246,186.3000000000001,127,1.0,0.0,94.07717899896028,0.32521107574944835
2247,185.7000000000001,153,1.0,0.0,74.04655556974848,0.3250484702115736
2248,182.20000000000005,158,1.0,0.0,64.59835245922396,0.32488594597646786
2249,183.60000000000005,144,1.0,0.0,67.97852186506822,0.32472350300347963
2250,186.70000000000002,143,1.0,0.0,65.30883559605458,0.3245611412519779
2251,-87.19999999999999,32,0.0,1.0,48.458316665142775,0.32439886068135193
2252,184.7000000000001,143,1.0,0.0,65.91421721828776,0.32423666125101125
2253,174.3,147,1.0,0.0,52.91335662946003,0.3240745429203858
2254,184.10000000000008,149,1.0,0.0,62.924487818607545,0.3239125056489256
2255,185.90000000000003,151,1.0,0.0,85.20771471356714,0.32375054939610115
2256,-81.1,41,0.0,1.0,94.571515733149,0.32358867412140313
2257,190.50000000000023,165,1.0,0.0,92.30690248753085,0.3234268797843424
2258,184.60000000000008,134,1.0,0.0,84.11975280718127,0.3232651663444503
2259,74.0000000000003,200,0.0,0.0,79.19815836951136,0.3231035337612781
2260,188.0000000000002,140,1.0,0.0,77.40638499100294,0.3229419819943975
2261,-80.5,35,0.0,1.0,30.503722651941434,0.3227805110034003
2262,-55.90000000000005,69,0.0,1.0,78.69161040022753,0.32261912074789867
2263,-80.69999999999999,37,0.0,1.0,41.99602256755571,0.32245781118752476
2264,-49.30000000000006,83,0.0,1.0,70.35683832218848,0.32229658228193103
2265,182.00000000000006,160,1.0,0.0,51.301136408746245,0.3221354339907901
2266,-86.79999999999998,28,0.0,1.0,87.48480867488044,0.3219743662737947
2267,194.2000000000001,178,1.0,0.0,61.184272026078084,0.3218133790906578
2268,-75.5,45,0.0,1.0,102.37461733222008,0.3216524724011125
2269,-82.0,40,0.0,1.0,70.97769157961011,0.32149164616491194
2270,-39.50000000000015,145,0.0,1.0,66.99513553884523,0.3213309003418295
2271,180.29999999999998,167,1.0,0.0,65.89751761286202,0.3211702348916586
2272,-73.10000000000002,61,0.0,1.0,119.2482503491347,0.32100964977421276
2273,182.40000000000006,156,1.0,0.0,60.49283089584265,0.32084914494932565
2274,188.5000000000001,145,1.0,0.0,95.8314066520025,0.320688720376851
2275,184.30000000000013,147,1.0,0.0,78.64036208634474,0.32052837601666256
2276,186.90000000000015,141,1.0,0.0,72.03228216591879,0.32036811182865427
2277,186.30000000000013,147,1.0,0.0,79.3946147028889,0.32020792777273993
2278,183.2000000000001,168,1.0,0.0,108.56850598912153,0.3200478238088536
2279,-56.700000000000074,97,0.0,1.0,80.43532433921528,0.3198877998969492
2280,184.40000000000035,176,1.0,0.0,71.0578688361936,0.31972785599700076
2281,184.70000000000002,123,1.0,0.0,85.98592819382505,0.31956799206900227
2282,183.90000000000006,131,1.0,0.0,52.109011619259384,0.31940820807296777
2283,-70.10000000000002,51,0.0,1.0,83.70129682561931,0.3192485039689313
2284,182.60000000000008,134,1.0,0.0,47.24140496407427,0.3190888797169468
2285,-90.6,26,0.0,1.0,152.68874310988647,0.3189293352770884
2286,-63.30000000000004,63,0.0,1.0,126.27906836403741,0.31876987060944983
2287,-69.60000000000002,56,0.0,1.0,60.590293750699075,0.3186104856741451
2288,179.3,137,1.0,0.0,67.51874303980901,0.31845118043130805
2289,-44.90000000000006,79,0.0,1.0,51.487932940638515,0.3182919548410924
2290,183.60000000000008,164,1.0,0.0,97.31226218001144,0.3181328088636719
2291,184.4000000000001,136,1.0,0.0,60.05442306256908,0.3179737424592401
2292,182.30000000000007,147,1.0,0.0,81.94471062811054,0.3178147555880105
2293,184.00000000000023,160,1.0,0.0,101.17477822462097,0.3176558482102165
2294,-93.8,18,0.0,1.0,8.668683911363283,0.3174970202861114
2295,-69.50000000000001,45,0.0,1.0,106.60625146693654,0.31733827177596835
2296,181.40000000000003,166,1.0,0.0,61.7964691929968,0.3171796026400804
2297,172.99999999999994,130,1.0,0.0,69.02332379783576,0.3170210128387604
2298,-43.20000000000006,72,0.0,1.0,60.448202136904,0.31686250233234103
2299,183.80000000000007,142,1.0,0.0,52.523393361921045,0.3167040710811749
2300,182.2000000000001,138,1.0,0.0,63.48649384653655,0.31654571904563433
2301,177.2000000000001,148,1.0,0.0,89.29748030882833,0.31638744618611153
2302,72.00000000000034,200,0.0,0.0,74.42838327087462,0.3162292524630185
2303,186.30000000000013,147,1.0,0.0,92.80705168498616,0.316071137836787
2304,178.2,138,1.0,0.0,89.24173384969649,0.3159131022678686
2305,-44.900000000000084,99,0.0,1.0,82.80163823459486,0.3157551457167347
2306,182.20000000000002,158,1.0,0.0,77.67067862660447,0.31559726814387634
2307,-29.400000000000063,114,0.0,1.0,72.21724884042092,0.3154394695098044
2308,181.40000000000003,146,1.0,0.0,95.3554827168788,0.3152817497750495
2309,181.3,157,1.0,0.0,65.55282459128055,0.315124108900162
2310,179.9000000000002,151,1.0,0.0,79.6920261727461,0.31496654684571196
2311,74.00000000000037,200,0.0,0.0,70.28666896119714,0.3148090635722891
2312,182.2000000000001,118,1.0,0.0,73.4492458472565,0.31465165904050296
2313,183.50000000000006,175,1.0,0.0,51.618530120083264,0.31449433321098275
2314,-52.300000000000054,73,0.0,1.0,46.67857676091259,0.31433708604437727
2315,179.89999999999998,171,1.0,0.0,73.57845738120595,0.3141799175013551
2316,-49.40000000000006,74,0.0,1.0,84.74013284251497,0.31402282754260447
2317,182.40000000000015,176,1.0,0.0,71.72420559180054,0.3138658161288332
2318,-88.89999999999999,19,0.0,1.0,62.576848517907294,0.3137088832207688
2319,-74.9,39,0.0,1.0,82.15254512047156,0.31355202877915844
2320,186.70000000000007,183,1.0,0.0,65.41684823943292,0.3133952527647689
2321,190.20000000000016,158,1.0,0.0,79.86838602925403,0.3132385551383865
2322,186.7000000000001,143,1.0,0.0,116.22059294748139,0.31308193586081734
2323,80.00000000000045,200,0.0,0.0,59.644806293174625,0.31292539489288695
2324,186.7000000000001,163,1.0,0.0,81.360946882539,0.31276893219544055
2325,-76.80000000000001,48,0.0,1.0,71.13330432710548,0.3126125477293428
2326,78.00000000000045,200,0.0,0.0,68.31033305168152,0.3124562414554782
2327,184.0,160,1.0,0.0,81.03231792990118,0.31230001333475044
2328,-46.90000000000012,119,0.0,1.0,55.53920730297305,0.3121438633280831
2329,178.59999999999997,154,1.0,0.0,74.53564181164295,0.3119877913964191
2330,185.70000000000016,153,1.0,0.0,64.8502397988162,0.3118317975007209
2331,179.1,139,1.0,0.0,96.56598430368112,0.3116758816019705
2332,178.69999999999996,163,1.0,0.0,68.58151718133067,0.31152004366116953
2333,78.00000000000027,200,0.0,0.0,86.038131897524,0.311364283639339
2334,-40.30000000000011,113,0.0,1.0,92.57083116999242,0.31120860149751933
2335,183.30000000000007,157,1.0,0.0,81.39162693082527,0.3110529971967706
2336,186.70000000000016,143,1.0,0.0,70.71458846757879,0.31089747069817225
2337,179.0,150,1.0,0.0,72.89441083600124,0.3107420219628232
2338,178.7,143,1.0,0.0,52.12127719121379,0.3105866509518418
2339,-49.800000000000075,78,0.0,1.0,55.58390835175911,0.31043135762636587
2340,188.90000000000012,161,1.0,0.0,57.77504776658849,0.3102761419475527
2341,182.50000000000006,145,1.0,0.0,43.29077895663936,0.3101210038765789
2342,-55.80000000000004,78,0.0,1.0,83.128216167291,0.3099659433746407
2343,182.30000000000007,167,1.0,0.0,45.09893233395979,0.30981096040295336
2344,-61.40000000000003,54,0.0,1.0,22.271524481199407,0.3096560549227519
2345,180.30000000000004,147,1.0,0.0,88.22970629823045,0.3095012268952905
2346,189.90000000000015,151,1.0,0.0,52.39397660924109,0.3093464762818429
2347,-68.00000000000001,40,0.0,1.0,82.75280534029007,0.30919180304370203
2348,-70.4,44,0.0,1.0,139.300629616461,0.3090372071421802
2349,-71.00000000000007,90,0.0,1.0,79.36520089126296,0.3088826885386091
2350,-85.29999999999998,43,0.0,1.0,71.57652916915195,0.30872824719433983
2351,72.00000000000037,200,0.0,0.0,68.02758285067975,0.3085738830707427
2352,-74.10000000000002,51,0.0,1.0,55.04182780490202,0.30841959612920733
2353,-41.60000000000011,116,0.0,1.0,80.53519272097739,0.30826538633114275
2354,-41.300000000000075,103,0.0,1.0,84.37287129071153,0.3081112536379772
2355,-46.80000000000008,88,0.0,1.0,60.17919100651687,0.30795719801115823
2356,184.60000000000008,154,1.0,0.0,61.48854658675271,0.30780321941215266
2357,183.50000000000006,135,1.0,0.0,77.92210838883011,0.3076493178024466
2358,72.00000000000036,200,0.0,0.0,92.19152948111295,0.3074954931435454
2359,-75.4,34,0.0,1.0,68.98493237618138,0.3073417453969737
2360,-67.10000000000004,61,0.0,1.0,71.9616018804859,0.3071880745242752
2361,-85.49999999999999,45,0.0,1.0,131.53736059533225,0.3070344804870131
2362,186.50000000000009,125,1.0,0.0,89.43790499520301,0.3068809632467696
2363,184.0000000000001,180,1.0,0.0,78.58211502565278,0.30672752276514625
2364,183.50000000000006,155,1.0,0.0,51.30761796159129,0.3065741590037637
2365,185.50000000000006,135,1.0,0.0,51.37268844798759,0.3064208719242619
2366,186.80000000000007,152,1.0,0.0,82.15310578332527,0.30626766148829976
2367,179.3,137,1.0,0.0,88.71325840142957,0.30611452765755565
2368,-39.40000000000011,134,0.0,1.0,39.059500460415634,0.3059614703937269
2369,181.20000000000016,128,1.0,0.0,95.9530945296865,0.30580848965853
2370,-39.30000000000007,143,0.0,1.0,58.4471233348538,0.3056555854137008
2371,-83.0,30,0.0,1.0,32.39054534832636,0.305502757620994
2372,-74.9,39,0.0,1.0,73.79621885296626,0.3053500062421835
2373,176.80000000000024,192,1.0,0.0,101.4035448404805,0.30519733123906245
2374,182.10000000000014,129,1.0,0.0,63.34809061030085,0.30504473257344294
2375,186.40000000000012,156,1.0,0.0,96.78828746911425,0.30489221020715623
2376,-71.00000000000003,70,0.0,1.0,48.749903372142995,0.30473976410205267
2377,-81.89999999999999,29,0.0,1.0,92.20548674155926,0.30458739422000164
2378,-46.50000000000011,115,0.0,1.0,96.26805460064307,0.30443510052289163
2379,182.50000000000014,145,1.0,0.0,58.8763657358186,0.30428288297263023
2380,184.80000000000004,152,1.0,0.0,99.8485226335102,0.30413074153114394
2381,-62.10000000000003,51,0.0,1.0,39.13236146697811,0.3039786761603784
2382,-85.6,36,0.0,1.0,84.63987955368228,0.3038266868222982
2383,187.60000000000014,144,1.0,0.0,96.4017743040911,0.30367477347888705
2384,-47.50000000000005,85,0.0,1.0,93.53325038797715,0.30352293609214764
2385,185.2000000000001,168,1.0,0.0,73.76692731784922,0.30337117462410157
2386,179.0000000000001,130,1.0,0.0,102.75651890268692,0.3032194890367895
2387,183.0,150,1.0,0.0,77.07258884390195,0.30306787929227114
2388,183.10000000000008,159,1.0,0.0,108.4301987095449,0.302916345352625
2389,184.60000000000014,134,1.0,0.0,106.84872873016258,0.3027648871799487
2390,-87.39999999999999,14,0.0,1.0,61.41019556777818,0.30261350473635873
2391,183.50000000000003,155,1.0,0.0,85.59123858944062,0.30246219798399054
2392,184.60000000000008,154,1.0,0.0,61.87873038920489,0.3023109668849986
2393,-62.30000000000003,73,0.0,1.0,111.52346127878313,0.3021598114015561
2394,180.4000000000001,136,1.0,0.0,74.20291031261577,0.3020087314958554
2395,186.30000000000013,147,1.0,0.0,64.39228323183092,0.3018577271301075
2396,195.30000000000015,157,1.0,0.0,59.89852844852551,0.30170679826654245
2397,186.30000000000007,147,1.0,0.0,63.41136169474141,0.3015559448674092
2398,185.50000000000023,175,1.0,0.0,67.53320471252714,0.30140516689497554
2399,178.3,127,1.0,0.0,68.80507730452095,0.3012544643115281
2400,185.60000000000008,144,1.0,0.0,90.14724767797937,0.3011038370793723
2401,185.50000000000014,135,1.0,0.0,71.17424737766937,0.30095328516083264
2402,-34.600000000000094,106,0.0,1.0,71.68925238288236,0.30080280851825225
2403,-53.60000000000007,76,0.0,1.0,125.97770803500163,0.30065240711399316
2404,-63.20000000000003,72,0.0,1.0,65.56252640982468,0.3005020809104362
2405,-67.20000000000003,52,0.0,1.0,65.05944908696871,0.300351829869981
2406,191.70000000000013,133,1.0,0.0,82.24061353717532,0.300201653955046
2407,183.50000000000006,155,1.0,0.0,71.95087394618218,0.30005155312806847
2408,187.80000000000007,122,1.0,0.0,65.5984045687269,0.29990152735150444
2409,-51.30000000000006,83,0.0,1.0,71.61426626271512,0.2997515765878287
2410,-67.30000000000001,43,0.0,1.0,80.45634230001028,0.2996017007995348
2411,-46.30000000000009,93,0.0,1.0,49.23742323697254,0.29945189994913507
2412,179.50000000000026,155,1.0,0.0,94.45318216556502,0.29930217399916054
2413,185.4000000000002,146,1.0,0.0,88.70454338642016,0.299152522912161
2414,-84.4,24,0.0,1.0,118.0636779665947,0.2990029466507049
2415,187.50000000000006,155,1.0,0.0,68.84011258684819,0.2988534451773796
2416,-60.90000000000007,79,0.0,1.0,109.5533500306214,0.29870401845479094
2417,-58.00000000000008,100,0.0,1.0,100.34449476391077,0.29855466644556355
2418,179.1,139,1.0,0.0,64.30866248637652,0.29840538911234077
2419,183.00000000000006,130,1.0,0.0,97.98901808903767,0.2982561864177846
2420,185.10000000000014,179,1.0,0.0,108.35031526664781,0.29810705832457574
2421,182.5000000000001,145,1.0,0.0,92.71262725437509,0.29795800479541346
2422,-79.39999999999999,34,0.0,1.0,71.29569826669552,0.29780902579301577
2423,-54.30000000000005,73,0.0,1.0,44.34941044123205,0.29766012128011926
2424,182.40000000000003,116,1.0,0.0,52.535551451018144,0.2975112912194792
2425,182.50000000000014,145,1.0,0.0,76.41744813158594,0.2973625355738695
2426,184.00000000000006,160,1.0,0.0,71.30451296707615,0.29721385430608255
2427,185.20000000000016,168,1.0,0.0,84.75956880833421,0.29706524737892953
2428,-36.700000000000095,117,0.0,1.0,77.95440529414222,0.29691671475524006
2429,186.60000000000008,134,1.0,0.0,69.93270055349194,0.2967682563978625
2430,189.10000000000014,139,1.0,0.0,76.6803894506084,0.2966198722696636
2431,182.30000000000007,147,1.0,0.0,68.42738013790579,0.2964715623335288
2432,188.20000000000022,158,1.0,0.0,47.60092551610138,0.29632332655236204
2433,187.00000000000006,150,1.0,0.0,36.22864414115747,0.29617516488908585
2434,178.0,120,1.0,0.0,64.35300907753408,0.29602707730664135
2435,186.3000000000001,147,1.0,0.0,83.68448159230404,0.29587906376798806
2436,176.89999999999998,141,1.0,0.0,64.63765868195829,0.2957311242361041
2437,184.10000000000002,129,1.0,0.0,55.64754689894905,0.29558325867398605
2438,186.30000000000013,147,1.0,0.0,55.36502127835945,0.29543546704464907
2439,180.20000000000005,138,1.0,0.0,85.63795236994822,0.2952877493111268
2440,180.90000000000012,141,1.0,0.0,66.60525149022433,0.29514010543647123
2441,183.3,117,1.0,0.0,51.97430204224383,0.29499253538375303
2442,-62.80000000000005,68,0.0,1.0,74.80899630925235,0.2948450391160612
2443,182.10000000000008,149,1.0,0.0,57.70092633316581,0.2946976165965032
2444,180.80000000000015,152,1.0,0.0,106.47499585014425,0.2945502677882049
2445,181.4000000000001,126,1.0,0.0,62.673558734239094,0.29440299265431086
2446,184.30000000000004,147,1.0,0.0,69.25774193154712,0.2942557911579837
2447,-33.20000000000009,132,0.0,1.0,43.99925567412918,0.29410866326240476
2448,-65.10000000000005,61,0.0,1.0,87.67596090817061,0.29396160893077355
2449,190.40000000000015,156,1.0,0.0,96.56402151917035,0.2938146281263082
2450,188.60000000000008,114,1.0,0.0,57.296979657129235,0.29366772081224507
2451,-63.00000000000002,50,0.0,1.0,80.88620285749435,0.293520886951839
2452,184.00000000000009,160,1.0,0.0,53.91555194128305,0.2933741265083631
2453,-81.3,23,0.0,1.0,81.53653152870095,0.29322743944510893
2454,186.00000000000014,140,1.0,0.0,68.75683261411531,0.2930808257253864
2455,-48.50000000000005,75,0.0,1.0,71.00768171985943,0.29293428531252375
2456,178.70000000000005,143,1.0,0.0,79.80747661557231,0.2927878181698675
2457,-61.50000000000003,65,0.0,1.0,49.75600264622615,0.29264142426078255
2458,188.50000000000017,145,1.0,0.0,70.96441813255178,0.29249510354865216
2459,-63.900000000000034,49,0.0,1.0,38.53687795023529,0.2923488559968778
2460,185.60000000000014,144,1.0,0.0,94.4190527163446,0.2922026815688794
2461,182.40000000000003,136,1.0,0.0,101.14751908226924,0.292056580228095
2462,-37.40000000000007,94,0.0,1.0,50.891722929763034,0.291910551937981
2463,182.5,145,1.0,0.0,57.57431397931329,0.291764596662012
2464,182.10000000000014,129,1.0,0.0,55.99886995530868,0.291618714363681
2465,179.7,133,1.0,0.0,50.24298845354776,0.29147290500649914
2466,-60.100000000000044,71,0.0,1.0,63.074628772030415,0.29132716855399593
2467,175.89999999999998,151,1.0,0.0,71.99992580938813,0.29118150496971895
2468,-29.300000000000026,143,0.0,1.0,75.13144368871109,0.2910359142172341
2469,182.40000000000003,136,1.0,0.0,82.81259028788875,0.2908903962601255
2470,-39.900000000000105,109,0.0,1.0,82.09957906740522,0.2907449510619955
2471,-65.40000000000003,74,0.0,1.0,57.824545410839285,0.2905995785864645
2472,-62.00000000000003,60,0.0,1.0,97.45246216108401,0.2904542787971713
2473,184.00000000000003,140,1.0,0.0,75.99500398806163,0.2903090516577727
2474,180.80000000000007,152,1.0,0.0,60.30076511665002,0.29016389713194385
2475,-66.20000000000002,42,0.0,1.0,65.3251928843203,0.2900188151833779
2476,176.4000000000002,196,1.0,0.0,92.63062973487742,0.28987380577578625
2477,189.60000000000014,164,1.0,0.0,88.40129107182345,0.2897288688728984
2478,192.20000000000022,158,1.0,0.0,95.14943400591234,0.28958400443846194
2479,183.6000000000001,144,1.0,0.0,39.761676278793146,0.2894392124362427
2480,189.90000000000015,151,1.0,0.0,111.44324831141542,0.2892944928300246
2481,182.50000000000006,145,1.0,0.0,78.20275147043425,0.2891498455836096
2482,185.10000000000014,139,1.0,0.0,50.754724470724305,0.2890052706608178
2483,179.09999999999997,139,1.0,0.0,90.78602959676613,0.28886076802548744
2484,183.8000000000001,122,1.0,0.0,59.14560877165345,0.2887163376414747
2485,181.50000000000023,155,1.0,0.0,100.82916700993815,0.28857197947265395
2486,-32.40000000000002,124,0.0,1.0,110.77169926080012,0.28842769348291764
2487,-36.80000000000011,108,0.0,1.0,62.44710549491423,0.2882834796361762
2488,186.7000000000002,163,1.0,0.0,58.22801133743459,0.2881393378963581
2489,196.8000000000003,152,1.0,0.0,98.22984883463697,0.28799526822740995
2490,179.7,153,1.0,0.0,80.7420341787385,0.28785127059329624
2491,186.20000000000007,158,1.0,0.0,84.28009915908304,0.2877073449579996
2492,194.40000000000018,136,1.0,0.0,103.13264722256538,0.2875634912855206
2493,-63.00000000000011,110,0.0,1.0,75.5903378103267,0.2874197095398779
2494,184.70000000000016,163,1.0,0.0,80.70889843707802,0.287275999685108
2495,-88.69999999999999,17,0.0,1.0,75.07063282938564,0.28713236168526546
2496,189.2000000000001,148,1.0,0.0,58.786688774924826,0.28698879550442286
2497,176.20000000000005,138,1.0,0.0,98.32977600849193,0.28684530110667067
2498,178.70000000000005,103,1.0,0.0,69.86568619730403,0.28670187845611733
2499,180.8,132,1.0,0.0,96.40046013417569,0.2865585275168893
2500,173.5,135,1.0,0.0,83.95758142669996,0.28641524825313086
2501,187.50000000000014,135,1.0,0.0,73.25534052782588,0.2862720406290043
2502,183.50000000000014,135,1.0,0.0,79.62692324784066,0.28612890460868984
2503,187.00000000000014,150,1.0,0.0,76.05310512165228,0.2859858401563855
2504,183.50000000000003,135,1.0,0.0,74.73256209713442,0.2858428472363073
2505,-84.79999999999998,28,0.0,1.0,46.766034945845604,0.28569992581268916
2506,-28.60000000000001,106,0.0,1.0,78.89999767969239,0.28555707584978285
2507,179.90000000000003,131,1.0,0.0,112.51735714896945,0.28541429731185797
2508,73.99999999999994,200,0.0,0.0,76.48242143437267,0.285271590163202
2509,179.99999999999997,160,1.0,0.0,87.57528400216252,0.28512895436812047
2510,188.90000000000012,121,1.0,0.0,77.52053979334752,0.28498638989093644
2511,-83.69999999999999,27,0.0,1.0,75.77449230573795,0.284843896695991
2512,-66.30000000000003,53,0.0,1.0,112.30594585076818,0.284701474747643
2513,188.80000000000013,152,1.0,0.0,104.1031038827802,0.2845591240102692
2514,-84.39999999999999,24,0.0,1.0,123.25945558523138,0.2844168444482641
2515,-41.40000000000007,94,0.0,1.0,99.02519419535678,0.28427463602604
2516,180.80000000000018,132,1.0,0.0,71.04588424166043,0.284132498708027
2517,-53.70000000000005,67,0.0,1.0,49.37213205623983,0.283990432458673
2518,184.4000000000001,156,1.0,0.0,84.20948416166581,0.2838484372424437
2519,-88.99999999999999,30,0.0,1.0,89.5169593513012,0.2837065130238225
2520,180.1000000000001,129,1.0,0.0,92.01243993004626,0.2835646597673106
2521,-50.40000000000007,84,0.0,1.0,74.56628035186301,0.28342287743742695
2522,179.60000000000002,144,1.0,0.0,86.1160226650536,0.28328116599870823
2523,182.70000000000007,143,1.0,0.0,91.01881771050132,0.2831395254157089
2524,-68.5,55,0.0,1.0,119.279857437719,0.28299795565300107
2525,184.30000000000007,127,1.0,0.0,93.60535291283149,0.28285645667517456
2526,179.4,126,1.0,0.0,91.98016725480556,0.282715028446837
2527,179.60000000000002,144,1.0,0.0,42.46481035028895,0.2825736709326136
2528,-67.10000000000002,41,0.0,1.0,27.389436251506574,0.2824323840971473
2529,185.2000000000001,148,1.0,0.0,58.691183284126424,0.2822911679050988
2530,-65.40000000000009,94,0.0,1.0,60.9773497809755,0.2821500223211463
2531,-82.19999999999999,22,0.0,1.0,123.11700375107202,0.2820089473099857
2532,-64.00000000000003,60,0.0,1.0,68.4748882830143,0.2818679428363307
2533,-80.7,37,0.0,1.0,79.41910459624755,0.2817270088649126
2534,-54.200000000000074,82,0.0,1.0,65.8478778102776,0.28158614536048016
2535,-56.90000000000009,99,0.0,1.0,93.37561837531099,0.28144535228779993
2536,-63.70000000000003,47,0.0,1.0,78.53116449079614,0.28130462961165603
2537,182.00000000000006,160,1.0,0.0,97.62328094504774,0.2811639772968502
2538,179.9000000000002,171,1.0,0.0,96.68245109636881,0.2810233953082018
2539,186.2000000000001,138,1.0,0.0,112.25969744030981,0.2808828836105477
2540,-80.90000000000009,119,0.0,1.0,93.0010386259616,0.28074244216874245
2541,185.9000000000001,131,1.0,0.0,100.41031376551126,0.2806020709476581
2542,-64.10000000000004,71,0.0,1.0,52.038091521028065,0.2804617699121843
2543,-41.40000000000008,94,0.0,1.0,89.4805326620315,0.28032153902722823
2544,185.4000000000001,146,1.0,0.0,76.16394824912287,0.2801813782577146
2545,-74.5,35,0.0,1.0,189.2540664919785,0.28004128756858576
2546,-48.50000000000008,95,0.0,1.0,68.92297573967984,0.2799012669248015
2547,-74.7,37,0.0,1.0,118.86793017790124,0.2797613162913391
2548,76.00000000000007,200,0.0,0.0,58.26213551193476,0.27962143563319347
2549,-76.10000000000008,91,0.0,1.0,72.21741313757477,0.27948162491537687
2550,191.40000000000015,126,1.0,0.0,58.74654352534858,0.2793418841029192
2551,187.00000000000006,150,1.0,0.0,80.51236279129982,0.2792022131608678
2552,171.4000000000001,186,1.0,0.0,70.82138049009667,0.2790626120542874
2553,180.59999999999997,134,1.0,0.0,77.76920936890502,0.2789230807482603
2554,-87.69999999999999,47,0.0,1.0,58.26417350325178,0.27878361920788614
2555,190.4000000000001,136,1.0,0.0,54.815558440106756,0.2786442273982822
2556,188.60000000000008,134,1.0,0.0,70.73416594137896,0.2785049052845831
2557,-84.6,26,0.0,1.0,65.83183686205975,0.2783656528319408
2558,-49.70000000000005,67,0.0,1.0,67.14873691726086,0.27822647000552486
2559,-44.20000000000007,82,0.0,1.0,116.77259582208424,0.2780873567705221
2560,-33.00000000000007,130,0.0,1.0,53.835979599562975,0.27794831309213686
2561,186.4000000000001,136,1.0,0.0,61.25810030256124,0.2778093389355908
2562,-45.90000000000008,89,0.0,1.0,75.42437432940757,0.27767043426612303
2563,183.00000000000009,130,1.0,0.0,84.97304282039404,0.27753159904899
2564,-36.30000000000008,93,0.0,1.0,78.16762942444252,0.2773928332494655
2565,188.90000000000015,141,1.0,0.0,81.75447406825867,0.2772541368328408
2566,188.20000000000016,158,1.0,0.0,75.28281036075911,0.2771155097644244
2567,182.30000000000007,147,1.0,0.0,73.6141234873509,0.2769769520095422
2568,187.30000000000007,137,1.0,0.0,67.50021285471254,0.2768384635335374
2569,180.10000000000002,149,1.0,0.0,55.11353546380997,0.27670004430177064
2570,184.20000000000005,138,1.0,0.0,74.39402131714682,0.2765616942796198
2571,178.5,145,1.0,0.0,53.506735284677866,0.27642341343248
2572,-28.599999999999994,126,0.0,1.0,51.773256785458045,0.27628520172576376
2573,184.3000000000001,147,1.0,0.0,68.92471505813047,0.2761470591249009
2574,-52.300000000000054,73,0.0,1.0,89.39679510626074,0.2760089855953385
2575,186.5000000000001,125,1.0,0.0,62.76240524911881,0.2758709811025408
2576,187.7000000000001,133,1.0,0.0,86.69983432727649,0.2757330456119896
2577,-62.40000000000004,64,0.0,1.0,65.29023473197594,0.2755951790891836
2578,185.80000000000015,122,1.0,0.0,60.56696617395663,0.275457381499639
2579,182.20000000000005,118,1.0,0.0,80.03050340547905,0.2753196528088892
2580,-31.39999999999999,114,0.0,1.0,97.53783983057528,0.27518199298248475
2581,185.1000000000001,119,1.0,0.0,84.42838811949521,0.2750444019859935
2582,-90.3,13,0.0,1.0,57.61318319577437,0.2749068797850005
2583,-36.100000000000115,111,0.0,1.0,48.487604233058725,0.27476942634510804
2584,184.9000000000001,141,1.0,0.0,54.068390838854704,0.2746320416319355
2585,183.20000000000002,148,1.0,0.0,67.51986007845483,0.27449472561111954
2586,-41.100000000000094,101,0.0,1.0,108.68348347550571,0.27435747824831397
2587,190.6000000000002,134,1.0,0.0,56.07055417748529,0.2742202995091898
2588,179.9000000000001,151,1.0,0.0,66.77633771902283,0.2740831893594352
2589,186.20000000000016,138,1.0,0.0,72.02514856535456,0.2739461477647555
2590,174.89999999999998,121,1.0,0.0,110.33100253048022,0.2738091746908731
2591,-91.0,10,0.0,1.0,13.87237407565117,0.2736722701035277
2592,-76.0,40,0.0,1.0,144.9609828799963,0.27353543396847596
2593,-51.20000000000005,72,0.0,1.0,60.54671224579215,0.27339866625149173
2594,189.20000000000016,128,1.0,0.0,95.78145718481392,0.273261966918366
2595,-73.60000000000001,36,0.0,1.0,81.31406075176265,0.27312533593490684
2596,176.59999999999997,154,1.0,0.0,53.90173362476098,0.2729887732669394
2597,182.70000000000005,143,1.0,0.0,72.12256768720967,0.27285227888030594
2598,-57.80000000000003,58,0.0,1.0,44.56791656746947,0.2727158527408658
2599,182.6000000000001,134,1.0,0.0,95.36432471671212,0.2725794948144954
2600,177.60000000000002,124,1.0,0.0,78.58262364217832,0.27244320506708813
2601,186.60000000000005,134,1.0,0.0,88.99791722077487,0.2723069834645546
2602,-76.2,42,0.0,1.0,106.77242608936061,0.2721708299728224
2603,-59.70000000000007,107,0.0,1.0,91.6409399161272,0.272034744557836
2604,192.1000000000002,149,1.0,0.0,91.98014620296507,0.2718987271855571
2605,185.20000000000013,168,1.0,0.0,54.73630299259509,0.2717627778219643
2606,182.10000000000005,109,1.0,0.0,64.35838814448873,0.2716268964330533
2607,179.40000000000003,126,1.0,0.0,60.18253574957923,0.2714910829848368
2608,187.5000000000001,155,1.0,0.0,87.39179995521422,0.2713553374433444
2609,181.00000000000003,150,1.0,0.0,63.361217243174714,0.27121965977462276
2610,185.4000000000001,146,1.0,0.0,58.137717360094804,0.27108404994473545
2611,-39.90000000000011,109,0.0,1.0,94.13829613852938,0.2709485079197631
2612,192.00000000000017,140,1.0,0.0,76.31374868622848,0.2708130336658032
2613,180.6,134,1.0,0.0,73.16397999527294,0.2706776271489703
2614,184.30000000000007,127,1.0,0.0,78.50671520336407,0.27054228833539584
2615,-37.300000000000125,143,0.0,1.0,70.01123393884488,0.27040701719122817
2616,179.00000000000006,130,1.0,0.0,34.75675882353232,0.2702718136826326
2617,181.20000000000005,128,1.0,0.0,56.21239877899643,0.2701366777757913
2618,184.0000000000001,140,1.0,0.0,64.89272699552987,0.27000160943690343
2619,181.2000000000001,148,1.0,0.0,84.97090006659965,0.269866608632185
2620,191.0000000000001,150,1.0,0.0,53.90513635794321,0.2697316753278689
2621,188.10000000000005,129,1.0,0.0,52.133326115707554,0.269596809490205
2622,184.00000000000014,140,1.0,0.0,84.48512471770601,0.2694620110854599
2623,177.89999999999998,131,1.0,0.0,68.39532041333558,0.2693272800799172
2624,183.60000000000008,124,1.0,0.0,62.88380399466522,0.26919261643987724
2625,181.4000000000001,126,1.0,0.0,49.735670123781475,0.2690580201316573
2626,180.10000000000002,129,1.0,0.0,62.248832802093304,0.2689234911215915
2627,184.50000000000006,145,1.0,0.0,80.04060034772445,0.2687890293760307
2628,182.7000000000001,163,1.0,0.0,53.90971491316711,0.2686546348613427
2629,182.70000000000016,143,1.0,0.0,97.60090757677189,0.26852030754391204
2630,-86.49999999999999,15,0.0,1.0,23.829330359896023,0.2683860473901401
2631,-59.90000000000003,49,0.0,1.0,54.84891419112682,0.26825185436644505
2632,-70.50000000000001,55,0.0,1.0,46.68439132273197,0.26811772843926185
2633,183.20000000000005,148,1.0,0.0,43.51638053921429,0.2679836695750422
2634,-77.7,27,0.0,1.0,92.86976827736254,0.2678496777402547
2635,-53.50000000000006,65,0.0,1.0,103.17203360795975,0.2677157529013846
2636,186.80000000000013,152,1.0,0.0,66.00700297775238,0.2675818950249339
2637,186.50000000000009,125,1.0,0.0,35.51714840614796,0.2674481040774214
2638,-68.70000000000003,57,0.0,1.0,48.492961854265445,0.2673143800253827
2639,191.30000000000024,177,1.0,0.0,69.06965573746606,0.26718072283537003
2640,-42.500000000000085,95,0.0,1.0,73.50929763097513,0.26704713247395234
2641,-72.4,44,0.0,1.0,40.146601304750554,0.26691360890771537
2642,-47.20000000000005,72,0.0,1.0,90.04634840952025,0.2667801521032615
2643,179.00000000000006,110,1.0,0.0,87.22728340679949,0.2666467620272099
2644,181.60000000000008,144,1.0,0.0,49.185691392773556,0.2665134386461963
2645,187.10000000000008,139,1.0,0.0,59.18935059932925,0.26638018192687324
2646,-65.90000000000003,49,0.0,1.0,24.025092763256055,0.26624699183590983
2647,184.80000000000015,152,1.0,0.0,51.165683598404655,0.2661138683399919
2648,-38.6000000000001,126,0.0,1.0,33.46765708982471,0.2659808114058219
2649,189.00000000000006,150,1.0,0.0,82.82301084429025,0.265847821000119
2650,186.30000000000015,147,1.0,0.0,63.85981182024187,0.26571489708961893
2651,182.20000000000005,118,1.0,0.0,69.79384603086164,0.26558203964107413
2652,-53.70000000000005,67,0.0,1.0,77.44097511448078,0.26544924862125363
2653,187.5000000000001,155,1.0,0.0,83.43972997713473,0.265316523996943
2654,-56.90000000000009,99,0.0,1.0,62.907449481764225,0.26518386573494457
2655,177.8,142,1.0,0.0,69.9247116249212,0.2650512738020771
2656,181.40000000000003,146,1.0,0.0,63.31384890240757,0.2649187481651761
2657,183.30000000000013,137,1.0,0.0,70.76237462134692,0.2647862887910935
2658,187.30000000000013,117,1.0,0.0,82.4393584188233,0.26465389564669795
2659,-53.40000000000006,74,0.0,1.0,61.38236676035701,0.2645215686988746
2660,183.0,130,1.0,0.0,59.83327168673277,0.2643893079145252
2661,184.30000000000007,127,1.0,0.0,46.90495525910629,0.26425711326056794
2662,-59.70000000000005,67,0.0,1.0,120.76449415754917,0.2641249847039377
2663,188.4000000000002,136,1.0,0.0,90.61206808368512,0.2639929222115857
2664,-64.20000000000002,62,0.0,1.0,92.02892468340936,0.2638609257504799
2665,184.60000000000014,134,1.0,0.0,72.95772689903406,0.2637289952876047
2666,178.60000000000002,134,1.0,0.0,49.124646877119346,0.2635971307899609
2667,182.50000000000003,145,1.0,0.0,52.3521036881825,0.2634653322245659
2668,-55.80000000000006,78,0.0,1.0,53.10971896044719,0.26333359955845365
2669,184.50000000000009,125,1.0,0.0,59.04346279263496,0.26320193275867443
2670,190.9000000000002,161,1.0,0.0,60.55670058421837,0.2630703317922951
2671,175.29999999999995,157,1.0,0.0,81.60600367833854,0.26293879662639896
2672,171.60000000000016,164,1.0,0.0,56.65261445321688,0.26280732722808575
2673,188.70000000000016,143,1.0,0.0,46.3721256268608,0.2626759235644717
2674,187.50000000000017,155,1.0,0.0,52.70784092425339,0.2625445856026895
2675,179.4,146,1.0,0.0,84.95706448234516,0.26241331330988815
2676,-75.10000000000001,41,0.0,1.0,58.97628781562898,0.2622821066532332
2677,178.90000000000003,121,1.0,0.0,75.92695494710414,0.2621509655999066
2678,-71.80000000000003,58,0.0,1.0,47.81531399796749,0.26201989011710664
2679,-84.19999999999999,22,0.0,1.0,61.32836642522704,0.2618888801720481
2680,181.90000000000006,151,1.0,0.0,92.26210899858285,0.2617579357319621
2681,184.7000000000001,163,1.0,0.0,61.81986992115989,0.26162705676409614
2682,-32.20000000000006,102,0.0,1.0,92.26181440683557,0.26149624323571413
2683,178.60000000000042,194,1.0,0.0,58.382502228866535,0.2613654951140963
2684,184.80000000000007,132,1.0,0.0,51.291010179077134,0.2612348123665393
2685,-76.7,37,0.0,1.0,26.760457421074044,0.26110419496035603
2686,180.0,140,1.0,0.0,89.15078532307275,0.2609736428628759
2687,183.40000000000006,146,1.0,0.0,63.783789449256574,0.2608431560414445
2688,180.40000000000012,136,1.0,0.0,45.76057995494236,0.26071273446342375
2689,179.90000000000018,131,1.0,0.0,83.64388956027176,0.26058237809619206
2690,179.3000000000003,177,1.0,0.0,64.30235190016064,0.260452086907144
2691,179.3,157,1.0,0.0,60.950600277751114,0.2603218608636904
2692,-84.19999999999999,22,0.0,1.0,66.50797067718072,0.2601916999332586
2693,190.4000000000002,156,1.0,0.0,41.6644716494454,0.260061604083292
2694,185.20000000000013,168,1.0,0.0,70.75792293667439,0.2599315732812503
2695,-61.30000000000004,63,0.0,1.0,52.701527284960896,0.25980160749460973
2696,187.7,173,1.0,0.0,65.20760187325794,0.2596717066908624
2697,190.60000000000008,134,1.0,0.0,92.58818356898516,0.259541870837517
2698,-67.90000000000003,49,0.0,1.0,104.80584744896207,0.25941209990209824
2699,190.00000000000017,140,1.0,0.0,72.80512264690229,0.2592823938521472
2700,-54.00000000000006,80,0.0,1.0,90.71523500978947,0.25915275265522114
2701,175.8,122,1.0,0.0,67.69032513020468,0.25902317627889354
2702,177.2,128,1.0,0.0,63.87503532838309,0.2588936646907541
2703,183.0000000000001,150,1.0,0.0,97.0938541935881,0.25876421785840875
2704,183.80000000000018,162,1.0,0.0,52.046909676013904,0.25863483574947954
2705,74.00000000000037,200,0.0,0.0,78.6719929947704,0.2585055183316048
2706,186.60000000000014,134,1.0,0.0,60.29641090756032,0.258376265572439
2707,78.00000000000058,200,0.0,0.0,114.8179936568439,0.25824707743965275
2708,187.00000000000006,110,1.0,0.0,113.34284066165036,0.25811795390093295
2709,187.80000000000013,142,1.0,0.0,68.83675066339718,0.2579888949239825
2710,-51.100000000000065,81,0.0,1.0,65.97753085637534,0.2578599004765206
2711,78.00000000000037,200,0.0,0.0,79.11743400335313,0.25773097052628235
2712,189.40000000000018,146,1.0,0.0,68.4053744166477,0.2576021050410192
2713,179.90000000000003,151,1.0,0.0,59.03868176575923,0.2574733039884987
2714,55.999999999999766,200,0.0,0.0,89.865937814489,0.25734456733650446
2715,188.60000000000008,134,1.0,0.0,71.6875603360249,0.2572158950528362
2716,187.30000000000018,137,1.0,0.0,53.84165068775633,0.2570872871053098
2717,188.50000000000023,165,1.0,0.0,70.18183614322633,0.2569587434617572
2718,184.60000000000008,114,1.0,0.0,66.88657784252835,0.2568302640900263
2719,178.30000000000013,127,1.0,0.0,67.64750737937416,0.2567018489579813
2720,70.00000000000053,200,0.0,0.0,84.06043879531325,0.2565734980335023
2721,185.10000000000008,119,1.0,0.0,71.92696966844447,0.2564452112844856
2722,-30.400000000000034,104,0.0,1.0,57.37480010608068,0.2563169886788434
2723,183.60000000000014,144,1.0,0.0,51.96645282038177,0.256188830184504
2724,-32.800000000000054,108,0.0,1.0,116.03831283968908,0.25606073576941174
2725,-84.19999999999999,22,0.0,1.0,28.353664730760183,0.25593270540152707
2726,-59.30000000000003,63,0.0,1.0,130.03194748740347,0.25580473904882634
2727,182.9000000000002,161,1.0,0.0,85.60310494677621,0.2556768366793019
2728,177.5,115,1.0,0.0,92.35218316251817,0.2555489982609623
2729,180.40000000000006,116,1.0,0.0,72.4963540956378,0.2554212237618318
2730,187.9000000000001,151,1.0,0.0,52.97306429274035,0.2552935131499509
2731,182.70000000000005,123,1.0,0.0,70.5818839184637,0.25516586639337596
2732,179.3,117,1.0,0.0,55.418512967025116,0.25503828346017926
2733,179.2000000000001,128,1.0,0.0,74.05513528350275,0.25491076431844917
2734,-84.79999999999998,28,0.0,1.0,78.49482877818602,0.25478330893629
2735,-54.10000000000009,91,0.0,1.0,74.17900020670105,0.25465591728182185
2736,183.70000000000005,133,1.0,0.0,66.64281909268601,0.25452858932318095
2737,-70.80000000000001,48,0.0,1.0,38.2602638831983,0.25440132502851937
2738,189.30000000000007,137,1.0,0.0,73.64373100728449,0.2542741243660051
2739,184.10000000000002,129,1.0,0.0,65.09078222270622,0.2541469873038221
2740,177.49999999999994,175,1.0,0.0,64.71696183715548,0.25401991381017025
2741,182.90000000000003,141,1.0,0.0,101.21292945721471,0.2538929038532652
2742,187.80000000000018,142,1.0,0.0,42.324804063414184,0.25376595740133856
2743,192.50000000000023,145,1.0,0.0,69.5727294010335,0.2536390744226379
2744,-53.20000000000005,72,0.0,1.0,52.26040707735552,0.25351225488542656
2745,-49.600000000000065,76,0.0,1.0,90.95878497726824,0.2533854987579839
2746,-65.00000000000003,50,0.0,1.0,51.09007043242455,0.2532588060086049
2747,183.00000000000006,130,1.0,0.0,52.63412960630197,0.2531321766056006
2748,-64.80000000000004,68,0.0,1.0,31.543784898650998,0.2530056105172978
2749,187.20000000000007,148,1.0,0.0,30.848883748658604,0.2528791077120392
2750,-79.5,25,0.0,1.0,80.39606424093246,0.2527526681581832
2751,185.70000000000005,133,1.0,0.0,66.26979374118093,0.2526262918241041
2752,184.2000000000001,138,1.0,0.0,50.60618942468495,0.25249997867819207
2753,176.8,152,1.0,0.0,73.04188232383642,0.252373728688853
2754,181.7,133,1.0,0.0,57.87920619917095,0.2522475418245086
2755,188.30000000000007,147,1.0,0.0,57.33723412089202,0.25212141805359634
2756,181.20000000000005,148,1.0,0.0,62.98549197140981,0.25199535734456957
2757,181.20000000000016,128,1.0,0.0,71.11201897176215,0.2518693596658973
2758,182.20000000000005,118,1.0,0.0,73.02845213600135,0.25174342498606433
2759,185.30000000000007,117,1.0,0.0,61.697179520359406,0.2516175532735713
2760,178.40000000000006,136,1.0,0.0,93.38956595387529,0.25149174449693457
2761,188.30000000000013,127,1.0,0.0,41.07938350877893,0.2513659986246861
2762,-62.600000000000044,66,0.0,1.0,80.48939115350896,0.2512403156253738
2763,187.00000000000006,130,1.0,0.0,74.41300977342404,0.2511146954675611
2764,181.90000000000012,131,1.0,0.0,44.27764786882255,0.2509891381198273
2765,-62.400000000000034,64,0.0,1.0,52.699045510496944,0.2508636435507674
2766,-65.00000000000001,50,0.0,1.0,70.57044084578753,0.250738211728992
2767,178.10000000000002,129,1.0,0.0,68.5706070421278,0.25061284262312755
2768,191.80000000000013,122,1.0,0.0,58.62801395442153,0.250487536201816
2769,183.4000000000001,146,1.0,0.0,70.88305919882778,0.2503622924337151
2770,182.70000000000005,123,1.0,0.0,62.5249374288369,0.25023711128749826
2771,181.40000000000003,126,1.0,0.0,53.46212014875242,0.2501119927318545
2772,184.30000000000013,127,1.0,0.0,61.47256185325581,0.2499869367354886
2773,189.9000000000001,151,1.0,0.0,77.71729335524388,0.24986194326712088
2774,183.9000000000001,151,1.0,0.0,49.723901958359,0.24973701229548734
2775,185.0,150,1.0,0.0,53.34606839358807,0.2496121437893396
2776,180.10000000000008,129,1.0,0.0,60.71044946929743,0.24948733771744494
2777,187.60000000000008,124,1.0,0.0,69.39066794166162,0.24936259404858624
2778,70.0000000000005,200,0.0,0.0,81.5023176458478,0.24923791275156196
2779,180.70000000000005,123,1.0,0.0,52.40871160398654,0.24911329379518618
2780,184.80000000000007,132,1.0,0.0,64.24090882808422,0.2489887371482886
2781,190.60000000000014,154,1.0,0.0,50.17351134547165,0.24886424277971447
2782,-70.00000000000003,40,0.0,1.0,121.97653634212911,0.24873981065832462
2783,185.60000000000008,124,1.0,0.0,51.88439609422799,0.24861544075299546
2784,194.40000000000018,136,1.0,0.0,111.56943150423467,0.248491133032619
2785,173.50000000000028,175,1.0,0.0,71.3567250492743,0.2483668874661027
2786,183.7000000000001,113,1.0,0.0,43.91728429496288,0.24824270402236964
2787,184.70000000000007,123,1.0,0.0,53.12708514232219,0.24811858267035847
2788,185.90000000000003,171,1.0,0.0,58.41012693078894,0.2479945233790233
2789,182.60000000000002,134,1.0,0.0,47.12658103633283,0.24787052611733382
2790,74.00000000000038,200,0.0,0.0,42.113768287599086,0.24774659085427517
2791,186.80000000000018,132,1.0,0.0,60.491525774878085,0.24762271755884804
2792,180.10000000000002,129,1.0,0.0,96.75482849141424,0.24749890620006865
2793,186.50000000000014,145,1.0,0.0,51.52081572084591,0.24737515674696864
2794,180.50000000000006,145,1.0,0.0,72.08416239989215,0.24725146916859517
2795,184.60000000000008,134,1.0,0.0,29.751944086222505,0.2471278434340109
2796,181.20000000000005,128,1.0,0.0,64.54478798212949,0.2470042795122939
2797,185.00000000000009,130,1.0,0.0,52.84796452866151,0.24688077737253777
2798,183.20000000000005,128,1.0,0.0,36.657406197162345,0.24675733698385152
2799,184.10000000000008,129,1.0,0.0,39.156797209566875,0.2466339583153596
2800,187.10000000000008,119,1.0,0.0,37.751465671202716,0.24651064133620196
2801,183.4000000000001,126,1.0,0.0,48.4068447000214,0.24638738601553387
2802,-85.1,21,0.0,1.0,27.276509388571693,0.2462641923225261
2803,180.8000000000001,152,1.0,0.0,73.08144622492163,0.24614106022636487
2804,177.10000000000002,119,1.0,0.0,56.52349844424664,0.2460179896962517
2805,-57.90000000000005,69,0.0,1.0,56.60411505768265,0.2458949807014036
2806,188.4000000000001,156,1.0,0.0,62.38188858664571,0.2457720332110529
2807,183.8000000000001,122,1.0,0.0,63.711637950822954,0.2456491471944474
2808,190.00000000000009,140,1.0,0.0,49.471254490528786,0.24552632262085017
2809,-78.2,42,0.0,1.0,110.79139005818537,0.24540355945953976
2810,186.0000000000001,120,1.0,0.0,54.81907183304429,0.24528085767981
2811,190.0000000000001,140,1.0,0.0,50.31442639252969,0.24515821725097012
2812,179.00000000000006,130,1.0,0.0,64.69230942760522,0.24503563814234464
2813,182.40000000000003,116,1.0,0.0,77.98700826794936,0.24491312032327348
2814,178.10000000000002,129,1.0,0.0,45.7297862837481,0.24479066376311184
2815,187.70000000000005,153,1.0,0.0,61.719368055170655,0.2446682684312303
2816,181.10000000000016,119,1.0,0.0,38.14570095221035,0.24454593429701468
2817,186.5000000000001,125,1.0,0.0,39.072288096189496,0.24442366132986618
2818,184.5000000000001,125,1.0,0.0,81.14577772819996,0.24430144949920127
2819,183.70000000000005,133,1.0,0.0,72.86952200823261,0.2441792987744517
2820,188.00000000000006,140,1.0,0.0,33.75456374926227,0.24405720912506448
2821,187.60000000000008,124,1.0,0.0,28.51030543638814,0.24393518052050198
2822,181.10000000000008,119,1.0,0.0,36.77073588666796,0.24381321293024175
2823,188.70000000000016,123,1.0,0.0,51.315569619822305,0.24369130632377664
2824,188.70000000000016,163,1.0,0.0,55.813144382797866,0.24356946067061477
2825,-69.40000000000002,54,0.0,1.0,56.05509564501268,0.24344767594027947
2826,-83.1,41,0.0,1.0,34.98112847601495,0.24332595210230934
2827,181.40000000000003,126,1.0,0.0,62.08873971279652,0.2432042891262582
2828,-63.90000000000002,49,0.0,1.0,50.17653600354584,0.24308268698169508
2829,187.80000000000007,122,1.0,0.0,70.47633140680732,0.24296114563820426
2830,184.20000000000013,158,1.0,0.0,52.441200376971615,0.24283966506538518
2831,-49.300000000000075,83,0.0,1.0,25.9273236609367,0.24271824523285251
2832,189.6000000000001,144,1.0,0.0,60.26585384861877,0.2425968861102361
2833,186.50000000000006,145,1.0,0.0,36.111290740041895,0.242475587667181
2834,183.30000000000007,117,1.0,0.0,46.37738054710576,0.24235434987334742
2835,183.50000000000006,115,1.0,0.0,56.99546934534674,0.24223317269841077
2836,182.90000000000003,121,1.0,0.0,58.29133470873695,0.24211205611206157
2837,-57.50000000000004,65,0.0,1.0,56.93760953064148,0.24199100008400556
2838,-89.19999999999999,12,0.0,1.0,63.59886352966229,0.24187000458396357
2839,-35.80000000000008,98,0.0,1.0,49.215089226863824,0.2417490695816716
2840,68.00000000000043,200,0.0,0.0,64.58860250145197,0.2416281950468808
2841,185.90000000000003,131,1.0,0.0,57.79265936924756,0.24150738094935736
2842,184.80000000000013,132,1.0,0.0,54.3472889906755,0.24138662725888269
2843,194.1000000000002,149,1.0,0.0,46.95186929174718,0.24126593394525325
2844,187.60000000000014,124,1.0,0.0,79.26118007218165,0.24114530097828063
2845,186.80000000000007,112,1.0,0.0,66.47395806054452,0.2410247283277915
2846,187.40000000000012,126,1.0,0.0,69.79253998682613,0.24090421596362763
2847,-55.600000000000065,76,0.0,1.0,56.92712560217632,0.24078376385564582
2848,185.50000000000006,115,1.0,0.0,63.35078964466634,0.240663371973718
2849,183.60000000000005,124,1.0,0.0,49.90128968367654,0.24054304028773116
2850,191.50000000000023,135,1.0,0.0,57.55350513027774,0.2404227687675873
2851,-38.50000000000011,115,0.0,1.0,43.201661962659465,0.24030255738320352
2852,185.9000000000001,151,1.0,0.0,59.154856289854116,0.24018240610451194
2853,185.00000000000006,150,1.0,0.0,60.0064903301994,0.2400623149014597
2854,185.3000000000001,117,1.0,0.0,70.1856050947283,0.239942283744009
2855,184.7000000000001,143,1.0,0.0,53.06436433366962,0.23982231260213702
2856,178.70000000000016,163,1.0,0.0,35.632368366593965,0.23970240144583596
2857,-35.399999999999984,134,0.0,1.0,64.76457826370624,0.23958255024511305
2858,187.10000000000014,159,1.0,0.0,61.45022052601448,0.2394627589699905
2859,189.5000000000001,115,1.0,0.0,68.86076420403045,0.23934302759050552
2860,82.00000000000047,200,0.0,0.0,65.7885302490741,0.23922335607671028
2861,189.7000000000001,133,1.0,0.0,85.22216240535106,0.23910374439867194
2862,180.60000000000002,114,1.0,0.0,52.37420717273888,0.2389841925264726
2863,179.60000000000002,144,1.0,0.0,49.67709446139634,0.23886470043020938
2864,175.8,122,1.0,0.0,39.44563463586764,0.2387452680799943
2865,186.80000000000007,152,1.0,0.0,56.049358902940234,0.2386258954459543
2866,57.999999999999986,200,0.0,0.0,72.65471281334757,0.23850658249823134
2867,-49.30000000000008,83,0.0,1.0,96.53845920656101,0.23838732920698225
2868,185.90000000000006,131,1.0,0.0,36.39513720082873,0.23826813554237877
2869,-78.0,40,0.0,1.0,57.822741916030644,0.2381490014746076
2870,-53.700000000000045,67,0.0,1.0,78.10143805706679,0.23802992697387032
2871,192.4000000000002,136,1.0,0.0,66.60593309593114,0.2379109120103834
2872,-62.70000000000004,57,0.0,1.0,40.42716009444312,0.2377919565543782
2873,181.70000000000005,153,1.0,0.0,51.60410115619501,0.23767306057610102
2874,-37.50000000000009,105,0.0,1.0,79.38868748006367,0.23755422404581297
2875,188.0000000000001,120,1.0,0.0,58.21964495256543,0.23743544693379007
2876,-62.400000000000034,64,0.0,1.0,77.00746177486144,0.23731672921032318
2877,182.90000000000003,141,1.0,0.0,70.500889190651,0.23719807084571803
2878,187.80000000000024,162,1.0,0.0,77.9004365278431,0.23707947181029518
2879,182.10000000000002,129,1.0,0.0,77.89010646708252,0.23696093207439003
2880,184.10000000000014,129,1.0,0.0,68.1445221480473,0.23684245160835285
2881,178.3,107,1.0,0.0,85.83845628227029,0.2367240303825487
2882,-35.60000000000009,96,0.0,1.0,78.0856530458356,0.23660566836735744
2883,72.00000000000047,200,0.0,0.0,49.48413358196616,0.2364873655331738
2884,181.00000000000006,110,1.0,0.0,84.73571525798603,0.2363691218504072
2885,179.5000000000001,155,1.0,0.0,65.36540111226421,0.23625093728948202
2886,181.80000000000013,122,1.0,0.0,74.54178758893833,0.23613281182083729
2887,185.90000000000012,151,1.0,0.0,72.56909918410099,0.23601474541492687
2888,184.50000000000014,145,1.0,0.0,55.315377398297706,0.23589673804221942
2889,-71.00000000000001,50,0.0,1.0,52.680843276381495,0.23577878967319832
2890,181.40000000000003,126,1.0,0.0,52.61391208971303,0.23566090027836173
2891,-82.5,35,0.0,1.0,60.417878086226324,0.23554306982822257
2892,185.00000000000009,110,1.0,0.0,66.96609429676424,0.23542529829330847
2893,180.60000000000008,134,1.0,0.0,59.12338944124197,0.23530758564416182
2894,186.80000000000007,132,1.0,0.0,53.57605002718893,0.23518993185133974
2895,-48.70000000000007,77,0.0,1.0,66.60814396843507,0.2350723368854141
2896,-57.70000000000004,67,0.0,1.0,75.42324110398542,0.2349548007169714
2897,-53.90000000000005,69,0.0,1.0,66.13382773338884,0.23483732331661292
2898,-77.4,34,0.0,1.0,65.80405154429815,0.23471990465495463
2899,181.10000000000005,119,1.0,0.0,62.277289688962846,0.23460254470262715
2900,186.00000000000006,140,1.0,0.0,92.0676658047097,0.23448524343027585
2901,-55.10000000000004,61,0.0,1.0,64.11356713854876,0.23436800080856074
2902,191.20000000000016,148,1.0,0.0,61.60895255147605,0.23425081680815646
2903,-25.699999999999974,107,0.0,1.0,55.607555102661394,0.2341336913997524
2904,-82.69999999999999,37,0.0,1.0,40.143643764627946,0.23401662455405253
2905,-53.900000000000055,69,0.0,1.0,56.87108892461528,0.23389961624177552
2906,-63.40000000000003,54,0.0,1.0,73.6480894315022,0.23378266643365464
2907,-66.10000000000005,71,0.0,1.0,44.46954843401909,0.23366577510043782
2908,-81.3,23,0.0,1.0,58.71726236136063,0.2335489422128876
2909,188.00000000000017,140,1.0,0.0,44.231195259839296,0.2334321677417812
2910,-64.30000000000003,53,0.0,1.0,125.17905005587721,0.23331545165791032
2911,70.00000000000044,200,0.0,0.0,67.78513532079756,0.23319879393208137
2912,180.30000000000007,127,1.0,0.0,43.765634972866124,0.23308219453511533
2913,186.80000000000013,132,1.0,0.0,63.414846901866525,0.23296565343784778
2914,68.00000000000051,200,0.0,0.0,53.51689149923622,0.23284917061112886
2915,181.20000000000016,128,1.0,0.0,72.2167637126986,0.2327327460258233
2916,190.5000000000001,125,1.0,0.0,39.63601409137249,0.2326163796528104
2917,181.70000000000007,133,1.0,0.0,64.84755574598124,0.23250007146298401
2918,179.00000000000003,110,1.0,0.0,47.212822908434,0.23238382142725253
2919,-54.80000000000005,68,0.0,1.0,56.86477105450981,0.23226762951653893
2920,-50.300000000000054,73,0.0,1.0,84.31261699820217,0.23215149570178067
2921,179.40000000000003,106,1.0,0.0,47.39220574582523,0.2320354199539298
2922,186.4000000000001,136,1.0,0.0,74.68618857794824,0.23191940224395283
2923,181.00000000000006,130,1.0,0.0,48.9809863655613,0.23180344254283086
2924,186.00000000000003,140,1.0,0.0,95.03115439957806,0.23168754082155946
2925,179.10000000000002,119,1.0,0.0,37.08137956424421,0.2315716970511487
2926,-55.100000000000044,61,0.0,1.0,107.90066212415695,0.23145591120262313
2927,182.30000000000013,187,1.0,0.0,60.71181768210814,0.23134018324702182
2928,187.10000000000008,119,1.0,0.0,93.6132699674418,0.23122451315539833
2929,189.80000000000013,142,1.0,0.0,55.46999811129251,0.23110890089882064
2930,184.2000000000001,138,1.0,0.0,71.60888221179661,0.23099334644837125
2931,-84.89999999999999,19,0.0,1.0,195.81281770059937,0.23087784977514708
2932,-65.10000000000002,41,0.0,1.0,38.39941020418958,0.23076241085025953
2933,187.20000000000007,128,1.0,0.0,47.44412655173801,0.2306470296448344
2934,183.10000000000005,119,1.0,0.0,54.584927308083586,0.230531706130012
2935,-71.10000000000001,41,0.0,1.0,35.31724815288695,0.23041644027694702
2936,190.7000000000001,123,1.0,0.0,69.32713461491635,0.23030123205680855
2937,185.10000000000014,119,1.0,0.0,58.320201716878834,0.23018608144078015
2938,191.70000000000016,153,1.0,0.0,53.67329115688411,0.23007098840005977
2939,184.9000000000001,121,1.0,0.0,46.576504857579536,0.22995595290585974
2940,185.80000000000004,142,1.0,0.0,52.75590551812464,0.22984097492940683
2941,-42.200000000000074,82,0.0,1.0,45.099167283351825,0.22972605444194213
2942,-28.39999999999978,144,0.0,1.0,69.84439843458433,0.22961119141472117
2943,175.8,122,1.0,0.0,57.62755510711768,0.22949638581901383
2944,-51.400000000000055,74,0.0,1.0,106.1596447781131,0.22938163762610433
2945,184.3000000000001,127,1.0,0.0,59.02520148162767,0.2292669468072913
2946,-63.80000000000003,58,0.0,1.0,73.94176087451392,0.22915231333388766
2947,186.90000000000018,141,1.0,0.0,54.081774492741474,0.22903773717722073
2948,179.40000000000003,126,1.0,0.0,67.44012597179602,0.22892321830863213
2949,-67.20000000000002,52,0.0,1.0,64.46782973351387,0.22880875669947784
2950,191.1000000000002,159,1.0,0.0,59.73861321778792,0.2286943523211281
2951,188.60000000000008,134,1.0,0.0,67.78601158844002,0.22858000514496757
2952,-82.6,26,0.0,1.0,4.204290447326807,0.2284657151423951
2953,-89.49999999999999,25,0.0,1.0,33.140939869880675,0.22835148228482394
2954,180.40000000000003,96,1.0,0.0,44.770604325147964,0.22823730654368155
2955,-54.40000000000007,84,0.0,1.0,46.48821294236751,0.22812318789040972
2956,183.30000000000004,137,1.0,0.0,41.36633591038467,0.22800912629646453
2957,186.40000000000003,136,1.0,0.0,60.91110473761664,0.2278951217333163
2958,190.90000000000015,141,1.0,0.0,65.24013372790729,0.22778117417244967
2959,-43.80000000000006,78,0.0,1.0,53.02736629278232,0.22766728358536345
2960,183.20000000000007,128,1.0,0.0,80.27374255855102,0.22755344994357077
2961,185.80000000000007,122,1.0,0.0,31.684369152930916,0.227439673218599
2962,-24.399999999999935,124,0.0,1.0,75.4606135133053,0.22732595338198971
2963,187.70000000000013,133,1.0,0.0,55.7235547608899,0.22721229040529872
2964,-71.60000000000001,36,0.0,1.0,82.16127868369222,0.22709868426009608
2965,-37.200000000000074,92,0.0,1.0,51.38638959306738,0.22698513491796604
2966,178.90000000000003,121,1.0,0.0,60.466674200266844,0.22687164235050708
2967,182.8000000000001,112,1.0,0.0,51.39979731171791,0.22675820652933185
2968,183.10000000000008,139,1.0,0.0,76.82280533744705,0.2266448274260672
2969,-41.50000000000007,105,0.0,1.0,66.07251960280395,0.2265315050123542
2970,-33.70000000000013,127,0.0,1.0,46.10980745434292,0.22641823925984803
2971,186.5000000000001,125,1.0,0.0,40.85258623075485,0.2263050301402181
2972,180.10000000000002,129,1.0,0.0,53.315168266610584,0.226191877625148
2973,183.80000000000013,122,1.0,0.0,54.18397571549552,0.22607878168633544
2974,182.7000000000002,143,1.0,0.0,38.5514686306665,0.2259657422954923
2975,185.9000000000001,111,1.0,0.0,62.673007025106536,0.22585275942434457
2976,177.8,122,1.0,0.0,66.91531144119189,0.2257398330446324
2977,-72.7,37,0.0,1.0,74.47931731149957,0.22562696312811012
2978,189.70000000000013,133,1.0,0.0,100.34303481820831,0.22551414964654606
2979,-35.20000000000009,92,0.0,1.0,44.375257720117986,0.22540139257172281
2980,182.10000000000002,109,1.0,0.0,65.8179863416547,0.22528869187543696
2981,190.7000000000001,123,1.0,0.0,64.22397681380191,0.22517604752949924
2982,182.10000000000008,129,1.0,0.0,51.02470859376959,0.2250634595057345
2983,187.60000000000008,144,1.0,0.0,39.909134292457665,0.22495092777598164
2984,-57.60000000000004,76,0.0,1.0,65.35628369862312,0.22483845231209365
2985,184.60000000000022,154,1.0,0.0,42.15606782701495,0.2247260330859376
2986,182.30000000000013,127,1.0,0.0,30.832625623176416,0.22461367006939464
2987,193.70000000000016,153,1.0,0.0,73.34989771461176,0.22450136323435996
2988,182.50000000000003,125,1.0,0.0,43.4226821693182,0.2243891125527428
2989,-82.6,26,0.0,1.0,84.64015392042123,0.22427691799646643
2990,186.60000000000025,154,1.0,0.0,50.65049146570556,0.22416477953746822
2991,182.90000000000006,121,1.0,0.0,82.8857962926311,0.2240526971476995
2992,188.30000000000007,127,1.0,0.0,61.7985338779885,0.22394067079912566
2993,183.20000000000027,148,1.0,0.0,51.433879486511685,0.2238287004637261
2994,181.70000000000005,133,1.0,0.0,69.09850617346908,0.22371678611349424
2995,191.20000000000013,128,1.0,0.0,66.52390205883421,0.2236049277204375
2996,181.40000000000012,126,1.0,0.0,37.84764708448497,0.2234931252565773
2997,189.60000000000008,124,1.0,0.0,68.17428649853795,0.22338137869394903
2998,-64.60000000000002,46,0.0,1.0,84.17257411454035,0.22326968800460206
2999,-48.300000000000075,93,0.0,1.0,80.81986395277644,0.22315805316059978
3000,-43.000000000000085,90,0.0,1.0,38.67158289187484,0.22304647413401948
3001,180.60000000000008,114,1.0,0.0,43.94583206636864,0.22293495089695248
3002,179.70000000000007,133,1.0,0.0,40.458164793768326,0.22282348342150401
3003,188.60000000000014,134,1.0,0.0,78.43830423023718,0.2227120716797933
3004,186.2000000000001,138,1.0,0.0,83.03261961690758,0.2226007156439534
3005,188.4000000000001,136,1.0,0.0,47.888192110914076,0.22248941528613142
3006,182.30000000000007,107,1.0,0.0,43.93209091525212,0.22237817057848835
3007,179.40000000000003,126,1.0,0.0,51.26215613077557,0.22226698149319912
3008,185.90000000000006,111,1.0,0.0,62.76937567248001,0.22215584800245253
3009,179.50000000000003,115,1.0,0.0,62.59147846271163,0.2220447700784513
3010,184.70000000000005,123,1.0,0.0,45.53211497788022,0.2219337476934121
3011,-64.50000000000003,55,0.0,1.0,56.57704293158921,0.22182278081956538
3012,186.4000000000001,116,1.0,0.0,78.0398614892158,0.2217118694291556
3013,187.9000000000002,151,1.0,0.0,57.93221569288251,0.22160101349444103
3014,-50.100000000000044,71,0.0,1.0,34.64135301910655,0.2214902129876938
3015,-63.80000000000003,58,0.0,1.0,56.16384432439146,0.22137946788119997
3016,179.20000000000002,108,1.0,0.0,69.90807854660132,0.22126877814725937
3017,-25.799999999999784,158,0.0,1.0,85.09074092552632,0.22115814375818577
3018,187.4000000000001,126,1.0,0.0,55.80652147886299,0.22104756468630668
3019,185.60000000000014,124,1.0,0.0,50.84151394977685,0.22093704090396354
3020,-63.50000000000003,45,0.0,1.0,30.539856351746455,0.22082657238351158
3021,-76.70000000000002,37,0.0,1.0,50.15424265652089,0.22071615909731984
3022,191.0000000000001,150,1.0,0.0,97.0568228066961,0.2206058010177712
3023,186.10000000000014,129,1.0,0.0,74.9760566130858,0.22049549811726232
3024,-36.40000000000009,104,0.0,1.0,81.9061296209693,0.2203852503682037
3025,190.5000000000001,125,1.0,0.0,53.0023729916811,0.22027505774301961
3026,-76.9,39,0.0,1.0,117.65432533316122,0.22016492021414813
3027,181.90000000000003,131,1.0,0.0,47.58421609556402,0.22005483775404105
3028,187.90000000000015,131,1.0,0.0,59.95109231963412,0.21994481033516405
3029,-51.900000000000055,69,0.0,1.0,49.26764996436195,0.21983483792999647
3030,177.20000000000005,108,1.0,0.0,80.58063651662734,0.21972492051103149
3031,-61.200000000000024,52,0.0,1.0,45.88223535538866,0.21961505805077597
3032,-83.29999999999998,23,0.0,1.0,80.37217777578726,0.2195052505217506
3033,189.80000000000013,122,1.0,0.0,72.99460703097894,0.21939549789648974
3034,-56.60000000000004,66,0.0,1.0,20.059458835332684,0.2192858001475415
3035,183.40000000000003,106,1.0,0.0,75.05379554249768,0.21917615724746775
3036,189.30000000000018,137,1.0,0.0,75.83770981800818,0.21906656916884404
3037,190.2000000000002,158,1.0,0.0,70.09194255327877,0.21895703588425963
3038,-44.00000000000008,80,0.0,1.0,47.41842136140913,0.2188475573663175
3039,180.00000000000003,120,1.0,0.0,40.02018209521969,0.21873813358763436
3040,187.60000000000008,124,1.0,0.0,65.13288074455434,0.21862876452084054
3041,181.30000000000007,117,1.0,0.0,83.05933745523804,0.21851945013858012
3042,191.50000000000023,135,1.0,0.0,46.04764634403917,0.21841019041351084
3043,187.80000000000013,122,1.0,0.0,33.91910500103822,0.2183009853183041
3044,189.00000000000017,130,1.0,0.0,64.89975573225664,0.21819183482564497
3045,177.3000000000003,137,1.0,0.0,47.198112628103175,0.21808273890823215
3046,187.80000000000015,142,1.0,0.0,42.67106924331944,0.21797369753877804
3047,191.90000000000023,151,1.0,0.0,78.83295657520263,0.21786471069000868
3048,-32.20000000000006,102,0.0,1.0,32.43263493960394,0.2177557783346637
3049,182.20000000000005,118,1.0,0.0,63.71146091010611,0.21764690044549637
3050,181.40000000000015,126,1.0,0.0,68.52523816991894,0.21753807699527364
3051,183.20000000000005,128,1.0,0.0,64.64552240993362,0.217429307956776
3052,195.00000000000023,150,1.0,0.0,60.580666509668035,0.21732059330279763
3053,186.10000000000028,169,1.0,0.0,40.33039391384675,0.21721193300614625
3054,189.60000000000014,144,1.0,0.0,51.66012663539085,0.2171033270396432
3055,186.50000000000006,145,1.0,0.0,42.30440580372153,0.21699477537612338
3056,186.40000000000015,116,1.0,0.0,71.12875050293475,0.21688627798843532
3057,184.70000000000005,123,1.0,0.0,47.83665544460944,0.2167778348494411
3058,184.4000000000001,136,1.0,0.0,45.60433874465525,0.2166694459320164
3059,189.0000000000001,110,1.0,0.0,75.64729350669818,0.2165611112090504
3060,186.50000000000023,145,1.0,0.0,61.924696284018715,0.21645283065344587
3061,193.0000000000001,130,1.0,0.0,57.71836766210886,0.21634460423811916
3062,181.80000000000013,142,1.0,0.0,42.112438012701524,0.21623643193600012
3063,188.60000000000008,114,1.0,0.0,56.08052849429741,0.21612831372003213
3064,-33.40000000000008,94,0.0,1.0,63.85004770961848,0.21602024956317212
3065,-71.10000000000001,41,0.0,1.0,39.99487252424403,0.21591223943839055
3066,189.5000000000001,135,1.0,0.0,27.77985993689961,0.21580428331867138
3067,187.2000000000001,128,1.0,0.0,49.59630827908404,0.21569638117701206
3068,-82.19999999999999,22,0.0,1.0,31.250328319993887,0.21558853298642358
3069,186.50000000000006,125,1.0,0.0,60.820737948417666,0.21548073871993037
3070,78.00000000000038,200,0.0,0.0,77.31181534685194,0.21537299835057042
3071,192.10000000000014,129,1.0,0.0,68.9775025315525,0.21526531185139514
3072,78.00000000000057,200,0.0,0.0,50.9181538271904,0.21515767919546944
3073,-62.000000000000036,60,0.0,1.0,71.46912381028136,0.21505010035587172
3074,185.5000000000001,115,1.0,0.0,48.185724931955335,0.2149425753056938
3075,180.1000000000003,169,1.0,0.0,55.81055174917864,0.21483510401804096
3076,187.8000000000001,122,1.0,0.0,94.61437854073087,0.21472768646603194
3077,-54.600000000000044,66,0.0,1.0,99.52877326377414,0.21462032262279893
3078,171.3000000000004,197,1.0,0.0,84.3027028553377,0.21451301246148755
3079,-78.9,39,0.0,1.0,87.08534530034431,0.21440575595525682
3080,179.10000000000008,139,1.0,0.0,46.28979686470769,0.2142985530772792
3081,187.80000000000013,142,1.0,0.0,67.3422679734272,0.2141914038007406
3082,-74.00000000000001,40,0.0,1.0,89.95030815489591,0.21408430809884024
3083,-61.20000000000003,52,0.0,1.0,26.465507770673586,0.21397726594479083
3084,72.00000000000045,200,0.0,0.0,92.2287506981939,0.21387027731181846
3085,186.3000000000001,127,1.0,0.0,75.81632133051167,0.21376334217316256
3086,-51.50000000000005,65,0.0,1.0,94.65181408570363,0.21365646050207598
3087,191.5000000000001,135,1.0,0.0,62.85945949587557,0.21354963227182497
3088,181.50000000000009,115,1.0,0.0,71.17641074307586,0.21344285745568906
3089,187.10000000000008,119,1.0,0.0,42.897906784249955,0.21333613602696122
3090,188.40000000000015,136,1.0,0.0,72.51348923836998,0.21322946795894776
3091,188.2000000000001,118,1.0,0.0,64.3297225368225,0.2131228532249683
3092,179.80000000000007,122,1.0,0.0,65.57456310667465,0.21301629179835582
3093,185.50000000000006,115,1.0,0.0,97.1277510267237,0.21290978365245666
3094,181.80000000000007,142,1.0,0.0,77.73848234463325,0.21280332876063043
3095,188.2000000000001,118,1.0,0.0,55.69440349709179,0.21269692709625013
3096,177.80000000000004,122,1.0,0.0,62.86465757755471,0.212590578632702
3097,191.00000000000017,130,1.0,0.0,82.9461802949126,0.21248428334338568
3098,191.70000000000016,133,1.0,0.0,40.6630331871653,0.212378041201714
3099,-64.10000000000002,71,0.0,1.0,49.23060851953399,0.21227185218111316
3100,183.00000000000006,110,1.0,0.0,46.122960297356954,0.21216571625502262
3101,-35.70000000000009,87,0.0,1.0,56.55558570774122,0.21205963339689513
3102,177.00000000000003,110,1.0,0.0,40.13673679090359,0.2119536035801967
3103,194.00000000000014,120,1.0,0.0,58.57604088584582,0.2118476267784066
3104,182.0000000000003,180,1.0,0.0,46.92391469561392,0.2117417029650174
3105,-75.10000000000001,41,0.0,1.0,91.82521593279955,0.2116358321135349
3106,184.60000000000045,174,1.0,0.0,92.77371766349708,0.21153001419747813
3107,-64.70000000000003,57,0.0,1.0,74.88359139049263,0.21142424919037942
3108,185.0000000000001,150,1.0,0.0,83.29286370903253,0.21131853706578424
3109,181.30000000000013,137,1.0,0.0,46.755462835304925,0.21121287779725137
3110,188.80000000000013,132,1.0,0.0,69.77513546451475,0.21110727135835275
3111,179.00000000000006,110,1.0,0.0,83.63235082653436,0.2110017177226736
3112,190.00000000000014,120,1.0,0.0,48.5199948395292,0.21089621686381227
3113,181.80000000000007,122,1.0,0.0,64.61660759309765,0.2107907687553804
3114,184.60000000000014,134,1.0,0.0,40.33634285284067,0.2106853733710027
3115,189.8000000000001,122,1.0,0.0,49.98558801779004,0.21058003068431722
3116,192.20000000000013,138,1.0,0.0,63.65655764332716,0.21047474066897506
3117,191.50000000000009,135,1.0,0.0,50.62589322383757,0.2103695032986406
3118,-79.5,25,0.0,1.0,47.94988081693649,0.2102643185469913
3119,186.90000000000015,141,1.0,0.0,54.304790546919435,0.2101591863877178
3120,175.30000000000004,117,1.0,0.0,79.710499426748,0.21005410679452396
3121,76.0000000000005,200,0.0,0.0,56.83690053783357,0.20994907974112673
3122,188.0000000000001,120,1.0,0.0,52.29727034494281,0.20984410520125618
3123,191.50000000000023,135,1.0,0.0,49.12067087469278,0.20973918314865556
3124,185.10000000000002,139,1.0,0.0,60.40738161358473,0.20963431355708123
3125,181.90000000000003,131,1.0,0.0,26.884628462086198,0.2095294964003027
3126,-81.69999999999999,27,0.0,1.0,73.72494162839872,0.20942473165210254
3127,-66.80000000000001,48,0.0,1.0,48.90048492855082,0.2093200192862765
3128,182.30000000000013,147,1.0,0.0,78.15289962545138,0.20921535927663337
3129,68.00000000000044,200,0.0,0.0,50.604200866222385,0.20911075159699508
3130,190.40000000000012,136,1.0,0.0,58.264701798339104,0.2090061962211966
3131,186.90000000000015,141,1.0,0.0,64.33217478739031,0.208901693123086
3132,183.50000000000023,135,1.0,0.0,36.05832148635829,0.2087972422765245
3133,186.80000000000015,152,1.0,0.0,45.22306689600411,0.20869284365538623
3134,-48.800000000000075,88,0.0,1.0,92.5135447005318,0.20858849723355855
3135,182.00000000000023,140,1.0,0.0,58.933071243975846,0.20848420298494177
3136,181.40000000000015,126,1.0,0.0,62.90414091873737,0.20837996088344932
3137,187.5000000000001,115,1.0,0.0,31.499897571491157,0.2082757709030076
3138,-70.70000000000002,37,0.0,1.0,55.261701042587696,0.20817163301755612
3139,187.70000000000013,133,1.0,0.0,78.6480949158059,0.20806754720104736
3140,-82.89999999999999,19,0.0,1.0,4.135916573436637,0.20796351342744684
3141,185.50000000000006,135,1.0,0.0,71.93459954515652,0.20785953167073312
3142,185.00000000000028,150,1.0,0.0,61.34529476056496,0.20775560190489778
3143,176.80000000000007,132,1.0,0.0,50.838003874841064,0.20765172410394533
3144,189.70000000000022,133,1.0,0.0,41.43145478421584,0.20754789824189337
3145,179.4000000000003,166,1.0,0.0,64.13470739260855,0.20744412429277245
3146,185.80000000000024,162,1.0,0.0,40.79545262134002,0.20734040223062608
3147,177.10000000000002,119,1.0,0.0,52.740522584995304,0.2072367320295108
3148,183.90000000000026,171,1.0,0.0,64.9446954590361,0.20713311366349604
3149,178.40000000000032,176,1.0,0.0,51.34012990038503,0.2070295471066643
3150,183.0000000000004,170,1.0,0.0,35.392149133542006,0.20692603233311097
3151,173.9000000000002,171,1.0,0.0,55.13916711413372,0.20682256931694443
3152,193.30000000000018,137,1.0,0.0,85.32069049688586,0.20671915803228597
3153,188.80000000000018,132,1.0,0.0,39.01411373958443,0.20661579845326983
3154,185.7000000000001,113,1.0,0.0,28.78948106306844,0.2065124905540432
3155,186.90000000000012,121,1.0,0.0,32.649928584941165,0.20640923430876618
3156,185.10000000000016,139,1.0,0.0,56.5492709923348,0.2063060296916118
3157,179.70000000000016,113,1.0,0.0,54.818847732206365,0.206202876676766
3158,182.80000000000007,132,1.0,0.0,51.942322716229796,0.20609977523842765
3159,187.20000000000016,128,1.0,0.0,74.37684039096348,0.20599672535080846
3160,44.000000000000185,200,0.0,0.0,57.304352883026006,0.20589372698813307
3161,183.30000000000007,117,1.0,0.0,41.956457351772194,0.20579078012463903
3162,186.7000000000001,123,1.0,0.0,56.5570033841986,0.20568788473457672
3163,176.1,129,1.0,0.0,49.96774875748065,0.20558504079220943
3164,185.7000000000002,153,1.0,0.0,65.57059454148501,0.20548224827181333
3165,-38.10000000000007,91,0.0,1.0,23.428010505961847,0.20537950714767744
3166,-50.30000000000005,73,0.0,1.0,49.92858296183691,0.2052768173941036
3167,-57.80000000000003,58,0.0,1.0,74.88803462735538,0.20517417898540657
3168,-69.59999999999985,176,0.0,1.0,50.685609326951884,0.2050715918959139
3169,183.30000000000013,137,1.0,0.0,77.99413318051039,0.20496905609996596
3170,174.89999999999998,141,1.0,0.0,56.708462991190295,0.20486657157191598
3171,185.9000000000001,131,1.0,0.0,45.02422627852163,0.20476413828613005
3172,-40.700000000000095,97,0.0,1.0,42.001102158089274,0.20466175621698698
3173,191.40000000000015,126,1.0,0.0,75.80923738555303,0.2045594253388785
3174,-58.79999999999987,168,0.0,1.0,45.139013184677985,0.20445714562620906
3175,-51.59999999999986,176,0.0,1.0,44.52256993712349,0.20435491705339598
3176,184.50000000000014,145,1.0,0.0,47.986903462841596,0.20425273959486928
3177,-82.6,26,0.0,1.0,93.32463844235127,0.20415061322507186
3178,-39.400000000000084,94,0.0,1.0,92.08715124079522,0.20404853791845934
3179,181.70000000000002,133,1.0,0.0,33.95177984237671,0.20394651364950012
3180,-88.3,13,0.0,1.0,53.00094746397092,0.20384454039267538
3181,-37.29999999999989,123,0.0,1.0,71.09222925387746,0.20374261812247907
3182,-32.29999999999984,153,0.0,1.0,63.059826353503986,0.20364074681341784
3183,-31.799999999999898,118,0.0,1.0,86.31245702290434,0.20353892644001115
3184,-44.0999999999997,171,0.0,1.0,49.625255368344966,0.20343715697679116
3185,-21.799999999999997,138,0.0,1.0,58.87339085113743,0.20333543839830276
3186,-42.39999999999991,124,0.0,1.0,70.89051421827847,0.20323377067910361
3187,186.30000000000013,127,1.0,0.0,62.170088303605404,0.20313215379376406
3188,184.20000000000007,138,1.0,0.0,53.91606794513654,0.2030305877168672
3189,-30.09999999999981,151,0.0,1.0,42.69800972780644,0.20292907242300876
3190,-39.99999999999985,140,0.0,1.0,51.51242142330323,0.20282760788679727
3191,190.4000000000002,136,1.0,0.0,42.874347095651665,0.2027261940828539
3192,187.10000000000008,119,1.0,0.0,61.96108052184602,0.20262483098581247
3193,182.9000000000001,121,1.0,0.0,103.29359353339869,0.20252351857031958
3194,-62.80000000000002,48,0.0,1.0,49.112326327090464,0.20242225681103443
3195,-81.79999999999998,38,0.0,1.0,2.9874439274794176,0.20232104568262893
3196,190.10000000000014,129,1.0,0.0,39.884896812339626,0.20221988515978762
3197,-36.50000000000007,95,0.0,1.0,66.28585077618298,0.20211877521720772
3198,-46.70000000000007,77,0.0,1.0,52.903984840233605,0.20201771582959913
3199,183.10000000000008,119,1.0,0.0,81.2628448129702,0.20191670697168435
3200,-88.3,13,0.0,1.0,47.40138309735518,0.2018157486181985
3201,186.10000000000014,129,1.0,0.0,71.63176493924256,0.20171484074388943
3202,-64.30000000000001,53,0.0,1.0,72.92314045131207,0.2016139833235175
3203,-59.20000000000003,52,0.0,1.0,61.40837694905125,0.20151317633185575
3204,-64.10000000000002,51,0.0,1.0,70.49377343993561,0.20141241974368984
3205,180.9000000000001,141,1.0,0.0,75.76894678693291,0.20131171353381802
3206,186.70000000000016,143,1.0,0.0,70.81192914037021,0.20121105767705114
3207,-25.099999999999795,141,0.0,1.0,81.24361907040819,0.20111045214821263
3208,-32.09999999999991,111,0.0,1.0,63.85665943574261,0.20100989692213853
3209,76.00000000000053,200,0.0,0.0,70.8974338939786,0.20090939197367746
3210,185.00000000000017,150,1.0,0.0,41.29274067521095,0.20080893727769064
3211,-25.699999999999932,127,0.0,1.0,56.76206692208455,0.20070853280905182
3212,-49.400000000000055,74,0.0,1.0,97.80156619605181,0.20060817854264731
3213,-24.999999999999858,130,0.0,1.0,88.51003480714101,0.200507874453376
3214,-47.50000000000006,65,0.0,1.0,89.95295482415419,0.20040762051614933
3215,183.0000000000001,130,1.0,0.0,83.62742918007649,0.20030741670589125
3216,-38.59999999999974,166,0.0,1.0,68.23386966562774,0.20020726299753833
3217,-75.2,32,0.0,1.0,88.2319718063809,0.20010715936603957
3218,-52.59999999999975,186,0.0,1.0,84.25639614382739,0.20000710578635655
3219,-32.79999999999974,148,0.0,1.0,90.2154141358427,0.1999071022334634
3220,187.10000000000008,119,1.0,0.0,57.535179358820955,0.19980714868234667
3221,-34.39999999999975,144,0.0,1.0,38.893771743815805,0.1997072451080055
3222,181.60000000000002,124,1.0,0.0,76.8037968274326,0.1996073914854515
3223,185.00000000000006,110,1.0,0.0,67.01007040874525,0.19950758778970878
3224,177.70000000000005,113,1.0,0.0,64.680128800658,0.19940783399581394
3225,188.0000000000001,120,1.0,0.0,72.82475217717389,0.19930813007881604
3226,-32.09999999999998,131,0.0,1.0,47.64343818248683,0.19920847601377664
3227,-26.199999999999903,122,0.0,1.0,65.86804527410719,0.19910887177576977
3228,184.20000000000005,118,1.0,0.0,87.4099329788301,0.1990093173398819
3229,189.50000000000009,115,1.0,0.0,60.678107001988785,0.19890981268121197
3230,180.8000000000001,132,1.0,0.0,71.41235913313699,0.19881035777487138
3231,-72.00000000000003,60,0.0,1.0,54.52651056994994,0.19871095259598395
3232,185.60000000000014,124,1.0,0.0,75.42845780811002,0.19861159711968598
3233,185.4000000000001,126,1.0,0.0,92.20188206363292,0.19851229132112616
3234,183.70000000000007,113,1.0,0.0,88.38371499027826,0.1984130351754656
3235,184.4000000000001,116,1.0,0.0,88.24252926172882,0.1983138286578779
3236,184.60000000000014,114,1.0,0.0,62.280720057456115,0.19821467174354895
3237,184.90000000000012,141,1.0,0.0,79.99578474599419,0.1981155644076772
3238,187.4000000000001,106,1.0,0.0,76.41572009645543,0.19801650662547338
3239,177.7,113,1.0,0.0,97.11199979484081,0.19791749837216066
3240,-29.999999999999844,140,0.0,1.0,79.04735120322023,0.1978185396229746
3241,183.90000000000015,151,1.0,0.0,104.72608233110005,0.19771963035316312
3242,-83.39999999999999,34,0.0,1.0,5.364312941098914,0.19762077053798655
3243,173.10000000000008,119,1.0,0.0,93.83059230346639,0.19752196015271756
3244,-84.89999999999999,19,0.0,1.0,253.0457348556895,0.1974231991726412
3245,186.60000000000014,134,1.0,0.0,96.12878333677106,0.1973244875730549
3246,-29.500000000000043,105,0.0,1.0,64.67383511790207,0.19722582532926838
3247,187.4000000000001,126,1.0,0.0,60.656051731653626,0.19712721241660375
3248,182.00000000000006,120,1.0,0.0,84.36861194012066,0.19702864881039545
3249,-30.899999999999835,159,0.0,1.0,61.348731922091176,0.19693013448599025
3250,191.90000000000012,131,1.0,0.0,95.18081183811181,0.19683166941874727
3251,-82.79999999999998,28,0.0,1.0,45.57210865829672,0.1967332535840379
3252,183.8000000000001,122,1.0,0.0,81.76115771065481,0.1966348869572459
3253,184.20000000000027,158,1.0,0.0,75.14062140504771,0.1965365695137673
3254,-27.89999999999995,149,0.0,1.0,59.4372966401529,0.19643830122901043
3255,179.90000000000023,131,1.0,0.0,63.902950550194916,0.19634008207839593
3256,-82.99999999999999,30,0.0,1.0,86.97596059987943,0.19624191203735675
3257,-73.50000000000003,45,0.0,1.0,26.957716853088804,0.1961437910813381
3258,181.10000000000005,119,1.0,0.0,113.6449098870033,0.19604571918579744
3259,-41.599999999999845,176,0.0,1.0,82.14120414226569,0.19594769632620454
3260,-48.60000000000007,86,0.0,1.0,99.63080551700537,0.19584972247804144
3261,-32.10000000000005,91,0.0,1.0,47.59949164338164,0.19575179761680242
3262,-65.30000000000004,63,0.0,1.0,48.32732779828329,0.19565392171799403
3263,-65.90000000000006,69,0.0,1.0,71.40176143745582,0.19555609475713503
3264,-51.799999999999805,178,0.0,1.0,88.25682264390622,0.19545831670975647
3265,185.40000000000015,126,1.0,0.0,100.33491400984072,0.1953605875514016
3266,186.5000000000001,125,1.0,0.0,72.24748499667645,0.1952629072576259
3267,-60.60000000000003,46,0.0,1.0,66.63322354043308,0.1951652758039971
3268,190.9000000000002,141,1.0,0.0,62.93367039861408,0.1950676931660951
3269,183.50000000000006,115,1.0,0.0,54.28400302775528,0.19497015931951206
3270,-37.5000000000001,105,0.0,1.0,65.11008307422911,0.19487267423985233
3271,185.90000000000018,131,1.0,0.0,86.05229154160915,0.1947752379027324
3272,-70.00000000000001,40,0.0,1.0,87.22100817486644,0.19467785028378104
3273,180.40000000000003,136,1.0,0.0,109.0700723109219,0.19458051135863916
3274,-15.399999999999764,154,0.0,1.0,65.30690756285345,0.19448322110295985
3275,-38.499999999999815,135,0.0,1.0,108.56831494812612,0.19438597949240838
3276,-24.69999999999979,137,0.0,1.0,92.83238903819209,0.19428878650266218
3277,184.10000000000005,109,1.0,0.0,88.30478134040439,0.19419164210941087
3278,182.40000000000032,156,1.0,0.0,74.08611552073405,0.19409454628835618
3279,180.10000000000005,109,1.0,0.0,99.99112067282746,0.19399749901521202
3280,-28.700000000000017,97,0.0,1.0,104.49349354222878,0.19390050026570443
3281,-44.70000000000006,77,0.0,1.0,40.0702354248081,0.1938035500155716
3282,184.20000000000016,158,1.0,0.0,123.0704206184873,0.19370664824056383
3283,-83.1,21,0.0,1.0,91.1807957632201,0.19360979491644356
3284,184.9000000000002,141,1.0,0.0,91.06324776584376,0.19351299001898534
3285,-67.10000000000002,41,0.0,1.0,49.20410553129708,0.19341623352397586
3286,181.6000000000003,164,1.0,0.0,56.1951691710004,0.19331952540721387
3287,58.00000000000039,200,0.0,0.0,86.49887600854039,0.19322286564451027
3288,-79.2,32,0.0,1.0,146.23095088731498,0.19312625421168803
3289,187.90000000000006,111,1.0,0.0,60.05975719749391,0.1930296910845822
3290,-54.10000000000006,71,0.0,1.0,87.68517261407744,0.19293317623903994
3291,178.7000000000002,143,1.0,0.0,85.07471143449104,0.19283670965092042
3292,66.00000000000041,200,0.0,0.0,80.54760608546435,0.19274029129609496
3293,188.30000000000018,147,1.0,0.0,80.26077246473355,0.19264392115044693
3294,-49.60000000000005,76,0.0,1.0,63.83818729378675,0.19254759918987172
3295,192.70000000000016,123,1.0,0.0,60.896584646246296,0.1924513253902768
3296,185.2000000000004,168,1.0,0.0,65.92124219114582,0.19235509972758166
3297,187.80000000000007,122,1.0,0.0,58.89365859183132,0.1922589221777179
3298,179.30000000000013,117,1.0,0.0,101.52441366526307,0.19216279271662903
3299,177.50000000000028,155,1.0,0.0,101.0385829780371,0.19206671132027073
3300,189.00000000000023,150,1.0,0.0,104.70971774796645,0.1919706779646106
3301,-37.99999999999965,180,0.0,1.0,71.93562622302109,0.19187469262562828
3302,180.10000000000002,109,1.0,0.0,76.1457384776905,0.19177875527931548
3303,-46.20000000000007,82,0.0,1.0,107.82451968185785,0.19168286590167583
3304,-29.09999999999981,141,0.0,1.0,111.38565585841523,0.191587024468725
3305,-15.199999999999633,152,0.0,1.0,92.53490750217124,0.19149123095649065
3306,180.1000000000002,129,1.0,0.0,78.56516105075215,0.19139548534101242
3307,189.20000000000022,148,1.0,0.0,62.06965618117435,0.19129978759834193
3308,177.70000000000041,173,1.0,0.0,64.54794589443014,0.19120413770454278
3309,-49.60000000000006,76,0.0,1.0,25.66506393645939,0.19110853563569052
3310,185.70000000000016,133,1.0,0.0,79.10244428797772,0.1910129813678727
3311,-73.90000000000006,69,0.0,1.0,53.91906087899554,0.19091747487718877
3312,-74.5,35,0.0,1.0,107.82869497707912,0.1908220161397502
3313,184.00000000000023,140,1.0,0.0,86.70150020676,0.19072660513168033
3314,-52.30000000000011,113,0.0,1.0,119.02007360294857,0.1906312418291145
3315,191.40000000000015,126,1.0,0.0,63.19754708073442,0.19053592620819995
3316,184.30000000000047,187,1.0,0.0,105.88400746371975,0.19044065824509587
3317,-62.700000000000045,57,0.0,1.0,85.16474078098933,0.19034543791597333
3318,176.7999999999999,192,1.0,0.0,87.70678983411442,0.19025026519701535
3319,-38.800000000000104,108,0.0,1.0,56.500862960462214,0.19015514006441686
3320,-74.30000000000001,33,0.0,1.0,130.8769229916912,0.19006006249438467
3321,187.0000000000002,150,1.0,0.0,99.59209625353415,0.18996503246313748
3322,181.10000000000008,179,1.0,0.0,82.60375413556672,0.18987004994690593
3323,188.7000000000001,143,1.0,0.0,83.80124567209424,0.1897751149219325
3324,183.40000000000038,166,1.0,0.0,75.43440380261605,0.18968022736447154
3325,175.60000000000008,124,1.0,0.0,93.15740021222061,0.18958538725078933
3326,192.4000000000002,176,1.0,0.0,88.83854944851588,0.18949059455716394
3327,182.0,120,1.0,0.0,69.51782315361002,0.18939584925988537
3328,-35.1000000000001,101,0.0,1.0,123.71386820431984,0.18930115133525544
3329,181.50000000000023,155,1.0,0.0,88.5123874615277,0.1892065007595878
3330,-49.30000000000007,83,0.0,1.0,111.86341182833695,0.18911189750920804
3331,-28.899999999999935,119,0.0,1.0,59.44553049509766,0.18901734156045344
3332,192.0000000000001,120,1.0,0.0,79.11241197983423,0.1889228328896732
3333,180.5000000000001,125,1.0,0.0,66.49992243218422,0.1888283714732284
3334,186.4000000000001,116,1.0,0.0,71.0717342475365,0.1887339572874918
3335,189.60000000000005,124,1.0,0.0,66.9580519470957,0.18863959030884805
3336,179.3,97,1.0,0.0,59.00876715379892,0.18854527051369363
3337,177.70000000000024,153,1.0,0.0,96.59040698175336,0.1884509978784368
3338,183.4000000000001,126,1.0,0.0,59.57110597145936,0.1883567723794976
3339,190.00000000000006,160,1.0,0.0,77.10962486863136,0.18826259399330786
3340,187.40000000000006,126,1.0,0.0,56.00735206109664,0.1881684626963112
3341,191.9000000000001,131,1.0,0.0,87.40388286272989,0.18807437846496305
3342,182.4000000000001,136,1.0,0.0,63.804681846762406,0.18798034127573057
3343,183.80000000000007,122,1.0,0.0,73.24331477089007,0.18788635110509272
3344,-37.100000000000065,81,0.0,1.0,60.70087990164757,0.1877924079295402
3345,177.89999999999998,131,1.0,0.0,89.167872185243,0.18769851172557542
3346,-37.700000000000074,87,0.0,1.0,47.80066123878819,0.18760466246971264
3347,184.1000000000005,189,1.0,0.0,94.03889115430691,0.1875108601384778
3348,183.60000000000002,124,1.0,0.0,63.45739738607118,0.18741710470840856
3349,185.9000000000001,131,1.0,0.0,65.95583684344328,0.18732339615605437
3350,190.00000000000017,140,1.0,0.0,66.70292688363365,0.18722973445797636
3351,186.00000000000006,120,1.0,0.0,102.07721975669264,0.18713611959074739
3352,188.7000000000001,143,1.0,0.0,55.11908438020236,0.18704255153095203
3353,185.20000000000005,128,1.0,0.0,85.35839931364171,0.18694903025518655
3354,186.00000000000006,160,1.0,0.0,65.37354994816705,0.18685555574005897
3355,188.10000000000014,129,1.0,0.0,70.28489486260932,0.18676212796218894
3356,181.10000000000005,119,1.0,0.0,71.6729966529778,0.18666874689820787
3357,-58.50000000000003,55,0.0,1.0,57.97376246560704,0.18657541252475876
3358,188.3000000000001,127,1.0,0.0,76.65037721184295,0.18648212481849638
3359,-77.6,36,0.0,1.0,122.45880281428497,0.18638888375608714
3360,-66.40000000000002,44,0.0,1.0,72.44187521799044,0.18629568931420912
3361,180.60000000000022,134,1.0,0.0,57.90410411146595,0.18620254146955204
3362,190.70000000000024,143,1.0,0.0,69.32843664465668,0.18610944019881728
3363,187.40000000000003,166,1.0,0.0,70.64761339244713,0.18601638547871788
3364,-58.200000000000024,62,0.0,1.0,48.408487097390235,0.18592337728597852
3365,180.60000000000016,134,1.0,0.0,64.90909318381281,0.18583041559733554
3366,188.10000000000008,129,1.0,0.0,69.75865679124529,0.18573750038953687
3367,181.80000000000007,122,1.0,0.0,129.3995625865264,0.1856446316393421
3368,178.00000000000006,120,1.0,0.0,63.57482304299871,0.18555180932352244
3369,183.4000000000001,146,1.0,0.0,62.25107507815916,0.1854590334188607
3370,186.70000000000013,123,1.0,0.0,49.80079507488546,0.18536630390215128
3371,181.2000000000001,108,1.0,0.0,64.44988535786116,0.1852736207502002
3372,185.30000000000018,137,1.0,0.0,43.55558939582675,0.18518098393982513
3373,186.4000000000001,116,1.0,0.0,72.78487542798293,0.18508839344785522
3374,188.60000000000008,134,1.0,0.0,105.05890374586208,0.1849958492511313
3375,182.2000000000001,118,1.0,0.0,80.02698078814704,0.18490335132650573
3376,-67.70000000000005,67,0.0,1.0,74.95864313396055,0.1848108996508425
3377,179.7,133,1.0,0.0,120.43498182890559,0.18471849420101707
3378,-42.60000000000007,86,0.0,1.0,72.18130158546359,0.18462613495391658
3379,181.90000000000015,131,1.0,0.0,56.40151915750431,0.18453382188643963
3380,179.80000000000007,122,1.0,0.0,91.79655795923021,0.1844415549754964
3381,-41.600000000000094,96,0.0,1.0,77.2615756673428,0.18434933419800867
3382,-48.000000000000114,120,0.0,1.0,84.64575389288366,0.18425715953090968
3383,184.10000000000008,149,1.0,0.0,63.00656307053646,0.18416503095114423
3384,183.50000000000006,135,1.0,0.0,77.67287592954106,0.18407294843566865
3385,190.70000000000013,123,1.0,0.0,81.87883260967286,0.18398091196145083
3386,181.90000000000006,111,1.0,0.0,86.74318175225913,0.18388892150547012
3387,188.30000000000015,127,1.0,0.0,62.093944655159326,0.1837969770447174
3388,-67.90000000000003,49,0.0,1.0,82.36933961814763,0.18370507855619506
3389,183.20000000000007,108,1.0,0.0,56.16314818213383,0.18361322601691696
3390,184.50000000000026,185,1.0,0.0,92.53618851223507,0.1835214194039085
3391,186.4000000000002,156,1.0,0.0,74.87941085900634,0.18342965869420658
3392,-50.800000000000075,88,0.0,1.0,64.70951147953218,0.1833379438648595
3393,173.89999999999998,171,1.0,0.0,101.67117162318955,0.18324627489292708
3394,182.60000000000014,134,1.0,0.0,54.46319487935572,0.18315465175548062
3395,186.10000000000008,129,1.0,0.0,61.36690371154353,0.1830630744296029
3396,181.20000000000022,148,1.0,0.0,100.31356999016292,0.18297154289238812
3397,-87.6,16,0.0,1.0,59.35409675166011,0.18288005712094194
3398,182.7000000000002,163,1.0,0.0,60.88198121129735,0.18278861709238148
3399,180.90000000000003,121,1.0,0.0,78.06832835090555,0.1826972227838353
3400,188.10000000000008,129,1.0,0.0,72.84122773924078,0.1826058741724434
3401,187.30000000000007,137,1.0,0.0,73.83911462889536,0.1825145712353572
3402,184.00000000000006,120,1.0,0.0,66.24568236929674,0.1824233139497395
3403,184.60000000000002,114,1.0,0.0,83.55033160824524,0.18233210229276464
3404,191.9000000000002,131,1.0,0.0,109.93580902953639,0.18224093624161827
3405,-61.300000000000026,43,0.0,1.0,155.40388043398082,0.18214981577349748
3406,181.80000000000007,122,1.0,0.0,81.71244917785535,0.18205874086561075
3407,190.30000000000013,127,1.0,0.0,77.05106769701628,0.18196771149517796
3408,187.5000000000001,115,1.0,0.0,72.65726227216099,0.18187672763943039
3409,178.70000000000013,123,1.0,0.0,59.43274555397712,0.18178578927561068
3410,176.89999999999998,141,1.0,0.0,49.911197046227485,0.1816948963809729
3411,186.1000000000001,129,1.0,0.0,103.96565031404643,0.1816040489327824
3412,182.40000000000003,116,1.0,0.0,83.35930015660566,0.18151324690831602
3413,185.40000000000015,146,1.0,0.0,99.93389217555523,0.18142249028486188
3414,187.4000000000001,126,1.0,0.0,83.90061135495466,0.18133177903971945
3415,183.30000000000007,117,1.0,0.0,78.71557570102378,0.1812411131501996
3416,-45.60000000000006,76,0.0,1.0,83.28082728758454,0.18115049259362453
3417,188.50000000000017,125,1.0,0.0,90.99918398392201,0.18105991734732774
3418,180.0,140,1.0,0.0,57.33046354034117,0.1809693873886541
3419,-53.200000000000045,72,0.0,1.0,59.62735769670043,0.18087890269495976
3420,183.2,168,1.0,0.0,59.42192520547126,0.1807884632436123
3421,188.00000000000006,120,1.0,0.0,92.46284258688489,0.1806980690119905
3422,184.0000000000001,120,1.0,0.0,85.34949858114123,0.1806077199774845
3423,184.10000000000002,129,1.0,0.0,85.50138602319151,0.18051741611749578
3424,-34.600000000000065,106,0.0,1.0,65.38482866745512,0.18042715740943704
3425,185.30000000000007,117,1.0,0.0,63.10342105420736,0.18033694383073234
3426,-52.40000000000004,64,0.0,1.0,110.6084451165516,0.18024677535881697
3427,187.60000000000014,124,1.0,0.0,102.30001414110583,0.1801566519711376
3428,188.40000000000012,136,1.0,0.0,56.85837920601754,0.18006657364515202
3429,-45.800000000000075,78,0.0,1.0,60.44754438369702,0.17997654035832947
3430,186.70000000000007,123,1.0,0.0,55.15324853154702,0.17988655208815033
3431,187.00000000000014,130,1.0,0.0,67.44064291451986,0.17979660881210627
3432,190.40000000000015,136,1.0,0.0,49.0426510916475,0.17970671050770023
3433,181.80000000000007,102,1.0,0.0,75.1557951442459,0.1796168571524464
3434,185.90000000000006,131,1.0,0.0,97.3150489709077,0.17952704872387018
3435,-82.19999999999999,22,0.0,1.0,46.70711454884572,0.17943728519950825
3436,184.30000000000007,127,1.0,0.0,102.33968702427984,0.1793475665569085
3437,182.9000000000001,121,1.0,0.0,78.94800719791208,0.17925789277363005
3438,186.10000000000008,129,1.0,0.0,59.120063584788824,0.17916826382724324
3439,181.10000000000002,119,1.0,0.0,67.41109178747449,0.17907867969532962
3440,190.6000000000002,134,1.0,0.0,91.46257746797889,0.17898914035548197
3441,191.70000000000013,133,1.0,0.0,102.51308946524348,0.17889964578530423
3442,-71.50000000000001,45,0.0,1.0,92.27471448481083,0.1788101959624116
3443,182.70000000000005,103,1.0,0.0,72.82884257532729,0.1787207908644304
3444,186.7000000000001,123,1.0,0.0,49.8708033148593,0.1786314304689982
3445,179.40000000000006,126,1.0,0.0,77.08169592715917,0.17854211475376372
3446,180.0,120,1.0,0.0,55.059824994082256,0.17845284369638684
3447,186.50000000000023,145,1.0,0.0,80.17917968959644,0.17836361727453864
3448,-35.800000000000075,78,0.0,1.0,96.63181081891824,0.17827443546590138
3449,178.3,127,1.0,0.0,77.61014313737708,0.17818529824816845
3450,62.00000000000018,200,0.0,0.0,57.80480721116066,0.17809620559904438
3451,196.60000000000014,134,1.0,0.0,80.90849747975815,0.17800715749624488
3452,197.50000000000017,135,1.0,0.0,74.1202336696563,0.17791815391749677
3453,178.89999999999998,121,1.0,0.0,81.39921065204399,0.17782919484053802
3454,-45.20000000000008,92,0.0,1.0,84.08184798774512,0.17774028024311778
3455,189.2000000000001,128,1.0,0.0,62.764358032436576,0.17765141010299623
3456,183.50000000000009,115,1.0,0.0,93.04610260880511,0.17756258439794476
3457,175.60000000000002,104,1.0,0.0,80.10254130913661,0.1774738031057458
3458,-83.49999999999999,25,0.0,1.0,99.90503515779972,0.17738506620419292
3459,185.80000000000013,122,1.0,0.0,45.43549985841649,0.17729637367109083
3460,186.70000000000007,123,1.0,0.0,68.94850666275839,0.17720772548425529
3461,-31.000000000000057,90,0.0,1.0,60.929392198556,0.17711912162151316
3462,190.40000000000032,156,1.0,0.0,75.04244291600891,0.17703056206070242
3463,-59.400000000000034,54,0.0,1.0,84.42949931019986,0.17694204677967207
3464,187.2000000000001,128,1.0,0.0,108.78525334270671,0.17685357575628224
3465,-54.00000000000004,60,0.0,1.0,83.89506471256415,0.17676514896840412
3466,-71.90000000000002,49,0.0,1.0,87.12889758968839,0.17667676639391994
3467,181.3,117,1.0,0.0,108.34645633463167,0.176588428010723
3468,189.7000000000001,113,1.0,0.0,87.77426261593283,0.17650013379671764
3469,-81.3,23,0.0,1.0,101.91695410855438,0.17641188372981928
3470,190.50000000000006,125,1.0,0.0,56.79488522207737,0.17632367778795438
3471,181.10000000000002,119,1.0,0.0,87.0076211963882,0.17623551594906042
3472,-64.90000000000003,59,0.0,1.0,58.036352555883134,0.1761473981910859
3473,196.4000000000002,136,1.0,0.0,71.23394653201103,0.17605932449199038
3474,-54.20000000000004,62,0.0,1.0,72.72701150899933,0.17597129482974438
3475,181.10000000000002,159,1.0,0.0,59.76994122489818,0.17588330918232953
3476,190.90000000000012,121,1.0,0.0,92.61048067268754,0.17579536752773836
3477,-53.60000000000004,56,0.0,1.0,118.66869884117374,0.1757074698439745
3478,180.00000000000003,120,1.0,0.0,75.22953104513387,0.17561961610905252
3479,-64.20000000000003,62,0.0,1.0,113.46128832260447,0.17553180630099802
3480,174.7999999999999,152,1.0,0.0,87.18394034414699,0.17544404039784753
3481,188.20000000000013,138,1.0,0.0,84.45330118614694,0.17535631837764862
3482,186.80000000000007,112,1.0,0.0,73.5676500771993,0.1752686402184598
3483,187.5000000000001,115,1.0,0.0,81.52324580640897,0.1751810058983506
3484,187.70000000000005,133,1.0,0.0,90.21554420485084,0.17509341539540144
3485,191.80000000000015,122,1.0,0.0,88.70800140396248,0.17500586868770374
3486,185.60000000000008,124,1.0,0.0,53.22795029537332,0.1749183657533599
3487,186.00000000000006,120,1.0,0.0,117.69670410516362,0.17483090657048322
3488,184.9000000000001,121,1.0,0.0,57.164734691997204,0.174743491117198
3489,187.7000000000001,113,1.0,0.0,101.94030378692973,0.1746561193716394
3490,185.60000000000008,124,1.0,0.0,99.8622910095559,0.1745687913119536
3491,188.50000000000009,125,1.0,0.0,87.74853702807427,0.17448150691629763
3492,188.60000000000008,134,1.0,0.0,101.3589806280919,0.17439426616283948
3493,-61.800000000000026,58,0.0,1.0,113.89327293223349,0.17430706902975807
3494,-37.10000000000007,81,0.0,1.0,108.74348663584685,0.17421991549524318
3495,-73.4,34,0.0,1.0,91.96402980036595,0.17413280553749558
3496,178.40000000000003,116,1.0,0.0,133.7085244564404,0.17404573913472685
3497,184.7000000000001,123,1.0,0.0,93.66346960605645,0.1739587162651595
3498,177.3,117,1.0,0.0,80.41785232417094,0.17387173690702692
3499,181.00000000000006,110,1.0,0.0,53.82904540408742,0.1737848010385734
3500,193.2000000000001,128,1.0,0.0,92.23974021757022,0.17369790863805412
3501,-75.10000000000001,41,0.0,1.0,139.55778395184657,0.1736110596837351
3502,185.90000000000003,111,1.0,0.0,96.59888665525763,0.17352425415389325
3503,180.60000000000042,194,1.0,0.0,56.93282036736761,0.1734374920268163
3504,181.30000000000007,117,1.0,0.0,86.05431117983456,0.1733507732808029
3505,179.50000000000003,115,1.0,0.0,89.12694845601268,0.1732640978941625
3506,183.10000000000008,119,1.0,0.0,85.72555140781553,0.17317746584521543
3507,185.10000000000008,119,1.0,0.0,68.49616859590306,0.17309087711229282
3508,189.00000000000009,110,1.0,0.0,56.013102896782485,0.1730043316737367
3509,186.4000000000001,116,1.0,0.0,53.48050335691921,0.17291782950789983
3510,-77.90000000000003,69,0.0,1.0,60.61539067975853,0.17283137059314588
3511,-85.29999999999998,23,0.0,1.0,82.87366818863413,0.1727449549078493
3512,184.90000000000006,121,1.0,0.0,83.8190866137339,0.1726585824303954
3513,189.9000000000001,111,1.0,0.0,71.20582808849511,0.1725722531391802
3514,189.00000000000017,130,1.0,0.0,95.29083975920311,0.17248596701261062
3515,191.70000000000016,133,1.0,0.0,87.8042543166338,0.17239972402910433
3516,187.40000000000015,126,1.0,0.0,87.15219303102248,0.17231352416708978
3517,189.60000000000014,124,1.0,0.0,58.62620132656828,0.17222736740500624
3518,181.10000000000008,119,1.0,0.0,88.2441088820205,0.17214125372130376
3519,-78.70000000000002,37,0.0,1.0,80.39775032368865,0.17205518309444312
3520,-86.89999999999999,19,0.0,1.0,40.176516099980006,0.1719691555028959
3521,188.30000000000013,127,1.0,0.0,44.41085959313892,0.17188317092514446
3522,59.99999999999976,200,0.0,0.0,73.42471204567701,0.1717972293396819
3523,187.30000000000013,157,1.0,0.0,72.59067092361344,0.17171133072501205
3524,187.30000000000013,137,1.0,0.0,79.81369881244906,0.17162547505964956
3525,-30.50000000000003,95,0.0,1.0,56.84170978383014,0.17153966232211976
3526,180.3,127,1.0,0.0,130.92438058038866,0.17145389249095871
3527,194.10000000000016,129,1.0,0.0,94.16166356633337,0.17136816554471324
3528,-47.10000000000007,81,0.0,1.0,55.425695031697366,0.1712824814619409
3529,186.80000000000007,112,1.0,0.0,76.53300933593086,0.17119684022120993
3530,-34.70000000000006,77,0.0,1.0,83.71359439987641,0.17111124180109932
3531,186.10000000000008,129,1.0,0.0,58.781530284893144,0.17102568618019878
3532,176.3,127,1.0,0.0,68.07789671174653,0.1709401733371087
3533,180.9,121,1.0,0.0,78.74882727528899,0.17085470325044017
3534,190.6000000000001,114,1.0,0.0,90.95053099827808,0.17076927589881497
3535,183.5000000000001,115,1.0,0.0,33.16023493927458,0.17068389126086556
3536,181.40000000000003,106,1.0,0.0,86.53304341800933,0.17059854931523513
3537,184.20000000000007,118,1.0,0.0,116.0201759143906,0.17051325004057752
3538,179.60000000000002,104,1.0,0.0,77.46068567410111,0.17042799341555723
3539,183.80000000000004,122,1.0,0.0,81.94562816119097,0.17034277941884945
3540,184.80000000000007,112,1.0,0.0,62.89726852173252,0.17025760802914003
3541,188.30000000000007,127,1.0,0.0,100.83466159745933,0.17017247922512546
3542,185.4000000000001,106,1.0,0.0,86.68411376074238,0.1700873929855129
3543,187.70000000000007,113,1.0,0.0,62.46121481179664,0.17000234928902014
3544,194.0000000000001,140,1.0,0.0,64.86066653632692,0.16991734811437564
3545,-41.600000000000065,76,0.0,1.0,89.73446041345596,0.16983238944031848
3546,-69.60000000000002,36,0.0,1.0,61.9103412475023,0.16974747324559833
3547,-33.50000000000007,85,0.0,1.0,74.41407907552579,0.16966259950897553
3548,184.10000000000008,129,1.0,0.0,54.32239939162667,0.16957776820922105
3549,189.80000000000007,122,1.0,0.0,78.96643100654492,0.16949297932511645
3550,185.00000000000006,110,1.0,0.0,105.73058255585757,0.1694082328354539
3551,185.4000000000001,126,1.0,0.0,103.12671362750586,0.16932352871903616
3552,180.90000000000006,121,1.0,0.0,90.68353486898516,0.16923886695467666
3553,182.2000000000001,118,1.0,0.0,100.20644691106627,0.16915424752119934
3554,176.7,103,1.0,0.0,85.58745058416163,0.16906967039743875
3555,-27.39999999999999,94,0.0,1.0,117.95833738703043,0.16898513556224004
3556,-70.20000000000002,42,0.0,1.0,75.07010558389482,0.16890064299445892
3557,-91.8,18,0.0,1.0,44.73637799421946,0.1688161926729617
3558,-77.7,27,0.0,1.0,75.41089920037322,0.16873178457662522
3559,179.70000000000005,113,1.0,0.0,91.31886446660599,0.1686474186843369
3560,192.20000000000013,118,1.0,0.0,83.41143790468321,0.16856309497499475
3561,179.1000000000001,139,1.0,0.0,63.25184673306753,0.16847881342750726
3562,-64.20000000000002,42,0.0,1.0,84.66741444631701,0.16839457402079352
3563,187.10000000000008,119,1.0,0.0,76.13004608402233,0.16831037673378313
3564,-60.00000000000005,80,0.0,1.0,68.73684979788959,0.16822622154541625
3565,184.50000000000006,105,1.0,0.0,60.03890320616109,0.16814210843464356
3566,-37.500000000000085,85,0.0,1.0,61.67779607369619,0.16805803738042624
3567,-83.99999999999999,20,0.0,1.0,34.73859519511461,0.16797400836173604
3568,187.9000000000001,111,1.0,0.0,80.236394133251,0.16789002135755518
3569,-48.70000000000006,77,0.0,1.0,77.28861064415473,0.16780607634687641
3570,-46.400000000000055,64,0.0,1.0,84.22451804368757,0.16772217330870298
3571,-33.80000000000007,78,0.0,1.0,62.90909708979038,0.16763831222204864
3572,188.6000000000002,134,1.0,0.0,47.162559768046016,0.16755449306593762
3573,-51.300000000000054,63,0.0,1.0,83.01868536666272,0.16747071581940465
3574,-42.70000000000007,77,0.0,1.0,91.411381698274,0.16738698046149494
3575,186.7000000000001,123,1.0,0.0,84.86288232301793,0.1673032869712642
3576,190.00000000000009,120,1.0,0.0,66.83522156042358,0.1672196353277786
3577,187.10000000000008,119,1.0,0.0,66.72562732491173,0.1671360255101147
3578,184.60000000000008,134,1.0,0.0,88.5679794009497,0.16705245749735964
3579,-85.49999999999999,25,0.0,1.0,9.693047679662705,0.16696893126861098
3580,185.20000000000005,108,1.0,0.0,65.01197982758835,0.16688544680297668
3581,191.20000000000016,128,1.0,0.0,88.03470070566982,0.1668020040795752
3582,185.10000000000005,119,1.0,0.0,73.34068828645874,0.16671860307753544
3583,190.10000000000016,129,1.0,0.0,93.30910821362983,0.16663524377599667
3584,189.50000000000014,135,1.0,0.0,66.28933778151318,0.1665519261541087
3585,181.30000000000007,117,1.0,0.0,83.7152619552918,0.16646865019103163
3586,188.30000000000013,127,1.0,0.0,81.01108178249963,0.16638541586593614
3587,187.20000000000007,128,1.0,0.0,82.77411497326102,0.16630222315800317
3588,189.1000000000002,139,1.0,0.0,79.13386405532738,0.16621907204642417
3589,188.10000000000014,129,1.0,0.0,53.02786761961242,0.16613596251040097
3590,191.7000000000001,133,1.0,0.0,72.60850485755985,0.1660528945291458
3591,180.0000000000001,140,1.0,0.0,129.49558864374245,0.16596986808188122
3592,190.60000000000014,134,1.0,0.0,94.80235625836832,0.16588688314784028
3593,187.40000000000006,126,1.0,0.0,46.450010057006565,0.16580393970626636
3594,190.4000000000001,116,1.0,0.0,55.99935173268976,0.16572103773641325
3595,188.10000000000008,129,1.0,0.0,95.67310211847919,0.16563817721754506
3596,191.10000000000014,119,1.0,0.0,64.2468246559636,0.1655553581289363
3597,180.70000000000005,123,1.0,0.0,86.74561088829022,0.16547258044987184
3598,193.20000000000013,128,1.0,0.0,87.8794911140576,0.16538984415964691
3599,184.0000000000001,120,1.0,0.0,89.93233892110487,0.1653071492375671
3600,187.50000000000006,115,1.0,0.0,78.1220691241,0.1652244956629483
3601,187.40000000000006,106,1.0,0.0,64.95606558137345,0.16514188341511685
3602,-85.49999999999999,25,0.0,1.0,70.0855610844493,0.1650593124734093
3603,181.80000000000007,102,1.0,0.0,105.92884073537938,0.1649767828171726
3604,-27.500000000000043,105,0.0,1.0,100.63384118151097,0.16489429442576403
3605,181.10000000000008,119,1.0,0.0,103.82002322125335,0.16481184727855117
3606,185.5000000000001,115,1.0,0.0,56.67354781886806,0.1647294413549119
3607,-67.80000000000001,38,0.0,1.0,60.43391389007631,0.16464707663423447
3608,185.2000000000001,128,1.0,0.0,97.62820894969627,0.16456475309591737
3609,182.60000000000002,114,1.0,0.0,79.54415683788166,0.16448247071936942
3610,191.0000000000001,130,1.0,0.0,70.10248071597172,0.16440022948400973
3611,182.70000000000013,123,1.0,0.0,61.74728261739985,0.16431802936926773
3612,192.2000000000001,118,1.0,0.0,103.82413751631975,0.16423587035458312
3613,184.00000000000006,120,1.0,0.0,79.9119883628562,0.16415375241940583
3614,183.90000000000003,111,1.0,0.0,91.61642287591019,0.16407167554319613
3615,181.20000000000002,108,1.0,0.0,54.696201197113155,0.16398963970542454
3616,-19.199999999999946,112,0.0,1.0,89.26569630937385,0.16390764488557183
3617,186.10000000000008,109,1.0,0.0,94.70416119120537,0.16382569106312905
3618,184.2000000000001,118,1.0,0.0,94.83838201396294,0.1637437782175975
3619,192.10000000000016,129,1.0,0.0,66.54723905413881,0.1636619063284887
3620,187.4000000000001,126,1.0,0.0,56.06809738313868,0.16358007537532446
3621,187.50000000000023,135,1.0,0.0,71.70163772039943,0.1634982853376368
3622,188.50000000000006,125,1.0,0.0,70.75531274223327,0.163416536194968
3623,180.90000000000003,101,1.0,0.0,51.295475956089426,0.1633348279268705
3624,190.40000000000012,116,1.0,0.0,117.24827830442067,0.1632531605129071
3625,185.50000000000006,115,1.0,0.0,68.66182600480059,0.16317153393265063
3626,180.60000000000002,114,1.0,0.0,60.17456556542923,0.1630899481656843
3627,183.80000000000007,102,1.0,0.0,91.31664024088897,0.16300840319160148
3628,-56.00000000000004,60,0.0,1.0,100.7029022882382,0.16292689899000568
3629,188.00000000000006,120,1.0,0.0,75.96156093714139,0.16284543554051067
3630,185.9000000000001,111,1.0,0.0,60.26910282832545,0.16276401282274042
3631,183.50000000000006,115,1.0,0.0,121.98119166597075,0.16268263081632905
3632,-52.00000000000004,60,0.0,1.0,127.11512332061926,0.1626012895009209
3633,196.90000000000015,121,1.0,0.0,46.59252054299697,0.16251998885617044
3634,186.30000000000013,127,1.0,0.0,64.19626986112182,0.16243872886174238
3635,185.40000000000006,106,1.0,0.0,67.27313933521509,0.1623575094973115
3636,186.2000000000001,118,1.0,0.0,92.87904633594266,0.16227633074256287
3637,-72.00000000000001,40,0.0,1.0,51.50318547524512,0.1621951925771916
3638,182.50000000000006,125,1.0,0.0,47.57597217965126,0.162114094980903
3639,191.10000000000008,119,1.0,0.0,90.42258704015437,0.16203303793341256
3640,-82.99999999999999,30,0.0,1.0,82.90550451328357,0.16195202141444587
3641,-39.30000000000007,83,0.0,1.0,72.57173807919025,0.16187104540373864
3642,189.80000000000013,122,1.0,0.0,42.82734657750755,0.1617901098810368
3643,184.90000000000003,101,1.0,0.0,45.37787995347292,0.16170921482609626
3644,191.70000000000013,113,1.0,0.0,62.01035549221313,0.16162836021868324
3645,180.60000000000005,114,1.0,0.0,87.96062435628029,0.1615475460385739
3646,-70.20000000000002,42,0.0,1.0,106.10024783582915,0.16146677226555464
3647,-55.50000000000004,65,0.0,1.0,81.66189866318153,0.16138603887942188
3648,185.5000000000001,115,1.0,0.0,85.19687116159045,0.16130534585998219
3649,184.7000000000001,123,1.0,0.0,85.56369353879273,0.1612246931870522
3650,190.5000000000001,125,1.0,0.0,70.55776457548141,0.1611440808404587
3651,-41.500000000000085,85,0.0,1.0,105.06839743116322,0.16106350880003847
3652,189.30000000000013,117,1.0,0.0,63.35272470498696,0.16098297704563846
3653,180.10000000000008,109,1.0,0.0,62.15404575748728,0.16090248555711564
3654,179.0,110,1.0,0.0,95.35764524638653,0.1608220343143371
3655,-63.50000000000002,45,0.0,1.0,55.36223420467642,0.16074162329717992
3656,192.10000000000014,109,1.0,0.0,100.65900355468102,0.16066125248553134
3657,191.0000000000001,130,1.0,0.0,91.6290515766694,0.16058092185928857
3658,188.9000000000001,141,1.0,0.0,77.2335872603118,0.16050063139835893
3659,189.30000000000007,137,1.0,0.0,47.79681626397328,0.16042038108265977
3660,192.50000000000017,145,1.0,0.0,72.53664301089172,0.16034017089211844
3661,181.70000000000002,113,1.0,0.0,67.92347950481735,0.16026000080667238
3662,181.3,117,1.0,0.0,40.247297020931526,0.16017987080626905
3663,180.10000000000008,109,1.0,0.0,81.42098888877882,0.16009978087086593
3664,191.4000000000001,126,1.0,0.0,91.01088420006018,0.1600197309804305
3665,178.30000000000007,107,1.0,0.0,47.27522930837123,0.15993972111494031
3666,189.60000000000014,124,1.0,0.0,41.62253688035473,0.15985975125438284
3667,190.9000000000001,121,1.0,0.0,73.69239989711234,0.15977982137875565
3668,193.30000000000013,117,1.0,0.0,67.77084540059933,0.1596999314680663
3669,180.90000000000003,121,1.0,0.0,70.71208395679628,0.15962008150233228
3670,189.7000000000001,133,1.0,0.0,44.442207384266354,0.15954027146158112
3671,-69.40000000000003,54,0.0,1.0,73.43630391662872,0.15946050132585032
3672,-74.5,35,0.0,1.0,57.65549261399678,0.15938077107518742
3673,186.10000000000014,129,1.0,0.0,45.54066901093768,0.15930108068964982
3674,182.7000000000001,123,1.0,0.0,67.56079231142029,0.159221430149305
3675,182.20000000000005,118,1.0,0.0,55.1501365964443,0.15914181943423036
3676,-75.4,34,0.0,1.0,59.27226164454923,0.15906224852451326
3677,192.5000000000001,125,1.0,0.0,61.45796526670456,0.158982717400251
3678,186.80000000000007,112,1.0,0.0,41.909119703274754,0.15890322604155088
3679,-64.00000000000003,40,0.0,1.0,51.949758258089425,0.15882377442853013
3680,187.20000000000013,108,1.0,0.0,79.27603208935923,0.15874436254131588
3681,-75.10000000000002,41,0.0,1.0,75.22940043668922,0.15866499036004522
3682,182.5000000000001,125,1.0,0.0,45.94933056211472,0.1585856578648652
3683,189.0000000000001,110,1.0,0.0,83.15602250559763,0.15850636503593277
3684,-37.000000000000085,90,0.0,1.0,40.277959577408105,0.15842711185341482
3685,186.4000000000001,116,1.0,0.0,36.49949456455892,0.15834789829748813
3686,193.5000000000001,135,1.0,0.0,93.46016513594874,0.15826872434833938
3687,191.0000000000001,130,1.0,0.0,47.18201201672738,0.15818958998616522
3688,-29.400000000000034,94,0.0,1.0,46.06828251449352,0.15811049519117215
3689,190.5000000000001,125,1.0,0.0,50.20538924229145,0.15803143994357657
3690,184.40000000000006,116,1.0,0.0,49.215850620177285,0.15795242422360478
3691,187.9000000000001,131,1.0,0.0,82.29942776842881,0.157873448011493
3692,-51.90000000000004,69,0.0,1.0,58.09484703363716,0.15779451128748725
3693,191.4000000000001,126,1.0,0.0,64.07335798111227,0.15771561403184353
3694,191.5000000000001,115,1.0,0.0,61.843308319864065,0.15763675622482762
3695,188.4000000000001,116,1.0,0.0,63.50867694295172,0.1575579378467152
3696,188.00000000000006,120,1.0,0.0,74.51332323290407,0.15747915887779185
3697,185.00000000000009,110,1.0,0.0,62.63893025747755,0.15740041929835297
3698,188.3000000000001,147,1.0,0.0,70.7660536390989,0.1573217190887038
3699,-33.200000000000074,112,0.0,1.0,20.426431590025977,0.15724305822915946
3700,-71.4,34,0.0,1.0,81.32839802345809,0.1571644367000449
3701,-29.100000000000037,101,0.0,1.0,58.463055247570026,0.15708585448169488
3702,184.70000000000005,103,1.0,0.0,59.44685697454272,0.15700731155445405
3703,179.90000000000012,111,1.0,0.0,78.92347905744572,0.15692880789867683
3704,188.80000000000013,132,1.0,0.0,77.02167498884779,0.1568503434947275
3705,-76.4,44,0.0,1.0,86.57224573669109,0.15677191832298015
3706,183.0000000000001,110,1.0,0.0,66.30667511766607,0.15669353236381867
3707,182.30000000000007,107,1.0,0.0,103.68186667060183,0.15661518559763676
3708,-67.10000000000002,41,0.0,1.0,91.02025048034947,0.15653687800483795
3709,-33.599999999999966,96,0.0,1.0,69.2882991793255,0.15645860956583554
3710,-47.30000000000014,123,0.0,1.0,47.55236135786626,0.15638038026105264
3711,185.9000000000001,111,1.0,0.0,40.0876171511707,0.1563021900709221
3712,-76.8,28,0.0,1.0,23.73139532868351,0.15622403897588666
3713,-70.70000000000002,37,0.0,1.0,24.804530785695928,0.15614592695639873
3714,185.7000000000001,113,1.0,0.0,44.70713157569413,0.15606785399292053
3715,178.8,112,1.0,0.0,63.11792686448565,0.15598982006592407
3716,193.0000000000001,130,1.0,0.0,55.371272444954286,0.1559118251558911
3717,183.00000000000006,110,1.0,0.0,56.24108156575398,0.15583386924331316
3718,-56.80000000000005,68,0.0,1.0,43.91578022916527,0.15575595230869152
3719,181.80000000000004,102,1.0,0.0,91.18350674504158,0.1556780743325372
3720,-56.000000000000036,60,0.0,1.0,62.26321389948328,0.15560023529537093
3721,-61.00000000000003,50,0.0,1.0,54.671387607753275,0.15552243517772324
3722,177.8,102,1.0,0.0,57.96679822779169,0.1554446739601344
3723,187.2000000000001,128,1.0,0.0,62.80469435080886,0.15536695162315434
3724,189.30000000000013,117,1.0,0.0,80.19579690834905,0.15528926814734276
3725,183.5000000000001,135,1.0,0.0,79.58757677497687,0.1552116235132691
3726,184.30000000000007,107,1.0,0.0,50.228082484173996,0.15513401770151247
3727,-44.500000000000064,75,0.0,1.0,42.07042511403561,0.15505645069266172
3728,190.60000000000014,134,1.0,0.0,61.79025356149051,0.1549789224673154
3729,186.50000000000006,105,1.0,0.0,52.2088582241819,0.15490143300608175
3730,186.40000000000006,116,1.0,0.0,59.16855520665132,0.15482398228957872
3731,189.10000000000008,119,1.0,0.0,63.069636013452744,0.15474657029843394
3732,181.60000000000048,184,1.0,0.0,56.14885757839226,0.15466919701328474
3733,-86.49999999999999,15,0.0,1.0,40.2486488978068,0.1545918624147781
3734,181.20000000000005,108,1.0,0.0,48.31367691261349,0.1545145664835707
3735,-30.29999999999987,113,0.0,1.0,36.01790252308139,0.15443730920032891
3736,192.20000000000013,118,1.0,0.0,35.916185879101185,0.15436009054572875
3737,185.30000000000004,117,1.0,0.0,57.99027060354367,0.1542829105004559
3738,-68.20000000000002,42,0.0,1.0,28.092024266719818,0.15420576904520567
3739,187.70000000000007,113,1.0,0.0,59.47779284351695,0.15412866616068308
3740,188.0000000000001,120,1.0,0.0,75.92677707994977,0.15405160182760275
3741,-23.09999999999995,101,0.0,1.0,41.115450166977276,0.15397457602668896
3742,184.60000000000005,114,1.0,0.0,62.07949094239034,0.15389758873867562
3743,-81.0,30,0.0,1.0,16.186542001366615,0.15382063994430628
3744,179.60000000000005,104,1.0,0.0,66.99245241628243,0.15374372962433414
3745,184.7000000000001,123,1.0,0.0,60.16732916793203,0.15366685775952196
3746,181.50000000000009,115,1.0,0.0,52.88969896079406,0.1535900243306422
3747,185.10000000000008,119,1.0,0.0,37.14818331323752,0.15351322931847688
3748,-78.4,24,0.0,1.0,94.67175332208474,0.15343647270381766
3749,180.6,134,1.0,0.0,56.53257049275423,0.15335975446746575
3750,188.7000000000001,103,1.0,0.0,99.16330555905995,0.15328307459023202
3751,196.50000000000014,125,1.0,0.0,55.314951310157774,0.1532064330529369
3752,183.60000000000005,124,1.0,0.0,74.83550127343305,0.15312982983641044
3753,190.60000000000014,114,1.0,0.0,38.93697839452509,0.15305326492149224
3754,183.80000000000004,122,1.0,0.0,36.73975879088288,0.1529767382890315
3755,178.00000000000006,100,1.0,0.0,54.944194292277096,0.152900249919887
3756,182.20000000000005,118,1.0,0.0,41.52046032881333,0.15282379979492705
3757,186.9000000000001,121,1.0,0.0,37.36000685652426,0.1527473878950296
3758,-45.20000000000005,72,0.0,1.0,73.23133913117151,0.1526710142010821
3759,-51.00000000000006,70,0.0,1.0,35.59573998302221,0.15259467869398155
3760,186.70000000000016,143,1.0,0.0,39.166808793855296,0.15251838135463458
3761,-39.6000000000001,96,0.0,1.0,49.75188377685845,0.15244212216395728
3762,185.10000000000008,99,1.0,0.0,61.429271311395695,0.15236590110287532
3763,196.40000000000018,116,1.0,0.0,24.693692196867076,0.1522897181523239
3764,185.9000000000001,111,1.0,0.0,55.83869477086239,0.15221357329324775
3765,185.10000000000005,119,1.0,0.0,66.88831262954143,0.15213746650660112
3766,188.0000000000001,120,1.0,0.0,62.81698023416102,0.15206139777334782
3767,183.5000000000001,115,1.0,0.0,51.023949819544086,0.15198536707446114
3768,-59.70000000000003,47,0.0,1.0,68.78274063575775,0.15190937439092392
3769,188.0000000000001,120,1.0,0.0,53.31595106919607,0.15183341970372846
3770,-70.80000000000001,48,0.0,1.0,62.6217570717757,0.1517575029938766
3771,184.30000000000007,107,1.0,0.0,70.50311201448753,0.1516816242423797
3772,181.70000000000005,113,1.0,0.0,54.99861252743059,0.15160578343025852
3773,-33.700000000000074,107,0.0,1.0,46.36248685809496,0.15152998053854339
3774,-29.800000000000054,98,0.0,1.0,90.1939326266245,0.15145421554827412
3775,184.50000000000006,125,1.0,0.0,53.920385476946834,0.1513784884405
3776,192.7000000000002,123,1.0,0.0,98.04421710192672,0.15130279919627976
3777,-34.100000000000065,91,0.0,1.0,84.49208308379728,0.15122714779668162
3778,189.2000000000001,108,1.0,0.0,46.80261109327829,0.1511515342227833
3779,185.20000000000005,108,1.0,0.0,45.8386708744974,0.1510759584556719
3780,-40.30000000000008,93,0.0,1.0,43.10970209987574,0.15100042047644407
3781,183.60000000000008,104,1.0,0.0,59.90185262205509,0.15092492026620585
3782,179.30000000000007,117,1.0,0.0,86.34808651224161,0.15084945780607276
3783,187.9000000000001,111,1.0,0.0,44.629475723784246,0.15077403307716972
3784,186.50000000000009,125,1.0,0.0,77.71943544387817,0.15069864606063113
3785,193.10000000000014,119,1.0,0.0,78.60762987792992,0.15062329673760083
3786,175.5,115,1.0,0.0,52.62626428928064,0.15054798508923203
3787,-44.10000000000006,71,0.0,1.0,68.24185780572219,0.15047271109668742
3788,191.0000000000001,110,1.0,0.0,37.42750749107112,0.15039747474113907
3789,191.30000000000013,137,1.0,0.0,44.752050802220396,0.15032227600376852
3790,187.8000000000001,122,1.0,0.0,48.570799246369326,0.15024711486576664
3791,188.2000000000001,118,1.0,0.0,46.762225553645926,0.15017199130833375
3792,189.4000000000001,126,1.0,0.0,76.76439081404418,0.1500969053126796
3793,181.20000000000005,108,1.0,0.0,66.11006954829726,0.15002185686002328
3794,181.50000000000023,155,1.0,0.0,51.42612119393964,0.14994684593159327
3795,184.30000000000007,107,1.0,0.0,46.01822466201315,0.1498718725086275
3796,193.0000000000001,130,1.0,0.0,77.05450311985153,0.1497969365723732
3797,183.4000000000001,106,1.0,0.0,50.34442741859634,0.14972203810408702
3798,182.50000000000006,105,1.0,0.0,30.89621919095516,0.14964717708503497
3799,189.5000000000001,115,1.0,0.0,56.29495211807282,0.14957235349649245
3800,180.30000000000013,127,1.0,0.0,72.84860817782992,0.1494975673197442
3801,177.49999999999994,135,1.0,0.0,43.488153391193464,0.14942281853608433
3802,181.90000000000006,131,1.0,0.0,76.1346198530825,0.1493481071268163
3803,183.80000000000004,122,1.0,0.0,54.69832710152278,0.1492734330732529
3804,-32.10000000000002,91,0.0,1.0,40.65706006331103,0.14919879635671626
3805,178.60000000000002,114,1.0,0.0,79.15716504776164,0.1491241969585379
3806,188.60000000000008,114,1.0,0.0,57.50465676659032,0.14904963486005865
3807,187.3000000000001,117,1.0,0.0,78.24875199056079,0.14897511004262862
3808,184.00000000000023,140,1.0,0.0,57.88947929872998,0.1489006224876073
3809,177.4000000000002,126,1.0,0.0,26.91076894116307,0.1488261721763635
3810,-45.50000000000008,85,0.0,1.0,29.827711242349707,0.14875175909027535
3811,189.40000000000012,106,1.0,0.0,63.30636680604152,0.14867738321073024
3812,182.3000000000001,127,1.0,0.0,76.60430005638618,0.14860304451912487
3813,182.60000000000008,114,1.0,0.0,50.51155497904932,0.1485287429968653
3814,-55.10000000000004,61,0.0,1.0,71.27342587611714,0.14845447862536687
3815,-57.80000000000003,58,0.0,1.0,120.87070096823676,0.1483802513860542
3816,189.40000000000015,126,1.0,0.0,46.92512900689765,0.1483060612603612
3817,178.50000000000009,125,1.0,0.0,82.70396316415072,0.148231908229731
3818,182.40000000000003,116,1.0,0.0,39.34482306871435,0.14815779227561615
3819,177.30000000000007,117,1.0,0.0,45.145057407454544,0.14808371337947834
3820,180.60000000000014,114,1.0,0.0,71.9357834692979,0.1480096715227886
3821,-48.70000000000006,77,0.0,1.0,50.167959168746876,0.1479356666870272
3822,178.4000000000001,116,1.0,0.0,54.754058923315384,0.1478616988536837
3823,178.5,105,1.0,0.0,55.50262023196334,0.14778776800425686
3824,-68.20000000000002,42,0.0,1.0,91.69352162274576,0.14771387412025475
3825,176.9000000000005,181,1.0,0.0,65.71047945370002,0.14764001718319464
3826,177.7,113,1.0,0.0,74.78574769053839,0.14756619717460304
3827,193.0000000000001,130,1.0,0.0,77.14579362685863,0.14749241407601574
3828,185.80000000000007,122,1.0,0.0,50.62041954916032,0.14741866786897773
3829,187.20000000000007,128,1.0,0.0,61.654989155824296,0.14734495853504326
3830,-56.60000000000005,66,0.0,1.0,73.92503691080844,0.14727128605577575
3831,186.00000000000009,120,1.0,0.0,71.17837523122628,0.14719765041274788
3832,-87.39999999999999,14,0.0,1.0,191.58369948714972,0.14712405158754152
3833,183.20000000000007,108,1.0,0.0,79.06138515706968,0.14705048956174777
3834,-46.70000000000007,77,0.0,1.0,48.12333838351361,0.1469769643169669
3835,189.90000000000015,131,1.0,0.0,57.11568605888436,0.14690347583480845
3836,181.90000000000003,111,1.0,0.0,65.59109573536091,0.14683002409689105
3837,-79.5,25,0.0,1.0,73.2712458485365,0.14675660908484262
3838,182.30000000000007,107,1.0,0.0,49.35496529867159,0.1466832307803002
3839,-45.50000000000006,65,0.0,1.0,51.7350357055664,0.14660988916491008
3840,-53.90000000000005,69,0.0,1.0,48.54744136171497,0.14653658422032764
3841,188.90000000000012,121,1.0,0.0,74.93563053147359,0.14646331592821749
3842,182.00000000000006,120,1.0,0.0,58.01305455851058,0.14639008427025338
3843,178.8,112,1.0,0.0,52.4028511915489,0.14631688922811825
3844,184.60000000000008,114,1.0,0.0,57.55200779372663,0.1462437307835042
3845,-50.30000000000009,93,0.0,1.0,28.76175541775201,0.14617060891811245
3846,180.10000000000002,109,1.0,0.0,49.68345884855734,0.1460975236136534
3847,182.10000000000008,129,1.0,0.0,75.2534814329688,0.14602447485184658
3848,183.30000000000007,117,1.0,0.0,42.99524163728596,0.14595146261442066
3849,189.30000000000007,117,1.0,0.0,63.35312047912779,0.14587848688311345
3850,191.60000000000014,124,1.0,0.0,37.417453688298984,0.1458055476396719
3851,194.1000000000001,129,1.0,0.0,85.20673908044894,0.14573264486585208
3852,192.00000000000017,120,1.0,0.0,52.23005755792062,0.14565977854341916
3853,182.7000000000001,123,1.0,0.0,59.16834319885669,0.14558694865414745
3854,184.70000000000013,123,1.0,0.0,105.5085403944661,0.1455141551798204
3855,190.10000000000008,109,1.0,0.0,48.47171488281237,0.14544139810223047
3856,179.90000000000006,111,1.0,0.0,48.412662015909014,0.14536867740317935
3857,-69.60000000000002,36,0.0,1.0,66.67753708735108,0.14529599306447777
3858,181.20000000000005,108,1.0,0.0,42.713176949363614,0.14522334506794554
3859,-50.60000000000006,66,0.0,1.0,29.94535751211824,0.14515073339541157
3860,-58.10000000000004,51,0.0,1.0,50.45302383280268,0.14507815802871388
3861,187.30000000000007,117,1.0,0.0,65.27436927954356,0.14500561894969952
3862,186.40000000000015,116,1.0,0.0,57.45477650956861,0.14493311614022467
3863,-53.300000000000054,63,0.0,1.0,69.15847581755074,0.14486064958215455
3864,192.2000000000001,118,1.0,0.0,64.6759201615291,0.1447882192573635
3865,185.80000000000015,122,1.0,0.0,49.74782436505937,0.14471582514773482
3866,193.5000000000001,115,1.0,0.0,74.6201070105252,0.14464346723516094
3867,-61.10000000000004,61,0.0,1.0,85.05261851627318,0.14457114550154337
3868,185.4000000000001,106,1.0,0.0,47.28726972639561,0.1444988599287926
3869,178.7000000000001,123,1.0,0.0,73.78942273193744,0.1444266104988282
3870,188.60000000000008,114,1.0,0.0,65.04490975558497,0.14435439719357882
3871,184.40000000000006,116,1.0,0.0,34.64988505114512,0.14428221999498203
3872,187.7000000000001,113,1.0,0.0,55.99638583603422,0.14421007888498455
3873,196.10000000000016,129,1.0,0.0,74.94004626144735,0.14413797384554206
3874,-42.30000000000008,93,0.0,1.0,34.40905613716571,0.14406590485861928
3875,183.20000000000005,108,1.0,0.0,37.08753216577073,0.14399387190618998
3876,193.2000000000001,128,1.0,0.0,48.618054887105245,0.1439218749702369
3877,187.4000000000001,106,1.0,0.0,37.555182590518356,0.1438499140327518
3878,182.30000000000007,107,1.0,0.0,47.387034044644544,0.14377798907573544
3879,194.50000000000017,125,1.0,0.0,41.414521361351014,0.14370610008119758
3880,186.4000000000001,116,1.0,0.0,42.718953875503665,0.143634247031157
3881,187.00000000000045,170,1.0,0.0,67.81710960014777,0.14356242990764143
3882,185.20000000000007,108,1.0,0.0,34.96921553159201,0.1434906486926876
3883,178.10000000000028,149,1.0,0.0,67.79058906415965,0.14341890336834126
3884,179.80000000000007,122,1.0,0.0,68.59045986782331,0.1433471939166571
3885,-31.600000000000037,96,0.0,1.0,33.90163281497856,0.14327552031969878
3886,-52.00000000000004,60,0.0,1.0,42.079843769346674,0.14320388255953895
3887,180.00000000000023,140,1.0,0.0,57.836570240929724,0.1431322806182592
3888,185.4000000000001,106,1.0,0.0,34.79698008256701,0.14306071447795007
3889,-69.60000000000002,36,0.0,1.0,40.95204908731911,0.1429891841207111
3890,178.9000000000002,141,1.0,0.0,64.90892115214193,0.14291768952865075
3891,184.20000000000005,118,1.0,0.0,28.41114856144887,0.14284623068388644
3892,190.7000000000001,123,1.0,0.0,78.28253749727718,0.1427748075685445
3893,178.9000000000001,121,1.0,0.0,39.345133233292046,0.14270342016476023
3894,182.8000000000001,112,1.0,0.0,29.655386614147574,0.14263206845467785
3895,-41.100000000000065,81,0.0,1.0,44.56342364939643,0.14256075242045052
3896,182.80000000000007,112,1.0,0.0,52.957630375533235,0.1424894720442403
3897,-49.60000000000006,76,0.0,1.0,54.06587489263008,0.1424182273082182
3898,186.10000000000008,109,1.0,0.0,63.55554623792478,0.1423470181945641
3899,184.80000000000047,172,1.0,0.0,49.233180652610784,0.14227584468546683
3900,188.90000000000015,121,1.0,0.0,65.51457408095195,0.1422047067631241
3901,185.50000000000009,115,1.0,0.0,50.13765406349431,0.14213360440974254
3902,182.1000000000002,129,1.0,0.0,55.26140465957019,0.14206253760753768
3903,178.70000000000005,103,1.0,0.0,51.74894705704115,0.14199150633873392
3904,187.10000000000014,119,1.0,0.0,75.46146720459983,0.14192051058556457
3905,185.0000000000001,110,1.0,0.0,42.885934964567426,0.1418495503302718
3906,182.60000000000008,114,1.0,0.0,85.34456424676536,0.14177862555510667
3907,189.10000000000008,119,1.0,0.0,32.847135959302676,0.14170773624232913
3908,186.6000000000002,134,1.0,0.0,54.46282583224907,0.14163688237420796
3909,185.50000000000006,115,1.0,0.0,40.98865362645491,0.14156606393302087
3910,-66.20000000000002,42,0.0,1.0,63.1778906310598,0.14149528090105437
3911,184.90000000000006,101,1.0,0.0,58.71787375905136,0.14142453326060386
3912,-62.40000000000003,44,0.0,1.0,98.71986836770719,0.14135382099397356
3913,188.6000000000001,134,1.0,0.0,43.21795247434013,0.1412831440834766
3914,180.30000000000007,127,1.0,0.0,55.21078353774125,0.14121250251143486
3915,186.70000000000007,123,1.0,0.0,35.73511849089367,0.14114189626017914
3916,-80.8,28,0.0,1.0,48.64119830248611,0.14107132531204905
3917,183.00000000000006,110,1.0,0.0,80.45598462684588,0.14100078964939303
3918,-69.40000000000003,54,0.0,1.0,47.832849510841896,0.14093028925456833
3919,-24.699999999999903,117,0.0,1.0,23.058429947903015,0.14085982410994105
3920,188.10000000000008,109,1.0,0.0,109.27150799662148,0.14078939419788608
3921,184.40000000000003,116,1.0,0.0,44.871752071033775,0.14071899950078715
3922,189.00000000000014,130,1.0,0.0,28.109510988799425,0.14064864000103677
3923,188.0000000000001,120,1.0,0.0,59.98156362697482,0.14057831568103626
3924,187.20000000000007,148,1.0,0.0,37.23972575014105,0.14050802652319574
3925,-75.4,34,0.0,1.0,17.600119670305183,0.14043777250993417
3926,181.70000000000007,133,1.0,0.0,56.598048724122066,0.1403675536236792
3927,186.3000000000001,107,1.0,0.0,46.38832144084099,0.14029736984686736
3928,-70.70000000000002,37,0.0,1.0,84.85260307104201,0.14022722116194394
3929,179.5,115,1.0,0.0,58.73507612943649,0.14015710755136299
3930,187.9000000000001,111,1.0,0.0,49.12524979044725,0.14008702899758732
3931,189.60000000000014,124,1.0,0.0,46.04314604702015,0.14001698548308852
3932,192.80000000000013,112,1.0,0.0,60.47623597843839,0.139946976990347
3933,186.0000000000001,120,1.0,0.0,76.6868374188741,0.13987700350185184
3934,-37.699999999999996,127,0.0,1.0,57.09078180003823,0.13980706500010093
3935,182.90000000000003,121,1.0,0.0,64.01037748244183,0.13973716146760087
3936,189.10000000000008,119,1.0,0.0,89.42884733271198,0.13966729288686708
3937,182.50000000000006,105,1.0,0.0,22.374675376500402,0.13959745924042366
3938,186.90000000000012,121,1.0,0.0,65.44045918564166,0.13952766051080345
3939,188.50000000000006,125,1.0,0.0,56.6691101603508,0.13945789668054806
3940,187.10000000000008,119,1.0,0.0,87.90180518622158,0.1393881677322078
3941,186.80000000000007,112,1.0,0.0,43.98740317193525,0.1393184736483417
3942,184.60000000000014,134,1.0,0.0,68.50355975101911,0.13924881441151754
3943,186.80000000000013,112,1.0,0.0,109.11581934203527,0.13917919000431178
3944,188.4000000000001,116,1.0,0.0,61.75271577169669,0.13910960040930964
3945,181.10000000000008,119,1.0,0.0,53.166283935558894,0.139040045609105
3946,190.80000000000013,112,1.0,0.0,47.3814853931378,0.13897052558630044
3947,184.50000000000006,105,1.0,0.0,35.80078783212673,0.13890104032350728
3948,-46.80000000000006,68,0.0,1.0,74.27726590195122,0.13883158980334553
3949,186.4000000000001,116,1.0,0.0,38.304231023287464,0.13876217400844387
3950,184.10000000000008,129,1.0,0.0,51.388869207439036,0.13869279292143966
3951,189.7000000000001,113,1.0,0.0,65.7969423471167,0.13862344652497893
3952,182.6000000000001,114,1.0,0.0,49.30405055858979,0.13855413480171644
3953,185.30000000000007,97,1.0,0.0,49.54317860965876,0.1384848577343156
3954,194.50000000000017,125,1.0,0.0,71.29933350163698,0.13841561530544844
3955,188.90000000000012,121,1.0,0.0,46.28005070842741,0.13834640749779573
3956,-30.59999999999998,106,0.0,1.0,58.20509400450677,0.13827723429404684
3957,185.3000000000001,117,1.0,0.0,44.07729588334377,0.13820809567689982
3958,190.40000000000015,116,1.0,0.0,62.84942809235433,0.13813899162906138
3959,189.40000000000023,126,1.0,0.0,62.101006569133865,0.13806992213324684
3960,178.60000000000002,114,1.0,0.0,56.4459926821945,0.13800088717218023
3961,-64.40000000000002,44,0.0,1.0,21.44950122741813,0.13793188672859416
3962,181.4000000000005,186,1.0,0.0,110.80875883359582,0.13786292078522988
3963,181.10000000000005,99,1.0,0.0,52.87885478695836,0.13779398932483727
3964,193.20000000000013,128,1.0,0.0,36.9080194181297,0.13772509233017485
3965,190.2000000000001,118,1.0,0.0,34.154587315048204,0.13765622978400976
3966,176.3,107,1.0,0.0,39.70017584434179,0.13758740166911776
3967,-21.79999999999997,98,0.0,1.0,46.646610309959065,0.13751860796828322
3968,-65.90000000000002,49,0.0,1.0,78.5230480321512,0.13744984866429907
3969,196.50000000000017,125,1.0,0.0,30.710174309015272,0.13738112373996694
3970,177.3,97,1.0,0.0,67.16315775072759,0.13731243317809697
3971,190.0000000000001,120,1.0,0.0,71.28521943762898,0.1372437769615079
3972,-71.4,34,0.0,1.0,23.954531716073262,0.13717515507302716
3973,195.00000000000017,130,1.0,0.0,51.12142628540213,0.13710656749549066
3974,176.4000000000002,136,1.0,0.0,66.1164315755972,0.13703801421174291
3975,-83.3,23,0.0,1.0,145.0783622873866,0.13696949520463705
3976,182.60000000000008,114,1.0,0.0,60.189955705548066,0.13690101045703473
3977,187.40000000000018,126,1.0,0.0,67.34634541944853,0.1368325599518062
3978,187.0000000000001,110,1.0,0.0,35.49428770108656,0.13676414367183032
3979,178.50000000000006,105,1.0,0.0,45.36404717039494,0.13669576159999441
3980,184.30000000000007,107,1.0,0.0,47.794639691989,0.13662741371919443
3981,184.10000000000002,109,1.0,0.0,49.56019555134784,0.13655910001233484
3982,195.30000000000018,117,1.0,0.0,59.73238316942484,0.1364908204623287
3983,182.3,107,1.0,0.0,39.19717061289838,0.13642257505209754
3984,182.10000000000008,109,1.0,0.0,79.44938852330414,0.1363543637645715
3985,183.00000000000006,110,1.0,0.0,63.51158167421818,0.1362861865826892
3986,186.70000000000007,103,1.0,0.0,49.86494911208894,0.13621804348939787
3987,191.5000000000001,115,1.0,0.0,56.46450460306976,0.13614993446765317
3988,183.00000000000006,110,1.0,0.0,74.14732593270865,0.13608185950041934
3989,189.7000000000001,113,1.0,0.0,23.09461646329249,0.13601381857066913
3990,184.90000000000012,141,1.0,0.0,72.9810605044906,0.1359458116613838
3991,181.30000000000007,157,1.0,0.0,57.586608483438276,0.13587783875555312
3992,182.10000000000034,169,1.0,0.0,48.18022938504727,0.13580989983617536
3993,-25.699999999999932,107,0.0,1.0,64.28748598750506,0.1357419948862573
3994,185.80000000000007,122,1.0,0.0,65.68851960835154,0.13567412388881417
3995,188.1000000000001,109,1.0,0.0,49.45800618895697,0.13560628682686976
3996,184.90000000000003,121,1.0,0.0,47.737341923531424,0.13553848368345633
3997,188.8000000000001,112,1.0,0.0,88.7746447247586,0.13547071444161463
3998,184.80000000000018,132,1.0,0.0,68.19313478650469,0.13540297908439383
3999,180.50000000000003,105,1.0,0.0,51.22990334459713,0.13533527759485164
4000,186.80000000000013,112,1.0,0.0,89.89662201922121,0.13526760995605422
4001,198.90000000000018,141,1.0,0.0,50.14899970945103,0.1351999761510762
4002,-39.50000000000008,85,0.0,1.0,28.93442188273458,0.13513237616300067
4003,188.0000000000001,120,1.0,0.0,76.61785215760271,0.13506480997491918
4004,180.30000000000018,127,1.0,0.0,70.91003277416773,0.13499727756993174
4005,192.30000000000013,107,1.0,0.0,58.29967815338451,0.13492977893114677
4006,185.30000000000007,117,1.0,0.0,74.36794588479222,0.1348623140416812
4007,183.60000000000025,144,1.0,0.0,56.8228792745827,0.13479488288466038
4008,187.50000000000006,115,1.0,0.0,44.71970482935076,0.13472748544321805
4009,184.2000000000001,118,1.0,0.0,60.23608733429494,0.13466012170049646
4010,188.80000000000007,112,1.0,0.0,39.60631746878581,0.13459279163964621
4011,-56.500000000000036,55,0.0,1.0,37.23398065946319,0.1345254952438264
4012,185.1000000000001,119,1.0,0.0,21.409684622613323,0.1344582324962045
4013,183.60000000000008,104,1.0,0.0,49.436874973372774,0.1343910033799564
4014,173.90000000000043,171,1.0,0.0,60.01066363202027,0.13432380787826645
4015,195.70000000000013,113,1.0,0.0,39.52025094931632,0.13425664597432732
4016,188.30000000000015,127,1.0,0.0,49.61676608718286,0.13418951765134016
4017,194.90000000000012,121,1.0,0.0,55.26874835598321,0.1341224228925145
4018,183.00000000000006,110,1.0,0.0,47.88466724936258,0.13405536168106824
4019,181.10000000000008,119,1.0,0.0,62.50446345550673,0.13398833400022772
4020,185.60000000000014,124,1.0,0.0,51.06892386625611,0.13392133983322763
4021,181.1000000000002,139,1.0,0.0,62.23486866684054,0.13385437916331103
4022,-76.10000000000001,31,0.0,1.0,19.751529974802846,0.13378745197372938
4023,-44.20000000000007,82,0.0,1.0,22.491010014149474,0.1337205582477425
4024,-78.6,26,0.0,1.0,94.02347668145711,0.13365369796861865
4025,186.80000000000007,132,1.0,0.0,57.236060817246184,0.13358687111963435
4026,179.70000000000005,113,1.0,0.0,49.53473663270737,0.13352007768407453
4027,-60.80000000000003,48,0.0,1.0,42.61310785636306,0.1334533176452325
4028,188.4000000000001,116,1.0,0.0,55.61217061597212,0.1333865909864099
4029,183.50000000000006,115,1.0,0.0,47.41559107646994,0.1333198976909167
4030,187.40000000000026,146,1.0,0.0,51.591036880108184,0.13325323774207126
4031,191.40000000000012,126,1.0,0.0,46.488084996503495,0.13318661112320024
4032,179.70000000000022,133,1.0,0.0,61.74472619817221,0.13312001781763866
4033,181.10000000000002,99,1.0,0.0,72.98805613853413,0.13305345780872985
4034,179.90000000000003,111,1.0,0.0,32.4043216989921,0.13298693107982548
4035,184.00000000000006,100,1.0,0.0,34.23434316538274,0.13292043761428557
4036,187.00000000000009,110,1.0,0.0,36.74181116819382,0.13285397739547844
4037,192.0000000000001,120,1.0,0.0,55.526469936656454,0.1327875504067807
4038,190.30000000000013,107,1.0,0.0,46.082585636978955,0.13272115663157733
4039,182.20000000000005,118,1.0,0.0,57.555725162690976,0.13265479605326155
4040,184.70000000000016,123,1.0,0.0,46.57665726833227,0.13258846865523494
4041,-45.50000000000005,65,0.0,1.0,68.81800935749824,0.13252217442090733
4042,-37.80000000000007,78,0.0,1.0,52.535723333461924,0.13245591333369688
4043,74.00000000000055,200,0.0,0.0,51.08956153322011,0.13238968537703005
4044,185.50000000000006,115,1.0,0.0,21.51933430847914,0.13232349053434156
4045,177.3,97,1.0,0.0,64.64457455139184,0.1322573287890744
4046,184.5000000000001,125,1.0,0.0,76.21370765352249,0.13219120012467986
4047,183.10000000000008,119,1.0,0.0,75.52276444197201,0.13212510452461754
4048,186.00000000000006,120,1.0,0.0,11.234784455162783,0.13205904197235524
4049,192.30000000000013,127,1.0,0.0,47.99271203166857,0.13199301245136907
4050,-67.50000000000003,45,0.0,1.0,30.150323310163287,0.1319270159451434
4051,-44.90000000000006,79,0.0,1.0,73.09559008988398,0.13186105243717083
4052,186.2000000000001,118,1.0,0.0,55.469126678119274,0.13179512191095225
4053,182.60000000000008,114,1.0,0.0,36.91292324237395,0.1317292243499968
4054,182.60000000000008,114,1.0,0.0,75.47744480363633,0.13166335973782178
4055,-40.60000000000007,86,0.0,1.0,51.426615909261756,0.13159752805795288
4056,-59.80000000000003,58,0.0,1.0,119.0318893245582,0.13153172929392393
4057,190.4000000000001,116,1.0,0.0,63.09159261399302,0.13146596342927697
4058,-66.60000000000002,46,0.0,1.0,43.06041567481083,0.13140023044756233
4059,188.1000000000001,109,1.0,0.0,38.0736297511863,0.13133453033233855
4060,185.10000000000022,139,1.0,0.0,65.92087478051297,0.1312688630671724
4061,185.40000000000006,106,1.0,0.0,52.63687434279412,0.13120322863563882
4062,178.90000000000003,101,1.0,0.0,58.11616605505495,0.131137627021321
4063,185.50000000000009,115,1.0,0.0,84.63146609987902,0.13107205820781034
4064,183.3,117,1.0,0.0,44.590688618393536,0.13100652217870645
4065,180.50000000000006,105,1.0,0.0,55.84872352197057,0.1309410189176171
4066,189.9000000000001,111,1.0,0.0,33.98571851245455,0.13087554840815832
4067,183.90000000000003,111,1.0,0.0,33.18210605914528,0.13081011063395426
4068,183.90000000000003,111,1.0,0.0,88.5580890949245,0.1307447055786373
4069,-53.50000000000005,65,0.0,1.0,21.20391951535757,0.130679333225848
4070,186.9000000000001,121,1.0,0.0,76.13489732115475,0.13061399355923506
4071,182.8000000000001,112,1.0,0.0,43.42581573062177,0.13054868656245544
4072,-49.900000000000055,69,0.0,1.0,70.34877717559752,0.13048341221917423
4073,178.50000000000003,105,1.0,0.0,65.66109200872125,0.13041817051306465
4074,183.40000000000003,106,1.0,0.0,67.49675659835339,0.1303529614278081
4075,187.20000000000022,128,1.0,0.0,43.97982605226571,0.13028778494709423
4076,187.7000000000001,113,1.0,0.0,62.3719416106433,0.1302226410546207
4077,187.40000000000015,126,1.0,0.0,48.155569517245844,0.1301575297340934
4078,185.30000000000007,117,1.0,0.0,55.7831395767056,0.13009245096922636
4079,180.1000000000001,129,1.0,0.0,63.56101542127918,0.13002740474374175
4080,66.00000000000055,200,0.0,0.0,74.14075757086277,0.1299623910413699
4081,182.10000000000002,129,1.0,0.0,63.48093273040167,0.12989740984584922
4082,187.20000000000007,108,1.0,0.0,45.68046748362206,0.1298324611409263
4083,-30.000000000000057,100,0.0,1.0,67.25998625785112,0.12976754491035586
4084,183.4000000000001,106,1.0,0.0,60.32704951677401,0.1297026611379007
4085,185.60000000000008,124,1.0,0.0,65.53764856552645,0.12963780980733175
4086,190.80000000000024,132,1.0,0.0,65.15920100361109,0.1295729909024281
4087,182.40000000000003,116,1.0,0.0,76.4511966265995,0.12950820440697688
4088,-31.69999999999996,107,0.0,1.0,78.13599273562431,0.12944345030477342
4089,-70.7,37,0.0,1.0,34.83341959038296,0.12937872857962104
4090,185.9000000000002,131,1.0,0.0,76.1475271493879,0.12931403921533124
4091,177.80000000000024,142,1.0,0.0,49.402095162637636,0.12924938219572357
4092,189.40000000000015,126,1.0,0.0,62.10077317129998,0.1291847575046257
4093,188.60000000000016,114,1.0,0.0,50.84538737044,0.1291201651258734
4094,194.40000000000035,156,1.0,0.0,66.54116880392226,0.12905560504331048
4095,190.30000000000013,127,1.0,0.0,51.88282437863078,0.12899107724078884
4096,182.00000000000017,140,1.0,0.0,41.273679276821866,0.12892658170216845
4097,178.60000000000022,134,1.0,0.0,83.61771335297111,0.12886211841131737
4098,-49.00000000000004,70,0.0,1.0,46.977207894836155,0.12879768735211172
4099,190.50000000000006,125,1.0,0.0,84.56320801973342,0.12873328850843568
4100,-45.600000000000065,76,0.0,1.0,44.78711953033742,0.12866892186418147
4101,-76.6,26,0.0,1.0,41.5500719421185,0.12860458740324937
4102,193.50000000000014,115,1.0,0.0,39.7745831437085,0.12854028510954776
4103,181.00000000000006,110,1.0,0.0,55.552973979305136,0.12847601496699299
4104,192.50000000000017,125,1.0,0.0,55.516444218635556,0.1284117769595095
4105,186.7000000000001,103,1.0,0.0,41.652961241605794,0.12834757107102976
4106,-69.80000000000001,38,0.0,1.0,96.59572220162342,0.12828339728549426
4107,188.5000000000001,125,1.0,0.0,68.03578141975403,0.12821925558685152
4108,183.50000000000006,115,1.0,0.0,64.51101767057958,0.1281551459590581
4109,177.00000000000006,110,1.0,0.0,48.625054656680334,0.1280910683860786
4110,190.60000000000016,134,1.0,0.0,62.598063222952746,0.12802702285188555
4111,184.50000000000006,105,1.0,0.0,59.33351314720653,0.12796300934045962
4112,-59.10000000000003,61,0.0,1.0,42.32340468857132,0.1278990278357894
4113,192.2000000000001,118,1.0,0.0,25.44573928504172,0.12783507832187152
4114,187.60000000000014,144,1.0,0.0,65.09017912945193,0.12777116078271059
4115,183.00000000000006,110,1.0,0.0,66.1264223637906,0.12770727520231923
4116,-44.90000000000007,79,0.0,1.0,46.527837327292445,0.12764342156471808
4117,-84.39999999999999,24,0.0,1.0,28.496008997162182,0.12757959985393574
4118,188.40000000000012,116,1.0,0.0,65.44188881614085,0.12751581005400878
4119,190.7000000000001,123,1.0,0.0,75.66229847255276,0.12745205214898178
4120,187.2000000000001,108,1.0,0.0,61.52588800747913,0.1273883261229073
4121,182.8,132,1.0,0.0,63.39010453743465,0.12732463195984584
4122,-68.70000000000002,37,0.0,1.0,18.3327218994901,0.1272609696438659
4123,70.00000000000055,200,0.0,0.0,79.34779172942042,0.127197339159044
4124,186.0000000000001,120,1.0,0.0,48.50807998875777,0.12713374048946446
4125,188.0000000000001,120,1.0,0.0,62.63410887892048,0.12707017361921974
4126,-68.90000000000002,39,0.0,1.0,21.101565767557194,0.12700663853241015
4127,181.4000000000001,106,1.0,0.0,73.2330299341032,0.12694313521314396
4128,192.00000000000014,120,1.0,0.0,59.0342571636041,0.1268796636455374
4129,178.70000000000005,103,1.0,0.0,55.672163009281874,0.12681622381371466
4130,188.80000000000007,132,1.0,0.0,39.965779676130325,0.1267528157018078
4131,190.50000000000028,145,1.0,0.0,43.2585475523924,0.1266894392939569
4132,186.00000000000023,140,1.0,0.0,44.56718780941197,0.12662609457430993
4133,190.00000000000017,120,1.0,0.0,68.684407328628,0.12656278152702277
4134,-85.6,76,0.0,1.0,77.34519846560924,0.12649950013625927
4135,188.8000000000001,112,1.0,0.0,42.80623434577137,0.12643625038619113
4136,179.10000000000056,199,1.0,0.0,65.56062113752017,0.12637303226099805
4137,181.60000000000034,144,1.0,0.0,55.74587644750459,0.12630984574486756
4138,-91.39999999999999,14,0.0,1.0,90.34516067909342,0.12624669082199513
4139,-70.0,40,0.0,1.0,31.21179333627224,0.12618356747658413
4140,184.20000000000016,138,1.0,0.0,32.073522902431264,0.12612047569284585
4141,183.7000000000001,113,1.0,0.0,55.68470334822098,0.12605741545499943
4142,192.2000000000001,118,1.0,0.0,70.96195611907011,0.12599438674727195
4143,184.90000000000015,141,1.0,0.0,54.67564404296114,0.12593138955389832
4144,179.10000000000062,199,1.0,0.0,43.18281370023237,0.1258684238591214
4145,-69.90000000000002,49,0.0,1.0,39.36136455438575,0.12580548964719185
4146,191.7000000000002,133,1.0,0.0,62.44854686672526,0.12574258690236825
4147,179.80000000000015,122,1.0,0.0,61.9378694920022,0.12567971560891708
4148,192.60000000000025,154,1.0,0.0,43.61956451736487,0.12561687575111263
4149,186.80000000000007,112,1.0,0.0,35.27323386658515,0.1255540673132371
4150,183.9000000000001,111,1.0,0.0,62.205020226471056,0.12549129027958048
4151,186.2000000000001,118,1.0,0.0,68.44519621222202,0.1254285446344407
4152,184.2000000000001,118,1.0,0.0,30.0265704292362,0.12536583036212348
4153,185.5000000000001,115,1.0,0.0,28.386951097975608,0.12530314744694243
4154,187.5000000000001,115,1.0,0.0,74.32250503729219,0.12524049587321898
4155,184.00000000000017,120,1.0,0.0,73.8640923410654,0.12517787562528238
4156,187.6000000000001,124,1.0,0.0,71.9739374434275,0.12511528668746974
4157,189.1000000000001,119,1.0,0.0,41.38798340503909,0.125052729044126
4158,178.09999999999997,169,1.0,0.0,41.608079252863774,0.12499020267960395
4159,187.20000000000007,108,1.0,0.0,34.43807724311396,0.12492770757826416
4160,-54.500000000000036,55,0.0,1.0,70.74248833019625,0.12486524372447504
4161,182.40000000000023,136,1.0,0.0,51.483468705788255,0.1248028111026128
4162,190.3000000000003,147,1.0,0.0,43.99413661162058,0.1247404096970615
4163,192.4000000000002,136,1.0,0.0,35.682980490464935,0.12467803949221298
4164,189.00000000000017,130,1.0,0.0,70.11290757793647,0.12461570047246688
4165,182.10000000000002,129,1.0,0.0,41.292298540935036,0.12455339262223065
4166,179.4,106,1.0,0.0,96.16333104979317,0.12449111592591955
4167,-50.90000000000005,59,0.0,1.0,51.23801992429515,0.12442887036795659
4168,183.90000000000015,131,1.0,0.0,56.34879031129011,0.12436665593277262
4169,187.30000000000013,117,1.0,0.0,77.7569456340538,0.12430447260480623
4170,183.10000000000025,139,1.0,0.0,57.711332963203354,0.12424232036850384
4171,185.30000000000018,137,1.0,0.0,54.529054395582556,0.1241801992083196
4172,186.50000000000017,125,1.0,0.0,54.884565416574475,0.12411810910871544
4173,194.90000000000015,121,1.0,0.0,44.38740548663888,0.1240560500541611
4174,-33.90000000000008,89,0.0,1.0,63.03462278390868,0.12399402202913402
4175,193.5000000000002,135,1.0,0.0,51.22248858246538,0.12393202501811947
4176,-48.00000000000007,80,0.0,1.0,27.848616166599093,0.12387005900561042
4177,188.40000000000015,136,1.0,0.0,42.70939408253659,0.12380812397610762
4178,74.00000000000051,200,0.0,0.0,37.28153174366802,0.12374621991411958
4179,-44.400000000000055,64,0.0,1.0,74.61247536260635,0.12368434680416253
4180,187.4000000000001,106,1.0,0.0,38.34015907628356,0.12362250463076045
4181,66.00000000000057,200,0.0,0.0,56.190984643027186,0.12356069337844508
4182,-32.100000000000065,91,0.0,1.0,53.74977702360887,0.12349891303175586
4183,186.90000000000012,121,1.0,0.0,80.08702972395854,0.12343716357524
4184,188.5000000000001,125,1.0,0.0,80.78496374988556,0.12337544499345239
4185,-75.7,27,0.0,1.0,68.02301238863556,0.12331375727095567
4186,-34.59999999999988,106,0.0,1.0,62.95104783773422,0.1232521003923202
4187,182.80000000000007,112,1.0,0.0,30.69944364471095,0.12319047434212405
4188,182.20000000000013,118,1.0,0.0,48.19259023994712,0.12312887910495299
4189,190.10000000000016,129,1.0,0.0,28.882119803119075,0.12306731466540052
4190,187.30000000000013,117,1.0,0.0,44.39926549830498,0.12300578100806783
4191,-52.10000000000008,91,0.0,1.0,62.252384542763885,0.12294427811756381
4192,181.9000000000002,131,1.0,0.0,65.64437530115815,0.12288280597850504
4193,184.50000000000017,125,1.0,0.0,40.73190635633468,0.12282136457551579
4194,187.50000000000006,115,1.0,0.0,61.42749762042709,0.12275995389322804
4195,188.2000000000001,118,1.0,0.0,40.380085433754374,0.12269857391628143
4196,180.60000000000002,114,1.0,0.0,44.227359978514805,0.12263722462932329
4197,-51.200000000000095,92,0.0,1.0,32.62062631191119,0.12257590601700864
4198,187.90000000000015,111,1.0,0.0,33.40610644355551,0.12251461806400014
4199,189.60000000000008,124,1.0,0.0,75.72440376012555,0.12245336075496815
4200,-75.0,30,0.0,1.0,75.83863142281771,0.12239213407459068
4201,182.60000000000002,94,1.0,0.0,67.16713866258556,0.12233093800755339
4202,185.1000000000001,119,1.0,0.0,81.27297360337332,0.12226977253854962
4203,-64.80000000000001,48,0.0,1.0,29.433848177082837,0.12220863765228035
4204,191.80000000000018,122,1.0,0.0,35.39916731429393,0.12214753333345421
4205,186.7000000000001,123,1.0,0.0,58.924226593195904,0.12208645956678749
4206,-86.69999999999999,17,0.0,1.0,0.610288629637045,0.1220254163370041
4207,-22.799999999999784,128,0.0,1.0,71.15541205287445,0.12196440362883561
4208,189.60000000000016,124,1.0,0.0,33.730862987377954,0.1219034214270212
4209,181.20000000000027,148,1.0,0.0,62.935135568819334,0.12184246971630769
4210,188.80000000000013,132,1.0,0.0,62.69378631657949,0.12178154848144954
4211,188.30000000000015,127,1.0,0.0,55.96632055891311,0.12172065770720882
4212,182.20000000000016,118,1.0,0.0,46.201872448799975,0.12165979737835522
4213,184.9000000000001,121,1.0,0.0,49.687649417884096,0.12159896747966605
4214,189.7000000000001,113,1.0,0.0,22.058532728887766,0.12153816799592622
4215,190.60000000000016,114,1.0,0.0,64.84958296739741,0.12147739891192827
4216,-82.19999999999999,22,0.0,1.0,81.56252180717208,0.12141666021247231
4217,180.40000000000003,116,1.0,0.0,52.16793356900071,0.12135595188236609
4218,-91.89999999999999,9,0.0,1.0,0.5447923557625877,0.12129527390642492
4219,174.70000000000016,123,1.0,0.0,58.39529971493696,0.12123462626947171
4220,188.00000000000006,120,1.0,0.0,56.55634322091937,0.12117400895633698
4221,185.80000000000015,122,1.0,0.0,46.878936622719294,0.12111342195185881
4222,186.60000000000014,114,1.0,0.0,52.46443358102911,0.12105286524088289
4223,180.00000000000006,120,1.0,0.0,55.04358041671415,0.12099233880826246
4224,183.80000000000013,122,1.0,0.0,41.09307140954694,0.12093184263885834
4225,188.00000000000014,120,1.0,0.0,48.04033340575794,0.12087137671753892
4226,185.1000000000001,119,1.0,0.0,71.22058080487392,0.12081094102918016
4227,-76.1,31,0.0,1.0,2.0038599684353797,0.12075053555866558
4228,188.4000000000001,116,1.0,0.0,53.179373362583334,0.12069016029088625
4229,183.90000000000006,111,1.0,0.0,36.312923389512136,0.12062981521074082
4230,187.8000000000001,122,1.0,0.0,47.951515478311016,0.12056950030313546
4231,185.70000000000022,133,1.0,0.0,23.677532259795,0.1205092155529839
4232,179.20000000000005,108,1.0,0.0,47.92532072161083,0.1204489609452074
4233,178.00000000000037,160,1.0,0.0,25.292381612956525,0.1203887364647348
4234,194.60000000000014,114,1.0,0.0,41.38908082965696,0.12032854209650244
4235,188.00000000000017,120,1.0,0.0,42.92701723923286,0.1202683778254542
4236,191.90000000000012,111,1.0,0.0,53.000772688705645,0.12020824363654148
4237,-62.200000000000024,42,0.0,1.0,34.93668817586842,0.12014813951472321
4238,-59.600000000000065,76,0.0,1.0,28.336235925947364,0.12008806544496585
4239,72.00000000000064,200,0.0,0.0,35.8313674525544,0.12002802141224338
4240,193.40000000000015,126,1.0,0.0,60.87522060146171,0.11996800740153726
4241,184.90000000000006,101,1.0,0.0,38.87090540065034,0.1199080233978365
4242,74.00000000000058,200,0.0,0.0,33.5989735879004,0.1198480693861376
4243,-68.90000000000002,39,0.0,1.0,100.11541758515897,0.11978814535144454
4244,-39.20000000000008,92,0.0,1.0,72.10094372604205,0.11972825127876882
4245,186.50000000000009,125,1.0,0.0,39.324395805954936,0.11966838715312944
4246,-18.699999999999832,137,0.0,1.0,38.51948514482836,0.11960855295955289
4247,184.7000000000001,103,1.0,0.0,48.690374119044506,0.11954874868307312
4248,187.50000000000009,115,1.0,0.0,13.672568354788034,0.1194889743087316
4249,183.60000000000005,104,1.0,0.0,70.38636047206819,0.11942922982157723
4250,189.30000000000018,117,1.0,0.0,31.286111388196293,0.11936951520666646
4251,189.70000000000016,133,1.0,0.0,71.53511493613846,0.11930983044906313
4252,186.80000000000007,112,1.0,0.0,70.22928913230342,0.1192501755338386
4253,183.8000000000001,102,1.0,0.0,40.48955943683783,0.11919055044607169
4254,195.7000000000001,133,1.0,0.0,54.04745813151051,0.11913095517084865
4255,-66.00000000000001,40,0.0,1.0,51.99052087068558,0.11907138969326324
4256,-48.200000000000045,62,0.0,1.0,41.885877858967554,0.11901185399841661
4257,-83.1,21,0.0,1.0,111.6891210732006,0.11895234807141741
4258,179.30000000000047,177,1.0,0.0,51.98695414702771,0.11889287189738171
4259,187.0000000000001,110,1.0,0.0,41.09345334592191,0.11883342546143302
4260,176.70000000000007,103,1.0,0.0,55.10298953791266,0.11877400874870231
4261,189.30000000000013,117,1.0,0.0,42.63726682935515,0.11871462174432797
4262,189.90000000000012,111,1.0,0.0,51.36876338237041,0.11865526443345581
4263,66.00000000000048,200,0.0,0.0,78.43695321798324,0.11859593680123909
4264,188.2000000000001,118,1.0,0.0,31.116296607180168,0.11853663883283848
4265,180.30000000000013,127,1.0,0.0,51.580942439399365,0.11847737051342207
4266,187.7000000000001,113,1.0,0.0,55.32199474747202,0.11841813182816537
4267,185.7000000000001,113,1.0,0.0,51.490371359001216,0.1183589227622513
4268,-51.100000000000044,61,0.0,1.0,53.10634636634686,0.11829974330087017
4269,182.40000000000003,116,1.0,0.0,42.201569212793274,0.11824059342921975
4270,188.80000000000013,112,1.0,0.0,41.79218604721661,0.11818147313250514
4271,-50.80000000000004,68,0.0,1.0,27.416295000516318,0.11812238239593889
4272,186.2000000000001,118,1.0,0.0,59.58152864911293,0.11806332120474093
4273,183.00000000000006,110,1.0,0.0,60.32131400866942,0.11800428954413857
4274,189.2000000000001,108,1.0,0.0,44.77889638973607,0.11794528739936651
4275,184.0000000000001,120,1.0,0.0,67.55155328959226,0.11788631475566683
4276,190.20000000000013,118,1.0,0.0,42.50969459002806,0.117827371598289
4277,186.30000000000007,107,1.0,0.0,73.47037268409105,0.11776845791248987
4278,182.90000000000006,101,1.0,0.0,30.60906946659088,0.11770957368353363
4279,189.90000000000015,111,1.0,0.0,48.58665903315351,0.11765071889669187
4280,186.10000000000008,129,1.0,0.0,28.48494612535303,0.11759189353724353
4281,72.00000000000063,200,0.0,0.0,47.18511943686754,0.11753309759047491
4282,186.40000000000012,116,1.0,0.0,56.78523542243859,0.11747433104167967
4283,187.5000000000001,115,1.0,0.0,64.00108448046706,0.11741559387615884
4284,193.40000000000015,126,1.0,0.0,48.45524985207215,0.11735688607922076
4285,70.00000000000028,200,0.0,0.0,42.896537954472,0.11729820763618116
4286,184.0000000000001,120,1.0,0.0,43.333761592954396,0.11723955853236308
4287,183.30000000000007,97,1.0,0.0,51.00169517483908,0.1171809387530969
4288,190.0000000000001,120,1.0,0.0,25.36624576014777,0.11712234828372035
4289,183.60000000000002,104,1.0,0.0,41.747263259755876,0.1170637871095785
4290,-38.200000000000074,82,0.0,1.0,40.1454915778666,0.11700525521602372
4291,187.60000000000014,124,1.0,0.0,29.11751258613602,0.1169467525884157
4292,186.00000000000006,100,1.0,0.0,62.365434326380495,0.1168882792121215
4293,196.60000000000016,114,1.0,0.0,61.93728777491733,0.11682983507251544
4294,187.4000000000001,106,1.0,0.0,48.60871043463923,0.1167714201549792
4295,183.30000000000007,117,1.0,0.0,55.693329618909424,0.11671303444490172
4296,187.30000000000007,117,1.0,0.0,39.52365395700575,0.11665467792767928
4297,-34.90000000000008,99,0.0,1.0,50.5245801144176,0.11659635058871544
4298,191.7000000000001,133,1.0,0.0,31.589777568341198,0.11653805241342109
4299,193.5000000000001,135,1.0,0.0,36.39832471222789,0.11647978338721439
4300,190.60000000000014,114,1.0,0.0,53.232380445981235,0.1164215434955208
4301,189.30000000000013,117,1.0,0.0,43.259467150411034,0.11636333272377304
4302,-36.90000000000009,99,0.0,1.0,33.90733054197497,0.11630515105741115
4303,184.00000000000006,100,1.0,0.0,50.44251849800348,0.11624699848188245
4304,-34.3000000000001,93,0.0,1.0,42.26465706607347,0.11618887498264152
4305,70.00000000000058,200,0.0,0.0,63.41152503982186,0.1161307805451502
4306,68.00000000000058,200,0.0,0.0,49.382420186549425,0.11607271515487763
4307,182.70000000000007,103,1.0,0.0,63.044777729412885,0.1160146787973002
4308,74.0000000000005,200,0.0,0.0,32.20799122802913,0.11595667145790155
4309,66.0000000000006,200,0.0,0.0,51.45011617325246,0.1158986931221726
4310,183.20000000000005,108,1.0,0.0,39.031236826407685,0.11584074377561153
4311,190.80000000000013,112,1.0,0.0,37.74824718146452,0.11578282340372373
4312,182.40000000000006,96,1.0,0.0,21.608329160138965,0.11572493199202187
4313,191.90000000000015,111,1.0,0.0,26.818482168757164,0.11566706952602586
4314,181.5000000000001,115,1.0,0.0,56.90970836903738,0.11560923599126285
4315,187.3000000000001,137,1.0,0.0,47.01522785207651,0.11555143137326723
4316,185.10000000000008,99,1.0,0.0,34.28617329775083,0.1154936556575806
4317,-41.40000000000006,74,0.0,1.0,10.180050372976709,0.11543590882975181
4318,184.60000000000008,114,1.0,0.0,33.753616070080746,0.11537819087533695
4319,188.3000000000001,127,1.0,0.0,55.31800788594043,0.11532050177989929
4320,180.40000000000003,116,1.0,0.0,41.3278731467395,0.11526284152900934
4321,182.00000000000006,120,1.0,0.0,70.81942452540001,0.11520521010824485
4322,185.90000000000006,111,1.0,0.0,35.49456086620554,0.11514760750319072
4323,-66.10000000000002,51,0.0,1.0,52.21914324807186,0.11509003369943914
4324,191.10000000000016,119,1.0,0.0,55.80288761315727,0.11503248868258943
4325,-74.80000000000001,28,0.0,1.0,57.22521275388343,0.11497497243824814
4326,188.00000000000009,120,1.0,0.0,57.07473325952888,0.11491748495202903
4327,188.20000000000007,118,1.0,0.0,30.196384156659498,0.11486002620955302
4328,-68.20000000000002,42,0.0,1.0,30.098869544054782,0.11480259619644825
4329,187.0000000000001,110,1.0,0.0,27.504438310590658,0.11474519489835004
4330,186.40000000000026,156,1.0,0.0,59.45485888956449,0.11468782230090087
4331,-62.80000000000003,48,0.0,1.0,26.446719088902075,0.11463047838975042
4332,180.90000000000003,101,1.0,0.0,40.84143788758481,0.11457316315055555
4333,182.50000000000006,105,1.0,0.0,51.62170805029926,0.11451587656898027
4334,180.40000000000003,96,1.0,0.0,48.82928176783025,0.11445861863069579
4335,190.2000000000001,118,1.0,0.0,36.879054648833254,0.11440138932138044
4336,181.60000000000008,104,1.0,0.0,51.66443380971368,0.11434418862671976
4337,187.5000000000001,115,1.0,0.0,28.341442716121673,0.1142870165324064
4338,-51.000000000000085,90,0.0,1.0,53.47010219146808,0.1142298730241402
4339,186.4000000000001,116,1.0,0.0,47.35714290239687,0.11417275808762814
4340,182.60000000000002,114,1.0,0.0,72.68769874044678,0.11411567170858433
4341,186.3000000000001,107,1.0,0.0,29.520342183308067,0.11405861387273004
4342,188.20000000000007,98,1.0,0.0,55.16904119333746,0.11400158456579368
4343,187.0000000000001,110,1.0,0.0,21.678413757681845,0.11394458377351079
4344,190.80000000000013,112,1.0,0.0,57.43002111358302,0.11388761148162403
4345,186.60000000000008,114,1.0,0.0,54.95113180205226,0.11383066767588322
4346,186.30000000000013,107,1.0,0.0,36.470821841854914,0.11377375234204529
4347,-55.6000000000001,96,0.0,1.0,16.86140035636102,0.11371686546587427
4348,184.80000000000007,112,1.0,0.0,55.647950580742744,0.11366000703314134
4349,182.00000000000006,120,1.0,0.0,41.08501455821097,0.11360317702962477
4350,185.4000000000001,106,1.0,0.0,46.99543339730996,0.11354637544110997
4351,188.0000000000001,120,1.0,0.0,18.52625490160038,0.11348960225338943
4352,180.70000000000005,103,1.0,0.0,102.35837242397868,0.11343285745226274
4353,188.60000000000014,114,1.0,0.0,46.93236933576695,0.11337614102353662
4354,185.70000000000007,113,1.0,0.0,59.17867974950149,0.11331945295302485
4355,194.20000000000016,118,1.0,0.0,53.47942315042019,0.11326279322654835
4356,180.50000000000006,105,1.0,0.0,43.48223431117478,0.11320616182993508
4357,-59.20000000000005,72,0.0,1.0,34.72310732760363,0.11314955874902012
4358,186.80000000000013,132,1.0,0.0,44.105146923977316,0.11309298396964562
4359,-48.30000000000007,73,0.0,1.0,65.04428497507963,0.1130364374776608
4360,192.60000000000014,114,1.0,0.0,69.09757632252418,0.11297991925892198
4361,188.20000000000005,118,1.0,0.0,43.48124147610644,0.11292342929929253
4362,188.60000000000008,114,1.0,0.0,37.367995949952224,0.11286696758464289
4363,188.4000000000001,116,1.0,0.0,56.72389606758952,0.11281053410085057
4364,196.20000000000016,138,1.0,0.0,43.09927001838451,0.11275412883380015
4365,-78.10000000000001,31,0.0,1.0,63.545251843429384,0.11269775176938325
4366,181.30000000000004,97,1.0,0.0,27.382167761473312,0.11264140289349857
4367,179.40000000000003,106,1.0,0.0,39.124453167167474,0.11258508219205182
4368,190.9000000000001,121,1.0,0.0,31.224799793367545,0.11252878965095581
4369,189.5000000000001,115,1.0,0.0,48.19881803587727,0.11247252525613033
4370,187.0000000000001,130,1.0,0.0,59.564839981496334,0.11241628899350227
4371,186.20000000000007,118,1.0,0.0,28.98394818180951,0.11236008084900552
4372,184.50000000000009,105,1.0,0.0,47.818571045143266,0.11230390080858102
4373,188.1000000000002,129,1.0,0.0,18.4068799477446,0.11224774885817673
4374,183.4000000000001,106,1.0,0.0,46.570258655216335,0.11219162498374766
4375,-55.20000000000004,52,0.0,1.0,23.57630872841065,0.11213552917125579
4376,190.30000000000013,107,1.0,0.0,38.453558927105966,0.11207946140667016
4377,187.4000000000001,106,1.0,0.0,52.681193716402326,0.11202342167596684
4378,189.2000000000001,108,1.0,0.0,57.57182655317916,0.11196740996512886
4379,188.30000000000007,107,1.0,0.0,44.620566635349086,0.1119114262601463
4380,191.80000000000015,122,1.0,0.0,22.548096430839085,0.11185547054701624
4381,180.40000000000003,96,1.0,0.0,30.875151943725843,0.11179954281174273
4382,187.20000000000016,128,1.0,0.0,33.75866178970318,0.11174364304033686
4383,-58.50000000000004,55,0.0,1.0,23.877145570516586,0.1116877712188167
4384,191.4000000000001,106,1.0,0.0,65.51194341059,0.1116319273332073
4385,180.20000000000002,98,1.0,0.0,53.72641365762268,0.11157611136954071
4386,187.3000000000001,117,1.0,0.0,51.53133568345991,0.11152032331385595
4387,184.6000000000001,114,1.0,0.0,35.63955512394508,0.11146456315219902
4388,182.90000000000003,121,1.0,0.0,16.309366458703664,0.11140883087062292
4389,188.2000000000001,118,1.0,0.0,45.195043706792895,0.11135312645518762
4390,189.60000000000008,104,1.0,0.0,29.15079973308513,0.11129744989196003
4391,187.30000000000013,117,1.0,0.0,45.87871884943073,0.11124180116701406
4392,191.3000000000001,117,1.0,0.0,20.776210153332123,0.11118618026643055
4393,186.3000000000001,107,1.0,0.0,43.194657545780466,0.11113058717629734
4394,185.50000000000006,115,1.0,0.0,58.28689989240273,0.1110750218827092
4395,-46.400000000000055,64,0.0,1.0,43.80741923802998,0.11101948437176784
4396,-76.6,26,0.0,1.0,52.48024680637396,0.11096397462958196
4397,185.70000000000002,153,1.0,0.0,40.25455967195673,0.11090849264226718
4398,184.50000000000009,105,1.0,0.0,38.92642999532677,0.11085303839594605
4399,190.3000000000001,107,1.0,0.0,22.254949446732752,0.11079761187674808
4400,-62.10000000000002,51,0.0,1.0,51.77375114782184,0.11074221307080971
4401,184.00000000000006,100,1.0,0.0,35.23870789095759,0.11068684196427431
4402,184.9000000000001,121,1.0,0.0,58.24737323857536,0.11063149854329217
4403,188.3000000000001,107,1.0,0.0,35.975783113842816,0.11057618279402052
4404,187.9000000000001,111,1.0,0.0,58.72697950376047,0.11052089470262352
4405,-92.69999999999999,17,0.0,1.0,2.277890823343221,0.11046563425527221
4406,185.4000000000001,106,1.0,0.0,43.84501755771772,0.11041040143814458
4407,188.5000000000001,105,1.0,0.0,40.15405088223162,0.11035519623742551
4408,186.60000000000008,114,1.0,0.0,35.297068141531525,0.1103000186393068
4409,190.0000000000001,120,1.0,0.0,35.12541324608028,0.11024486862998716
4410,193.7000000000001,113,1.0,0.0,46.913130060365766,0.11018974619567216
4411,185.80000000000007,102,1.0,0.0,60.13701010904476,0.11013465132257433
4412,183.60000000000005,104,1.0,0.0,64.14728687832562,0.11007958399691305
4413,181.50000000000006,95,1.0,0.0,94.9601038452826,0.1100245442049146
4414,195.40000000000015,126,1.0,0.0,33.93319448166423,0.10996953193281216
4415,185.60000000000005,104,1.0,0.0,47.30778869950714,0.10991454716684576
4416,-41.000000000000064,70,0.0,1.0,29.072553817927837,0.10985958989326235
4417,-76.1,31,0.0,1.0,37.562870558231104,0.10980466009831572
4418,192.70000000000016,123,1.0,0.0,50.884000254961535,0.10974975776826656
4419,187.80000000000007,122,1.0,0.0,45.85218012833693,0.10969488288938244
4420,187.70000000000007,113,1.0,0.0,36.888741584478225,0.10964003544793775
4421,-84.69999999999999,17,0.0,1.0,106.13655375031864,0.1095852154302138
4422,185.4000000000001,106,1.0,0.0,59.836745738561426,0.1095304228224987
4423,188.40000000000015,116,1.0,0.0,67.86201028243221,0.10947565761108745
4424,184.60000000000002,134,1.0,0.0,57.43778269815801,0.10942091978228191
4425,-85.6,16,0.0,1.0,87.28281552623957,0.10936620932239077
4426,-36.400000000000084,84,0.0,1.0,50.39098930057315,0.10931152621772958
4427,-78.8,28,0.0,1.0,7.40240220193352,0.10925687045462072
4428,182.50000000000006,105,1.0,0.0,48.744163321029575,0.10920224201939342
4429,192.30000000000013,107,1.0,0.0,65.68006200935238,0.10914764089838373
4430,185.40000000000003,106,1.0,0.0,36.954005340781976,0.10909306707793455
4431,195.1000000000001,119,1.0,0.0,45.778893978781056,0.10903852054439558
4432,188.80000000000007,112,1.0,0.0,66.46276974411947,0.10898400128412339
4433,182.80000000000007,112,1.0,0.0,29.594203972523765,0.10892950928348133
4434,190.70000000000013,123,1.0,0.0,30.270257275400123,0.1088750445288396
4435,179.20000000000002,108,1.0,0.0,37.44546212297347,0.10882060700657518
4436,185.90000000000006,111,1.0,0.0,23.1758719543079,0.1087661967030719
4437,195.50000000000014,115,1.0,0.0,45.84461938103904,0.10871181360472038
4438,191.30000000000007,117,1.0,0.0,24.043239910887856,0.10865745769791803
4439,182.00000000000006,100,1.0,0.0,31.85972582682967,0.10860312896906907
4440,193.3000000000001,117,1.0,0.0,33.585893126889175,0.10854882740458453
4441,183.00000000000006,110,1.0,0.0,33.99960497441617,0.10849455299088225
4442,189.10000000000014,119,1.0,0.0,46.3210078070895,0.10844030571438681
4443,190.40000000000012,116,1.0,0.0,36.72119589394023,0.10838608556152962
4444,184.10000000000008,109,1.0,0.0,57.02164416343247,0.10833189251874886
4445,-52.20000000000005,62,0.0,1.0,23.00666056597425,0.10827772657248949
4446,-45.00000000000006,70,0.0,1.0,30.381483823273864,0.10822358770920325
4447,179.70000000000002,113,1.0,0.0,54.39518574645034,0.10816947591534866
4448,189.60000000000008,104,1.0,0.0,55.98831328176535,0.108115391177391
4449,187.7000000000001,113,1.0,0.0,31.55121153751306,0.1080613334818023
4450,187.50000000000009,115,1.0,0.0,30.73872983818469,0.1080073028150614
4451,181.20000000000005,108,1.0,0.0,51.90062999863316,0.10795329916365388
4452,188.0000000000001,120,1.0,0.0,25.29417130748431,0.10789932251407207
4453,188.0000000000001,120,1.0,0.0,29.21642835624516,0.10784537285281504
4454,185.0000000000001,110,1.0,0.0,49.75402883331884,0.10779145016638864
4455,-63.600000000000044,56,0.0,1.0,49.148341728906544,0.10773755444130545
4456,188.4000000000001,116,1.0,0.0,30.119642223648984,0.1076836856640848
4457,192.80000000000013,132,1.0,0.0,51.297839510169894,0.10762984382125276
4458,189.30000000000013,117,1.0,0.0,53.145147676014496,0.10757602889934215
4459,187.70000000000007,113,1.0,0.0,46.47899377583403,0.10752224088489248
4460,180.29999999999993,187,1.0,0.0,36.00435946714432,0.10746847976445004
4461,196.20000000000016,118,1.0,0.0,57.490559256682964,0.10741474552456781
4462,182.50000000000006,105,1.0,0.0,39.2051330133563,0.10736103815180553
4463,185.30000000000013,117,1.0,0.0,84.39098041918542,0.10730735763272964
4464,191.0000000000001,110,1.0,0.0,46.244468762116,0.10725370395391327
4465,188.3000000000001,107,1.0,0.0,57.20036219130053,0.10720007710193633
4466,184.00000000000006,120,1.0,0.0,25.83476369579633,0.10714647706338536
4467,190.10000000000008,109,1.0,0.0,29.260614732536702,0.10709290382485367
4468,182.20000000000005,98,1.0,0.0,38.38411174714565,0.10703935737294125
4469,181.60000000000008,104,1.0,0.0,49.857092180504246,0.10698583769425478
4470,181.90000000000012,111,1.0,0.0,15.942495087916786,0.10693234477540765
4471,-72.50000000000001,35,0.0,1.0,10.594037768244743,0.10687887860301995
4472,184.80000000000007,112,1.0,0.0,55.07615532566394,0.10682543916371845
4473,186.5000000000001,105,1.0,0.0,65.67437632679939,0.1067720264441366
4474,-52.20000000000005,62,0.0,1.0,31.663958229605228,0.10671864043091453
4475,186.50000000000006,105,1.0,0.0,56.78117789867378,0.10666528111069908
4476,185.8,162,1.0,0.0,40.19063183242156,0.10661194847014373
4477,190.80000000000013,112,1.0,0.0,48.75072263088077,0.10655864249590866
4478,180.60000000000014,114,1.0,0.0,52.54864325086798,0.10650536317466071
4479,186.30000000000007,107,1.0,0.0,28.900519519069483,0.10645211049307339
4480,176.39999999999998,116,1.0,0.0,81.6132598175057,0.10639888443782686
4481,183.90000000000003,111,1.0,0.0,67.41700541986539,0.10634568499560795
4482,-31.100000000000037,81,0.0,1.0,34.63894039006145,0.10629251215311016
4483,184.80000000000007,112,1.0,0.0,87.728959036991,0.1062393658970336
4484,189.2000000000001,128,1.0,0.0,48.33127370174043,0.1061862462140851
4485,-50.90000000000004,59,0.0,1.0,72.85313753657422,0.10613315309097805
4486,184.10000000000008,109,1.0,0.0,43.022668906854925,0.10608008651443257
4487,181.50000000000006,115,1.0,0.0,79.6558785525353,0.10602704647117536
4488,187.80000000000007,122,1.0,0.0,55.135120577621656,0.10597403294793978
4489,184.90000000000015,121,1.0,0.0,59.00986840594406,0.10592104593146581
4490,191.30000000000013,117,1.0,0.0,15.56263896326224,0.10586808540850008
4491,187.00000000000006,110,1.0,0.0,39.1298961000009,0.10581515136579583
4492,-87.6,16,0.0,1.0,10.040424731560051,0.10576224379011294
4493,-60.50000000000002,55,0.0,1.0,64.51398168585517,0.10570936266821788
4494,185.20000000000005,108,1.0,0.0,47.11180116098236,0.10565650798688378
4495,185.20000000000005,108,1.0,0.0,36.641348655715035,0.10560367973289034
4496,182.00000000000003,100,1.0,0.0,34.637554743736985,0.10555087789302389
4497,178.90000000000003,101,1.0,0.0,50.93289506833742,0.10549810245407738
4498,188.4000000000001,116,1.0,0.0,63.53072139736393,0.10544535340285036
4499,181.40000000000003,106,1.0,0.0,57.94248470945178,0.10539263072614893
4500,187.60000000000008,104,1.0,0.0,61.98774614228079,0.10533993441078586
4501,184.00000000000006,100,1.0,0.0,31.164071599245073,0.10528726444358047
4502,187.7000000000001,113,1.0,0.0,39.696992975684395,0.10523462081135869
4503,197.2000000000002,128,1.0,0.0,41.56591935956385,0.10518200350095301
4504,189.60000000000008,124,1.0,0.0,35.58454186589487,0.10512941249920255
4505,-82.89999999999999,19,0.0,1.0,58.52646167184177,0.10507684779295295
4506,179.20000000000005,108,1.0,0.0,35.14743170721663,0.10502430936905649
4507,186.10000000000008,109,1.0,0.0,76.3587724692231,0.10497179721437197
4508,-30.5,95,0.0,1.0,70.35063494130185,0.10491931131576479
4509,-34.200000000000074,82,0.0,1.0,51.81165755721854,0.10486685166010691
4510,186.30000000000007,107,1.0,0.0,20.20488747007379,0.10481441823427687
4511,192.7000000000001,103,1.0,0.0,56.250954737651696,0.10476201102515974
4512,181.20000000000002,108,1.0,0.0,46.378642187626276,0.10470963001964716
4513,190.9000000000001,121,1.0,0.0,18.826775401461223,0.10465727520463734
4514,-77.89999999999999,29,0.0,1.0,23.213429615929208,0.10460494656703503
4515,186.80000000000013,112,1.0,0.0,28.59352662800146,0.10455264409375152
4516,185.60000000000008,104,1.0,0.0,35.942703728062604,0.10450036777170466
4517,-79.3,23,0.0,1.0,63.65547840750736,0.10444811758781881
4518,190.0000000000001,120,1.0,0.0,34.21809070756038,0.10439589352902491
4519,-66.20000000000002,42,0.0,1.0,69.40893453359604,0.1043436955822604
4520,188.9000000000001,101,1.0,0.0,35.22671976980597,0.10429152373446929
4521,183.80000000000007,102,1.0,0.0,47.25388078347725,0.10423937797260206
4522,190.60000000000008,114,1.0,0.0,48.36714555728331,0.10418725828361576
4523,-82.19999999999999,22,0.0,1.0,47.005669215186074,0.10413516465447396
4524,180.20000000000005,98,1.0,0.0,47.00620530956254,0.10408309707214673
4525,189.5000000000001,115,1.0,0.0,40.306227365524876,0.10403105552361067
4526,183.40000000000006,106,1.0,0.0,57.02641834543561,0.10397903999584887
4527,182.20000000000007,98,1.0,0.0,14.752991867308713,0.10392705047585095
4528,183.10000000000008,99,1.0,0.0,38.202422243025566,0.10387508695061302
4529,189.2000000000001,108,1.0,0.0,46.82871670510482,0.10382314940713773
4530,190.70000000000013,123,1.0,0.0,44.98000703182647,0.10377123783243417
4531,-35.000000000000085,90,0.0,1.0,39.255128117733534,0.10371935221351795
4532,189.00000000000014,130,1.0,0.0,64.97908394909823,0.1036674925374112
4533,188.40000000000015,116,1.0,0.0,58.94071566506192,0.1036156587911425
4534,191.40000000000015,126,1.0,0.0,64.42453785571787,0.10356385096174693
4535,188.6000000000001,114,1.0,0.0,70.31872310763912,0.10351206903626606
4536,191.0000000000001,110,1.0,0.0,29.30206400318579,0.10346031300174793
4537,183.10000000000008,99,1.0,0.0,45.168619031857965,0.10340858284524707
4538,188.10000000000008,109,1.0,0.0,49.24359455684183,0.10335687855382444
4539,179.40000000000003,106,1.0,0.0,45.05587858144405,0.10330520011454754
4540,189.90000000000015,111,1.0,0.0,63.303886636823144,0.10325354751449027
4541,189.50000000000017,115,1.0,0.0,37.97721429337626,0.10320192074073303
4542,183.50000000000009,115,1.0,0.0,50.79871348570222,0.10315031978036267
4543,186.60000000000008,114,1.0,0.0,93.4374319056147,0.10309874462047249
4544,192.20000000000024,138,1.0,0.0,35.57944501850052,0.10304719524816225
4545,185.30000000000018,137,1.0,0.0,27.8749634444061,0.10299567165053818
4546,187.7000000000002,133,1.0,0.0,43.016666856139224,0.10294417381471291
4547,185.9000000000001,111,1.0,0.0,82.24706144563787,0.10289270172780556
4548,-28.5,95,0.0,1.0,36.68339144618888,0.10284125537694165
4549,187.30000000000013,117,1.0,0.0,32.43956494764385,0.10278983474925318
4550,184.50000000000006,105,1.0,0.0,47.297380681974545,0.10273843983187857
4551,183.20000000000005,108,1.0,0.0,47.69241642082731,0.10268707061196264
4552,192.3000000000001,127,1.0,0.0,34.01989670285559,0.10263572707665666
4553,186.60000000000014,114,1.0,0.0,54.44919623604469,0.10258440921311834
4554,181.8,102,1.0,0.0,18.64844598007553,0.1025331170085118
4555,-45.90000000000006,69,0.0,1.0,44.69037325637064,0.10248185045000754
4556,189.2000000000001,108,1.0,0.0,27.947120355511153,0.10243060952478254
4557,189.7000000000001,113,1.0,0.0,51.29313936275719,0.10237939422002015
4558,175.80000000000004,102,1.0,0.0,16.174916293837278,0.10232820452291015
4559,190.2000000000001,118,1.0,0.0,45.82193547525143,0.1022770404206487
4560,-44.30000000000007,73,0.0,1.0,34.11199019890125,0.10222590190043837
4561,189.1000000000001,119,1.0,0.0,47.75069672620597,0.10217478894948816
4562,194.4000000000001,116,1.0,0.0,51.95468609869994,0.10212370155501342
4563,181.39999999999998,186,1.0,0.0,42.607630977787636,0.10207263970423593
4564,186.2000000000001,118,1.0,0.0,39.3698611941378,0.10202160338438382
4565,186.1000000000001,109,1.0,0.0,23.287697598338127,0.10197059258269163
4566,180.70000000000007,103,1.0,0.0,44.9744562144997,0.10191960728640029
4567,-62.60000000000002,46,0.0,1.0,55.55910921906648,0.10186864748275709
4568,184.60000000000008,114,1.0,0.0,28.12210306074274,0.10181771315901572
4569,191.80000000000018,122,1.0,0.0,25.576373650890883,0.10176680430243622
4570,186.1000000000001,109,1.0,0.0,39.912050837770515,0.101715920900285
4571,188.1000000000001,109,1.0,0.0,17.076791173684487,0.10166506293983486
4572,-76.90000000000002,39,0.0,1.0,2.901808411265031,0.10161423040836495
4573,-34.800000000000054,88,0.0,1.0,19.807410416616634,0.10156342329316077
4574,-27.499999999999986,105,0.0,1.0,62.00215858377162,0.1015126415815142
4575,-51.30000000000005,63,0.0,1.0,43.42049209324141,0.10146188526072344
4576,195.5000000000001,115,1.0,0.0,30.679077990936197,0.10141115431809308
4577,-61.00000000000003,50,0.0,1.0,62.91520043671131,0.10136044874093404
4578,186.30000000000007,107,1.0,0.0,55.648667151543584,0.10130976851656358
4579,-86.19999999999999,22,0.0,1.0,45.71310437809337,0.1012591136323053
4580,186.5000000000001,105,1.0,0.0,32.41525211859317,0.10120848407548916
4581,192.20000000000016,118,1.0,0.0,33.5132134931825,0.10115787983345143
4582,191.40000000000018,126,1.0,0.0,57.28607775862255,0.1011073008935347
4583,183.80000000000013,122,1.0,0.0,51.20678417274698,0.10105674724308794
4584,184.50000000000006,105,1.0,0.0,42.24372721541496,0.1010062188694664
4585,192.80000000000018,132,1.0,0.0,43.0382505243249,0.10095571576003166
4586,-84.89999999999999,19,0.0,1.0,74.14832751374496,0.10090523790215165
4587,193.20000000000013,108,1.0,0.0,24.428492998152418,0.10085478528320059
4588,-36.70000000000007,77,0.0,1.0,19.57569097321142,0.100804357890559
4589,184.60000000000014,114,1.0,0.0,33.83676244351163,0.10075395571161372
4590,-30.600000000000037,86,0.0,1.0,13.123175887520922,0.10070357873375792
4591,190.7000000000001,123,1.0,0.0,46.53752927433669,0.10065322694439105
4592,186.3000000000001,107,1.0,0.0,55.11397473597638,0.10060290033091886
4593,184.70000000000005,103,1.0,0.0,63.58457060867143,0.10055259888075341
4594,-43.90000000000008,89,0.0,1.0,66.70332204224019,0.10050232258131303
4595,187.7000000000001,113,1.0,0.0,39.672439605393244,0.10045207142002238
4596,185.20000000000007,108,1.0,0.0,17.4305269251819,0.10040184538431238
4597,181.30000000000007,117,1.0,0.0,42.14501982672601,0.10035164446162023
4598,184.80000000000007,112,1.0,0.0,31.372165216997796,0.10030146863938942
4599,184.80000000000024,132,1.0,0.0,54.17095930095423,0.10025131790506973
4600,-51.100000000000044,61,0.0,1.0,49.82832464966618,0.1002011922461172
4601,177.90000000000035,151,1.0,0.0,54.46688098189057,0.10015109164999415
4602,188.40000000000015,116,1.0,0.0,27.54598719189907,0.10010101610416916
4603,-51.80000000000004,58,0.0,1.0,34.99055784298428,0.10005096559611708
4604,183.50000000000009,115,1.0,0.0,35.854957577845326,0.10000094011331903
4605,180.50000000000017,125,1.0,0.0,18.47029683804512,0.09995093964326238
4606,188.10000000000008,109,1.0,0.0,25.477162378917047,0.09990096417344076
4607,182.9000000000001,101,1.0,0.0,45.06939097176684,0.09985101369135405
4608,183.60000000000008,104,1.0,0.0,55.15149989337302,0.09980108818450838
4609,188.80000000000013,112,1.0,0.0,24.293974179574953,0.09975118764041613
4610,185.70000000000007,113,1.0,0.0,50.19872187434044,0.09970131204659592
4611,187.80000000000018,122,1.0,0.0,55.555079076622356,0.09965146139057263
4612,184.00000000000006,100,1.0,0.0,43.55161136671901,0.09960163565987734
4613,187.5000000000001,115,1.0,0.0,25.863508369093356,0.09955183484204741
4614,187.50000000000014,115,1.0,0.0,25.049394829117734,0.0995020589246264
4615,184.50000000000006,105,1.0,0.0,59.84963099090826,0.09945230789516409
4616,184.9000000000001,101,1.0,0.0,20.110129201913825,0.09940258174121651
4617,183.9000000000001,111,1.0,0.0,39.72410642872523,0.0993528804503459
4618,184.30000000000013,107,1.0,0.0,68.40336962127797,0.09930320401012073
4619,186.70000000000007,103,1.0,0.0,36.90261953758094,0.09925355240811568
4620,185.5000000000001,115,1.0,0.0,33.91193632911081,0.09920392563191162
4621,192.10000000000014,129,1.0,0.0,28.81675443445989,0.09915432366909567
4622,187.7000000000001,113,1.0,0.0,36.846848241523304,0.09910474650726113
4623,-66.00000000000003,40,0.0,1.0,4.005782677233219,0.0990551941340075
4624,187.60000000000008,124,1.0,0.0,35.91569189390829,0.0990056665369405
4625,185.9000000000001,111,1.0,0.0,63.149354475844014,0.09895616370367204
4626,-83.79999999999998,18,0.0,1.0,41.29777617669768,0.0989066856218202
4627,182.70000000000005,103,1.0,0.0,65.16878028966269,0.09885723227900929
4628,191.30000000000013,117,1.0,0.0,35.174347726835144,0.09880780366286979
4629,185.80000000000007,122,1.0,0.0,42.92090026667861,0.09875839976103835
4630,181.50000000000006,115,1.0,0.0,26.1212000725062,0.09870902056115784
4631,184.50000000000017,125,1.0,0.0,28.58228143131733,0.09865966605087727
4632,190.1000000000001,109,1.0,0.0,27.444535957837324,0.09861033621785184
4633,183.50000000000006,115,1.0,0.0,46.55282949662727,0.09856103104974293
4634,188.1000000000001,109,1.0,0.0,33.612721623083864,0.09851175053421805
4635,-60.60000000000002,46,0.0,1.0,23.647601507280182,0.09846249465895095
4636,188.40000000000023,136,1.0,0.0,36.597675537142685,0.09841326341162147
4637,54.00000000000035,200,0.0,0.0,35.417949871197344,0.09836405677991567
4638,186.60000000000008,114,1.0,0.0,32.104301886077515,0.09831487475152571
4639,190.8000000000001,112,1.0,0.0,41.21243986168078,0.09826571731414996
4640,190.1000000000002,129,1.0,0.0,66.27836029133363,0.09821658445549289
4641,187.1000000000001,119,1.0,0.0,33.09616967584906,0.09816747616326515
4642,179.30000000000007,97,1.0,0.0,28.26208118387719,0.09811839242518353
4643,-81.5,25,0.0,1.0,33.066318611502645,0.09806933322897093
4644,183.80000000000013,122,1.0,0.0,42.24136824466166,0.09802029856235646
4645,188.60000000000008,114,1.0,0.0,28.681820445350912,0.09797128841307529
4646,182.7000000000001,103,1.0,0.0,14.746465045850254,0.09792230276886875
4647,186.90000000000015,121,1.0,0.0,33.345403901370595,0.09787334161748432
4648,187.2000000000001,108,1.0,0.0,48.32078048241911,0.09782440494667557
4649,187.00000000000009,110,1.0,0.0,61.53550867939537,0.09777549274420225
4650,184.8000000000001,112,1.0,0.0,35.0462617788996,0.09772660499783015
4651,-46.90000000000007,79,0.0,1.0,17.62995082215418,0.09767774169533124
4652,191.40000000000018,146,1.0,0.0,36.59578864587701,0.09762890282448358
4653,-67.80000000000001,38,0.0,1.0,73.1047137497287,0.09758008837307135
4654,188.6000000000001,114,1.0,0.0,35.09491167191351,0.09753129832888481
4655,190.1000000000001,109,1.0,0.0,83.89435190796306,0.09748253267972037
4656,-36.90000000000006,79,0.0,1.0,25.101671129653724,0.09743379141338052
4657,-36.90000000000007,79,0.0,1.0,34.25408922022657,0.09738507451767384
4658,184.30000000000007,107,1.0,0.0,62.608327092968416,0.097336381980415
4659,193.5000000000001,115,1.0,0.0,43.52837302594081,0.0972877137894248
4660,-20.09999999999988,131,0.0,1.0,52.566667531169095,0.09723906993253009
4661,174.70000000000005,103,1.0,0.0,23.00058137827996,0.09719045039756383
4662,186.60000000000014,114,1.0,0.0,34.719500872518935,0.09714185517236505
4663,-29.600000000000037,96,0.0,1.0,50.973542689966656,0.09709328424477888
4664,-42.50000000000006,75,0.0,1.0,8.285285520156224,0.0970447376026565
4665,-75.7,27,0.0,1.0,56.1676107087621,0.09699621523385518
4666,190.4000000000001,116,1.0,0.0,49.44284351092988,0.09694771712623826
4667,187.10000000000014,119,1.0,0.0,59.464144525658185,0.09689924326767514
4668,181.60000000000008,104,1.0,0.0,19.620123643571368,0.09685079364604131
4669,182.70000000000005,103,1.0,0.0,34.77876901149171,0.0968023682492183
4670,183.4000000000001,106,1.0,0.0,52.31377196564989,0.09675396706509369
4671,189.5000000000001,115,1.0,0.0,72.93219677222811,0.09670559008156115
4672,-84.89999999999999,19,0.0,1.0,0.4573803238178554,0.09665723728652038
4673,189.4000000000001,106,1.0,0.0,52.01722133412676,0.09660890866787714
4674,183.00000000000006,110,1.0,0.0,36.22020044746724,0.0965606042135432
4675,182.70000000000007,103,1.0,0.0,29.62377742627292,0.09651232391143644
4676,181.80000000000007,102,1.0,0.0,56.109928716485406,0.09646406774948073
4677,189.00000000000017,130,1.0,0.0,23.326611824906788,0.096415835715606
4678,-73.9,29,0.0,1.0,0.39794604069200057,0.0963676277977482
4679,185.4000000000001,106,1.0,0.0,57.82848409507072,0.09631944398384933
4680,188.00000000000009,100,1.0,0.0,27.045270483642817,0.09627128426185741
4681,183.40000000000003,106,1.0,0.0,14.403444875242576,0.09622314861972649
4682,-79.69999999999999,27,0.0,1.0,24.43439216028761,0.09617503704541663
4683,193.30000000000013,117,1.0,0.0,46.94111779701506,0.09612694952689393
4684,190.8000000000001,112,1.0,0.0,54.22593108790794,0.0960788860521305
4685,186.80000000000007,112,1.0,0.0,39.51815394252272,0.09603084660910444
4686,-35.80000000000007,78,0.0,1.0,40.365980974947796,0.0959828311857999
4687,-64.60000000000002,46,0.0,1.0,86.31821381721808,0.095934839770207
4688,190.2000000000001,118,1.0,0.0,69.59275972300162,0.09588687235032191
4689,-73.0,30,0.0,1.0,141.30524565279484,0.09583892891414675
4690,-64.00000000000003,40,0.0,1.0,0.5351480782032013,0.09579100944968968
4691,195.10000000000014,119,1.0,0.0,46.88329157258282,0.09574311394496485
4692,-44.70000000000006,77,0.0,1.0,58.14884686334567,0.09569524238799237
4693,-59.50000000000005,65,0.0,1.0,67.6481977884586,0.09564739476679839
4694,-44.400000000000055,64,0.0,1.0,42.02716027549468,0.095599571069415
4695,191.90000000000012,111,1.0,0.0,58.3243694999465,0.09555177128388029
4696,-73.4,34,0.0,1.0,71.41182682356414,0.09550399539823835
4697,192.60000000000014,114,1.0,0.0,39.463527604153285,0.09545624340053924
4698,183.00000000000006,110,1.0,0.0,42.790876911445096,0.09540851527883898
4699,189.1000000000001,119,1.0,0.0,52.73163341085951,0.09536081102119956
4700,193.80000000000018,122,1.0,0.0,68.45183453232538,0.09531313061568897
4701,190.60000000000008,114,1.0,0.0,57.61281228536054,0.09526547405038113
4702,185.9000000000001,111,1.0,0.0,33.50488532878257,0.09521784131335595
4703,194.70000000000016,123,1.0,0.0,65.7552694605618,0.09517023239269928
4704,183.10000000000005,99,1.0,0.0,62.67378837728139,0.09512264727650294
4705,184.80000000000007,112,1.0,0.0,34.93206564443452,0.0950750859528647
4706,188.30000000000007,107,1.0,0.0,56.126887039882,0.09502754840988827
4707,-59.700000000000024,47,0.0,1.0,44.8239445711704,0.09498003463568333
4708,190.70000000000016,123,1.0,0.0,31.159572558795535,0.09493254461836549
4709,189.1000000000001,119,1.0,0.0,58.46351946214167,0.09488507834605632
4710,186.90000000000015,121,1.0,0.0,45.86392998399813,0.0948376358068833
4711,182.10000000000002,109,1.0,0.0,55.7226168755271,0.09479021698897987
4712,187.5000000000001,115,1.0,0.0,63.66209190060263,0.09474282188048538
4713,185.60000000000005,104,1.0,0.0,21.02101982657153,0.09469545046954515
4714,176.90000000000003,101,1.0,0.0,55.68036562949419,0.09464810274431039
4715,188.4000000000001,116,1.0,0.0,82.31553074177997,0.09460077869293824
4716,187.4000000000001,106,1.0,0.0,54.2503210089679,0.09455347830359179
4717,193.0000000000001,110,1.0,0.0,60.461467667330396,0.09450620156443999
4718,-46.20000000000005,62,0.0,1.0,47.079685175851466,0.09445894846365778
4719,194.60000000000014,114,1.0,0.0,44.65927424621687,0.09441171898942595
4720,193.30000000000013,117,1.0,0.0,26.525017663199677,0.09436451312993124
4721,-30.200000000000017,102,0.0,1.0,35.31393496005558,0.09431733087336629
4722,185.00000000000006,110,1.0,0.0,59.42822710045359,0.0942701722079296
4723,177.3,97,1.0,0.0,45.23942701848819,0.09422303712182564
4724,189.20000000000007,108,1.0,0.0,25.484339100205236,0.09417592560326474
4725,189.7000000000001,113,1.0,0.0,22.763475741366896,0.0941288376404631
4726,184.70000000000005,123,1.0,0.0,59.63777116134884,0.09408177322164288
4727,-84.1,31,0.0,1.0,64.65773805447164,0.09403473233503207
4728,186.9000000000001,121,1.0,0.0,32.34371423339548,0.09398771496886456
4729,181.50000000000003,95,1.0,0.0,46.07949282189733,0.09394072111138013
4730,185.7000000000001,113,1.0,0.0,55.56906107252678,0.09389375075082444
4731,185.20000000000005,108,1.0,0.0,56.58590287025328,0.09384680387544904
4732,186.5000000000001,125,1.0,0.0,41.50827085208893,0.09379988047351132
4733,185.10000000000005,99,1.0,0.0,51.43924620988393,0.09375298053327456
4734,186.2000000000001,118,1.0,0.0,60.26089320679085,0.09370610404300793
4735,184.80000000000007,112,1.0,0.0,58.58306444848755,0.09365925099098643
4736,179.60000000000002,104,1.0,0.0,39.43997677745154,0.09361242136549094
4737,189.60000000000008,104,1.0,0.0,59.45615862395901,0.0935656151548082
4738,185.00000000000006,110,1.0,0.0,64.04726417145946,0.0935188323472308
4739,178.70000000000002,103,1.0,0.0,40.567500144677254,0.09347207293105718
4740,191.5000000000001,115,1.0,0.0,63.842568966357604,0.09342533689459166
4741,178.20000000000002,98,1.0,0.0,64.50803934554665,0.09337862422614437
4742,180.90000000000003,101,1.0,0.0,30.201229197627836,0.09333193491403131
4743,-40.100000000000065,71,0.0,1.0,21.72013729474914,0.09328526894657431
4744,186.90000000000006,101,1.0,0.0,63.398753072070605,0.09323862631210103
4745,185.9000000000001,111,1.0,0.0,54.25944178222536,0.09319200699894499
4746,-60.60000000000003,46,0.0,1.0,25.191063857596852,0.09314541099544553
4747,192.60000000000014,114,1.0,0.0,44.027047264732815,0.0930988382899478
4748,192.80000000000013,112,1.0,0.0,52.81156991502004,0.09305228887080283
4749,186.40000000000006,136,1.0,0.0,33.652261738281915,0.09300576272636743
4750,184.5000000000001,105,1.0,0.0,76.57815096747308,0.09295925984500425
4751,189.00000000000009,110,1.0,0.0,64.99500509635969,0.09291278021508176
4752,190.00000000000006,120,1.0,0.0,30.87996509509782,0.09286632382497423
4753,182.90000000000003,101,1.0,0.0,44.176212882493985,0.09281989066306175
4754,183.60000000000005,104,1.0,0.0,66.52471759471183,0.09277348071773021
4755,182.40000000000003,96,1.0,0.0,51.455245438342295,0.09272709397737135
4756,186.30000000000007,107,1.0,0.0,35.735642097681485,0.09268073043038266
4757,185.60000000000002,124,1.0,0.0,50.343142030099706,0.09263439006516748
4758,184.90000000000006,101,1.0,0.0,32.087641531288035,0.0925880728701349
4759,190.9000000000001,121,1.0,0.0,60.65366504015016,0.09254177883369984
4760,188.10000000000008,109,1.0,0.0,70.47666913653732,0.09249550794428299
4761,184.80000000000004,112,1.0,0.0,62.1706869751215,0.09244926019031086
4762,191.60000000000014,124,1.0,0.0,42.31019898636207,0.0924030355602157
4763,185.70000000000007,113,1.0,0.0,45.43273005060917,0.0923568340424356
4764,191.0000000000001,110,1.0,0.0,16.684507791968908,0.09231065562541438
4765,184.50000000000006,105,1.0,0.0,61.07721673973969,0.09226450029760168
4766,185.80000000000007,102,1.0,0.0,46.7223351253014,0.09221836804745288
4767,188.9000000000001,121,1.0,0.0,71.38684331040737,0.09217225886342917
4768,185.80000000000007,102,1.0,0.0,37.867812547759684,0.09212617273399745
4769,191.0000000000001,110,1.0,0.0,43.421787695451215,0.09208010964763046
4770,189.20000000000007,108,1.0,0.0,52.02838332716514,0.09203406959280665
4771,189.70000000000007,113,1.0,0.0,65.87383304041835,0.09198805255801025
4772,-87.79999999999998,18,0.0,1.0,19.715193059709335,0.09194205853173125
4773,191.60000000000016,124,1.0,0.0,47.08400110816282,0.09189608750246539
4774,184.30000000000007,107,1.0,0.0,81.8687686053949,0.09185013945871416
4775,196.20000000000013,118,1.0,0.0,62.667377267222285,0.09180421438898481
4776,186.00000000000009,100,1.0,0.0,24.676158487051726,0.09175831228179032
4777,186.10000000000008,109,1.0,0.0,78.98278259041659,0.09171243312564943
4778,186.80000000000007,112,1.0,0.0,62.20689238128917,0.09166657690908661
4779,184.10000000000005,109,1.0,0.0,55.69643217899384,0.09162074362063208
4780,190.2000000000001,118,1.0,0.0,20.54945434617289,0.09157493324882177
4781,186.30000000000007,107,1.0,0.0,50.58597411939474,0.09152914578219735
4782,-30.600000000000023,86,0.0,1.0,15.870227448988793,0.09148338120930626
4783,184.10000000000008,109,1.0,0.0,30.80314749117018,0.09143763951870161
4784,-34.40000000000008,84,0.0,1.0,61.72952473553873,0.09139192069894227
4785,185.2000000000001,108,1.0,0.0,24.179554606063498,0.0913462247385928
4786,185.9000000000001,111,1.0,0.0,66.49286632535157,0.09130055162622351
4787,191.60000000000016,124,1.0,0.0,64.25226088943741,0.09125490135041041
4788,185.00000000000009,110,1.0,0.0,46.48488527556712,0.09120927389973521
4789,189.0000000000001,110,1.0,0.0,47.807181270826945,0.09116366926278535
4790,191.0000000000001,110,1.0,0.0,65.1035981786522,0.09111808742815397
4791,193.10000000000014,119,1.0,0.0,28.02858851837511,0.0910725283844399
4792,183.80000000000007,102,1.0,0.0,58.979116922792265,0.09102699212024769
4793,183.60000000000008,104,1.0,0.0,24.056074933936962,0.09098147862418757
4794,191.10000000000008,119,1.0,0.0,26.338675649100992,0.09093598788487547
4795,185.20000000000005,108,1.0,0.0,26.069692103123224,0.09089051989093304
4796,183.80000000000004,102,1.0,0.0,35.22023097257696,0.09084507463098758
4797,182.60000000000002,94,1.0,0.0,46.79128547948092,0.09079965209367209
4798,183.20000000000005,108,1.0,0.0,71.17170585926485,0.09075425226762526
4799,188.50000000000009,105,1.0,0.0,54.73857964036011,0.09070887514149145
4800,193.10000000000014,119,1.0,0.0,74.4695821795143,0.09066352070392071
4801,-46.200000000000045,62,0.0,1.0,30.793425654451692,0.09061818894356875
4802,-32.50000000000006,75,0.0,1.0,40.878351425131164,0.09057287984909697
4803,181.3,97,1.0,0.0,35.86245519783079,0.09052759340917242
4804,186.9000000000001,101,1.0,0.0,71.88711699666364,0.09048232961246784
4805,179.40000000000003,106,1.0,0.0,49.13669678414205,0.09043708844766161
4806,182.60000000000008,114,1.0,0.0,63.44582170470242,0.09039186990343778
4807,189.3000000000001,117,1.0,0.0,31.95067184934249,0.09034667396848607
4808,188.80000000000007,112,1.0,0.0,69.77618141392512,0.09030150063150183
4809,-84.89999999999999,19,0.0,1.0,29.029088765382767,0.09025634988118608
4810,-70.00000000000001,40,0.0,1.0,71.01851319000124,0.0902112217062455
4811,64.00000000000036,200,0.0,0.0,47.392579369694,0.09016611609539238
4812,184.00000000000006,100,1.0,0.0,66.20131453461946,0.09012103303734469
4813,187.50000000000009,115,1.0,0.0,53.93363824279412,0.09007597252082603
4814,185.60000000000005,104,1.0,0.0,38.33028014462728,0.09003093453456562
4815,191.80000000000018,122,1.0,0.0,38.239593534806716,0.08998591906729834
4816,182.8000000000001,112,1.0,0.0,70.39295834396034,0.0899409261077647
4817,-47.100000000000044,61,0.0,1.0,53.68157099932432,0.08989595564471083
4818,182.50000000000006,105,1.0,0.0,48.86763317400501,0.08985100766688847
4819,191.0000000000001,110,1.0,0.0,60.55294861238111,0.08980608216305504
4820,187.60000000000008,104,1.0,0.0,55.08102047858903,0.08976117912197351
4821,190.80000000000013,112,1.0,0.0,52.03815625514835,0.08971629853241253
4822,184.50000000000006,105,1.0,0.0,39.92728037841263,0.08967144038314633
4823,187.5000000000001,115,1.0,0.0,41.899178240351056,0.08962660466295476
4824,185.80000000000007,102,1.0,0.0,41.13115058795494,0.08958179136062329
4825,185.70000000000005,113,1.0,0.0,68.31151034834637,0.08953700046494298
4826,189.2000000000001,108,1.0,0.0,37.49149984466257,0.08949223196471051
4827,192.2000000000001,118,1.0,0.0,66.23286870311378,0.08944748584872816
4828,187.60000000000008,104,1.0,0.0,35.4634759754229,0.0894027621058038
4829,185.00000000000006,110,1.0,0.0,51.427854304151104,0.08935806072475092
4830,183.70000000000005,113,1.0,0.0,62.85355391656667,0.08931338169438854
4831,182.60000000000008,114,1.0,0.0,47.86182337293499,0.08926872500354135
4832,186.80000000000007,112,1.0,0.0,46.24107833432832,0.08922409064103959
4833,191.90000000000012,111,1.0,0.0,43.29126383082287,0.08917947859571908
4834,186.80000000000007,112,1.0,0.0,49.05011359721954,0.08913488885642122
4835,74.0000000000006,200,0.0,0.0,53.0694470911473,0.08909032141199301
4836,189.2000000000001,108,1.0,0.0,43.01504335924983,0.08904577625128701
4837,192.80000000000013,112,1.0,0.0,48.63747759981613,0.08900125336316138
4838,193.2000000000001,108,1.0,0.0,66.18494899646828,0.08895675273647981
4839,181.30000000000007,97,1.0,0.0,50.24232562377895,0.08891227436011158
4840,-43.20000000000005,72,0.0,1.0,22.650620960526997,0.08886781822293152
4841,-70.00000000000003,40,0.0,1.0,15.945867777615785,0.08882338431382006
4842,188.60000000000008,114,1.0,0.0,34.24485203362348,0.08877897262166315
4843,-73.2,32,0.0,1.0,20.39896427327767,0.08873458313535232
4844,189.00000000000006,110,1.0,0.0,52.86167792298577,0.08869021584378464
4845,-70.30000000000001,33,0.0,1.0,44.339351363254316,0.08864587073586276
4846,186.10000000000008,109,1.0,0.0,72.93197231302294,0.08860154780049484
4847,191.50000000000009,115,1.0,0.0,52.85774399702964,0.0885572470265946
4848,189.2000000000001,108,1.0,0.0,44.88009936362505,0.0885129684030813
4849,182.00000000000006,100,1.0,0.0,32.210814489275215,0.08846871191887977
4850,184.9000000000001,101,1.0,0.0,44.51614666191658,0.08842447756292034
4851,186.90000000000006,101,1.0,0.0,64.49650419673117,0.08838026532413888
4852,190.10000000000008,109,1.0,0.0,41.73235245240391,0.08833607519147682
4853,179.80000000000004,102,1.0,0.0,38.34692734348423,0.08829190715388109
4854,194.0000000000001,120,1.0,0.0,67.22739950815837,0.08824776120030416
4855,193.50000000000017,115,1.0,0.0,29.898843180744546,0.08820363731970401
4856,190.30000000000007,107,1.0,0.0,68.93424468027932,0.08815953550104416
4857,187.80000000000007,102,1.0,0.0,37.50449584541368,0.08811545573329364
4858,186.60000000000014,114,1.0,0.0,56.46959784470106,0.088071398005427
4859,182.80000000000004,92,1.0,0.0,34.422593020793535,0.08802736230642429
4860,186.90000000000006,101,1.0,0.0,29.329078932799916,0.08798334862527107
4861,190.3000000000001,107,1.0,0.0,52.66375173502993,0.08793935695095845
4862,193.70000000000016,113,1.0,0.0,37.65817218583769,0.08789538727248297
4863,193.30000000000013,117,1.0,0.0,47.47758221002216,0.08785143957884674
4864,184.50000000000009,105,1.0,0.0,21.27315580177875,0.08780751385905732
4865,192.8000000000001,112,1.0,0.0,49.17327512348337,0.0877636101021278
4866,189.60000000000008,104,1.0,0.0,54.82230815377373,0.08771972829707674
4867,179.5,115,1.0,0.0,25.606145422354988,0.0876758684329282
4868,182.40000000000006,96,1.0,0.0,55.17492777000492,0.08763203049871174
4869,185.80000000000007,102,1.0,0.0,42.3833210729793,0.08758821448346239
4870,187.60000000000008,104,1.0,0.0,56.741561175252386,0.08754442037622066
4871,188.10000000000008,109,1.0,0.0,75.68306609154294,0.08750064816603256
4872,189.60000000000008,104,1.0,0.0,33.71467745103515,0.08745689784194956
4873,189.20000000000007,108,1.0,0.0,43.77911002547653,0.08741316939302858
4874,187.7000000000001,113,1.0,0.0,35.855982443532056,0.08736946280833208
4875,186.80000000000007,112,1.0,0.0,24.42314900650776,0.08732577807692792
4876,183.30000000000007,97,1.0,0.0,67.11788614209472,0.08728211518788946
4877,-45.10000000000007,81,0.0,1.0,30.535476422052323,0.08723847413029552
4878,187.70000000000007,113,1.0,0.0,53.853774813160435,0.08719485489323038
4879,192.5000000000001,105,1.0,0.0,46.440798925643875,0.08715125746578377
4880,177.30000000000004,97,1.0,0.0,43.05684613689934,0.08710768183705088
4881,-34.3000000000001,93,0.0,1.0,51.01024234863699,0.08706412799613236
4882,186.70000000000007,103,1.0,0.0,45.03958903202444,0.0870205959321343
4883,182.90000000000003,101,1.0,0.0,74.30293054996741,0.08697708563416824
4884,182.40000000000006,96,1.0,0.0,19.898118280495208,0.08693359709135116
4885,183.70000000000007,113,1.0,0.0,18.537615356455863,0.0868901302928055
4886,193.70000000000013,113,1.0,0.0,39.43225337914397,0.0868466852276591
4887,182.00000000000003,100,1.0,0.0,49.07776723563671,0.08680326188504528
4888,185.90000000000003,111,1.0,0.0,29.244674137650847,0.08675986025410276
4889,184.90000000000003,101,1.0,0.0,43.70278130781533,0.08671648032397572
4890,186.40000000000006,96,1.0,0.0,40.12847839117361,0.08667312208381374
4891,184.30000000000007,107,1.0,0.0,39.257494528856235,0.08662978552277184
4892,189.00000000000009,110,1.0,0.0,71.04512282162905,0.08658647063001046
4893,188.10000000000008,109,1.0,0.0,20.584368796113434,0.08654317739469546
4894,191.7000000000001,113,1.0,0.0,46.94161044219426,0.08649990580599812
4895,181.60000000000005,104,1.0,0.0,37.975659148051186,0.08645665585309513
4896,181.40000000000003,106,1.0,0.0,63.89725440002556,0.08641342752516859
4897,188.20000000000007,98,1.0,0.0,60.664878480592556,0.08637022081140601
4898,-56.70000000000004,57,0.0,1.0,47.0294677179895,0.08632703570100031
4899,-45.70000000000005,67,0.0,1.0,11.825899378132464,0.08628387218314981
4900,191.90000000000015,111,1.0,0.0,64.25768551539194,0.08624073024705824
4901,180.40000000000003,96,1.0,0.0,77.610211038962,0.08619760988193471
4902,193.1000000000001,119,1.0,0.0,48.90963951554619,0.08615451107699375
4903,186.20000000000016,118,1.0,0.0,35.86430736694295,0.08611143382145525
4904,-81.5,25,0.0,1.0,73.69892210036517,0.08606837810454453
4905,178.50000000000003,105,1.0,0.0,30.213485905669984,0.08602534391549226
4906,-59.00000000000002,50,0.0,1.0,6.224548896551132,0.08598233124353452
4907,187.4000000000001,106,1.0,0.0,45.9030118003347,0.08593934007791276
4908,191.2000000000001,108,1.0,0.0,56.770718181574786,0.08589637040787382
4909,186.5000000000001,105,1.0,0.0,54.20710212630885,0.08585342222266988
4910,186.40000000000006,96,1.0,0.0,67.69999615692844,0.08581049551155855
4911,191.0000000000001,110,1.0,0.0,42.79936828355898,0.08576759026380278
4912,190.80000000000013,112,1.0,0.0,30.37921397002148,0.08572470646867088
4913,191.90000000000012,111,1.0,0.0,57.13606081063951,0.08568184411543654
4914,-27.40000000000002,94,0.0,1.0,64.28918609308435,0.08563900319337883
4915,191.50000000000014,115,1.0,0.0,39.70530122557412,0.08559618369178215
4916,195.5000000000001,115,1.0,0.0,62.28577253637106,0.08555338559993626
4917,-42.0000000000001,100,0.0,1.0,90.82380886554718,0.0855106089071363
4918,186.30000000000007,107,1.0,0.0,40.48927620554639,0.08546785360268273
4919,183.20000000000005,108,1.0,0.0,56.295504466527035,0.0854251196758814
4920,-70.00000000000001,40,0.0,1.0,29.963266586512326,0.08538240711604346
4921,190.10000000000014,109,1.0,0.0,32.26220732462515,0.08533971591248544
4922,187.80000000000007,102,1.0,0.0,59.74988883543833,0.0852970460545292
4923,187.40000000000006,106,1.0,0.0,55.35934324998338,0.08525439753150194
4924,189.7000000000001,113,1.0,0.0,66.30578543582058,0.08521177033273619
4925,185.10000000000005,99,1.0,0.0,48.748838087223994,0.08516916444756983
4926,182.90000000000003,101,1.0,0.0,35.901267297639706,0.08512657986534605
4927,187.60000000000008,104,1.0,0.0,57.49079294817952,0.08508401657541338
4928,185.7000000000001,113,1.0,0.0,34.048514760041655,0.08504147456712569
4929,189.0000000000001,110,1.0,0.0,38.318735262074256,0.08499895382984213
4930,189.60000000000008,104,1.0,0.0,46.25045025320007,0.08495645435292722
4931,184.90000000000006,121,1.0,0.0,63.54467204404025,0.08491397612575076
4932,198.50000000000017,125,1.0,0.0,52.08946986508369,0.0848715191376879
4933,181.9000000000001,111,1.0,0.0,70.82010115683079,0.08482908337811905
4934,190.60000000000014,114,1.0,0.0,49.2208030481349,0.08478666883642999
4935,189.2000000000001,108,1.0,0.0,58.03079619120668,0.08474427550201177
4936,187.00000000000006,110,1.0,0.0,15.362835516035556,0.08470190336426077
4937,188.00000000000009,100,1.0,0.0,55.15468499988317,0.08465955241257864
4938,178.7,103,1.0,0.0,84.97654083016717,0.08461722263637235
4939,188.5000000000001,105,1.0,0.0,42.93781592576277,0.08457491402505417
4940,-42.90000000000008,79,0.0,1.0,58.61335716707797,0.08453262656804164
4941,185.10000000000008,99,1.0,0.0,46.11772205101119,0.08449036025475762
4942,-43.900000000000055,69,0.0,1.0,32.70258775277846,0.08444811507463025
4943,-49.900000000000055,69,0.0,1.0,28.487368843801644,0.08440589101709293
4944,-20.399999999999963,104,0.0,1.0,63.85815603529605,0.0843636880715844
4945,191.40000000000012,106,1.0,0.0,39.85434741569015,0.08432150622754861
4946,193.50000000000014,115,1.0,0.0,59.84164257036603,0.08427934547443484
4947,-85.6,16,0.0,1.0,147.95340472925454,0.08423720580169763
4948,-43.50000000000006,65,0.0,1.0,51.01524878533987,0.08419508719879679
4949,-51.80000000000005,58,0.0,1.0,81.8970711183702,0.0841529896551974
4950,183.00000000000006,110,1.0,0.0,66.18091453246095,0.0841109131603698
4951,191.70000000000013,113,1.0,0.0,71.62706432155275,0.08406885770378962
4952,182.80000000000013,112,1.0,0.0,59.191432560661006,0.08402682327493773
4953,186.50000000000006,105,1.0,0.0,30.755538601534706,0.08398480986330026
4954,194.7000000000001,123,1.0,0.0,60.7626344903819,0.08394281745836861
4955,189.60000000000008,104,1.0,0.0,68.37030751874241,0.08390084604963943
4956,-43.70000000000006,67,0.0,1.0,54.64027612211544,0.08385889562661462
4957,188.60000000000014,114,1.0,0.0,75.81079067806141,0.08381696617880133
4958,-32.10000000000005,91,0.0,1.0,36.538614793629435,0.08377505769571193
4959,190.30000000000013,107,1.0,0.0,57.86236515320907,0.08373317016686409
4960,-36.30000000000007,73,0.0,1.0,59.02532103494422,0.08369130358178066
4961,189.9000000000001,111,1.0,0.0,47.86168512661715,0.08364945792998978
4962,192.5000000000001,105,1.0,0.0,92.76075614690781,0.08360763320102478
4963,-59.50000000000003,45,0.0,1.0,17.160868282947277,0.08356582938442428
4964,195.2000000000001,108,1.0,0.0,29.644067672460718,0.08352404646973208
4965,191.4000000000001,106,1.0,0.0,72.28229159580648,0.08348228444649722
4966,189.4000000000001,106,1.0,0.0,62.621718097197,0.08344054330427397
4967,-67.30000000000001,43,0.0,1.0,66.98035262802313,0.08339882303262185
4968,184.30000000000007,107,1.0,0.0,51.0496414260608,0.08335712362110555
4969,-82.39999999999999,24,0.0,1.0,59.048634502726294,0.083315445059295
4970,192.7000000000001,103,1.0,0.0,23.184596245800986,0.08327378733676535
4971,186.70000000000005,103,1.0,0.0,58.67641090970595,0.08323215044309698
4972,191.0000000000001,110,1.0,0.0,56.46906676353379,0.08319053436787543
4973,-36.10000000000009,91,0.0,1.0,46.63811035306899,0.0831489391006915
4974,193.70000000000013,113,1.0,0.0,60.98884512728031,0.08310736463114116
4975,-46.200000000000045,62,0.0,1.0,82.42435667255232,0.08306581094882559
4976,188.00000000000009,100,1.0,0.0,75.6116462096572,0.08302427804335118
4977,181.2000000000001,108,1.0,0.0,105.91714426592269,0.0829827659043295
4978,187.80000000000007,102,1.0,0.0,58.508471801292664,0.08294127452137734
4979,192.30000000000013,107,1.0,0.0,46.82179461934856,0.08289980388411665
4980,189.60000000000008,104,1.0,0.0,79.83712961238164,0.0828583539821746
4981,188.80000000000013,112,1.0,0.0,55.51697493730379,0.08281692480518352
4982,184.60000000000005,94,1.0,0.0,58.18915923003187,0.08277551634278094
4983,194.30000000000013,127,1.0,0.0,78.4157372801088,0.08273412858460955
4984,-34.40000000000008,84,0.0,1.0,37.01618301753132,0.08269276152031725
4985,186.30000000000007,107,1.0,0.0,63.27290361966485,0.0826514151395571
4986,-65.30000000000001,43,0.0,1.0,31.03555751886479,0.08261008943198732
4987,-49.80000000000007,78,0.0,1.0,69.26279066904233,0.08256878438727133
4988,192.10000000000008,129,1.0,0.0,58.17217261355746,0.0825274999950777
4989,188.2000000000001,118,1.0,0.0,28.380262419391993,0.08248623624508017
4990,190.2000000000001,118,1.0,0.0,90.34273695920484,0.08244499312695763
4991,185.4000000000001,106,1.0,0.0,83.49564728717196,0.08240377063039415
4992,195.70000000000016,113,1.0,0.0,50.295482111913444,0.08236256874507897
4993,184.10000000000008,109,1.0,0.0,50.140214241767694,0.08232138746070643
4994,180.90000000000003,101,1.0,0.0,17.99026557021212,0.08228022676697608
4995,183.80000000000007,102,1.0,0.0,39.82276069949947,0.0822390866535926
4996,188.3000000000001,107,1.0,0.0,67.21718684256633,0.08219796711026581
4997,-48.80000000000005,68,0.0,1.0,61.29183481436442,0.08215686812671068
4998,188.30000000000007,107,1.0,0.0,58.25136074855506,0.08211578969264732
4999,185.90000000000006,111,1.0,0.0,72.50901066485021,0.082074731797801
5000,185.80000000000007,102,1.0,0.0,44.5666184547339,0.0820336944319021
5001,192.10000000000008,109,1.0,0.0,81.95712488383874,0.08199267758468616
5002,184.50000000000006,105,1.0,0.0,53.693629358141195,0.08195168124589382
5003,187.4000000000001,106,1.0,0.0,30.360816803602678,0.08191070540527087
5004,185.10000000000008,99,1.0,0.0,55.5798142456045,0.08186975005256825
5005,182.60000000000005,94,1.0,0.0,54.5675647926933,0.08182881517754197
5006,187.4000000000001,106,1.0,0.0,53.01988554907576,0.0817879007699532
5007,189.10000000000014,119,1.0,0.0,75.43122522326327,0.08174700681956823
5008,186.00000000000006,100,1.0,0.0,39.133395898938176,0.08170613331615845
5009,181.50000000000006,95,1.0,0.0,47.9873822278098,0.08166528024950037
5010,194.0000000000001,120,1.0,0.0,37.98144537185629,0.08162444760937562
5011,185.50000000000006,115,1.0,0.0,52.49605406989222,0.08158363538557094
5012,186.30000000000007,107,1.0,0.0,50.52765745558193,0.08154284356787815
5013,188.00000000000006,140,1.0,0.0,66.49705894419125,0.08150207214609421
5014,180.70000000000002,103,1.0,0.0,77.45460541727184,0.08146132111002118
5015,-69.20000000000006,72,0.0,1.0,30.902001099350553,0.08142059044946617
5016,188.60000000000014,114,1.0,0.0,42.70633690399036,0.08137988015424144
5017,180.90000000000003,101,1.0,0.0,93.79382938987548,0.08133919021416433
5018,193.2000000000001,108,1.0,0.0,20.21426066287138,0.08129852061905725
5019,186.60000000000008,114,1.0,0.0,62.29079215594551,0.08125787135874772
5020,185.60000000000005,104,1.0,0.0,62.00706904037641,0.08121724242306835
5021,178.60000000000002,94,1.0,0.0,64.97253001497147,0.08117663380185683
5022,184.70000000000005,103,1.0,0.0,25.600050021577808,0.0811360454849559
5023,-69.10000000000002,41,0.0,1.0,88.96818378785761,0.08109547746221342
5024,194.30000000000013,107,1.0,0.0,73.07656313075084,0.08105492972348231
5025,188.5000000000001,105,1.0,0.0,41.71579494859491,0.08101440225862058
5026,192.5000000000001,125,1.0,0.0,64.95567008596659,0.08097389505749128
5027,-46.30000000000007,73,0.0,1.0,63.266946977540236,0.08093340810996254
5028,188.3000000000001,107,1.0,0.0,60.4617603030578,0.08089294140590757
5029,192.80000000000013,112,1.0,0.0,48.73994930354612,0.08085249493520462
5030,188.3000000000001,107,1.0,0.0,53.66330943987748,0.08081206868773702
5031,-45.70000000000005,67,0.0,1.0,45.933354840016186,0.08077166265339315
5032,191.4000000000001,106,1.0,0.0,74.6096742016808,0.08073127682206646
5033,186.70000000000007,103,1.0,0.0,68.01612033195866,0.08069091118365543
5034,190.00000000000009,100,1.0,0.0,69.1371257237345,0.0806505657280636
5035,191.4000000000001,106,1.0,0.0,59.523766347541,0.08061024044519957
5036,-52.90000000000005,59,0.0,1.0,53.86386974054878,0.08056993532497697
5037,185.60000000000005,104,1.0,0.0,83.14647824116625,0.08052965035731449
5038,184.10000000000008,109,1.0,0.0,56.361222937566424,0.08048938553213583
5039,194.5000000000001,105,1.0,0.0,44.872476826750095,0.08044914083936977
5040,188.00000000000009,100,1.0,0.0,36.40785494089127,0.0804089162689501
5041,188.6000000000001,114,1.0,0.0,54.99544729083254,0.08036871181081562
5042,-30.600000000000023,86,0.0,1.0,42.18374883868667,0.08032852745491022
5043,180.20000000000005,98,1.0,0.0,57.4425930680365,0.08028836319118277
5044,182.50000000000009,105,1.0,0.0,60.588849916628426,0.08024821900958717
5045,191.50000000000009,115,1.0,0.0,50.946095421910286,0.08020809490008239
5046,185.30000000000007,117,1.0,0.0,58.378447418411575,0.08016799085263235
5047,184.70000000000005,103,1.0,0.0,62.015874328109824,0.08012790685720604
5048,182.80000000000007,112,1.0,0.0,71.32054550959063,0.08008784290377745
5049,185.10000000000008,99,1.0,0.0,37.114634059821114,0.08004779898232556
5050,187.60000000000008,104,1.0,0.0,82.75999608105765,0.0800077750828344
5051,183.00000000000006,110,1.0,0.0,39.263963429900734,0.07996777119529298
5052,185.2000000000001,108,1.0,0.0,86.38579060496004,0.07992778730969534
5053,186.90000000000006,101,1.0,0.0,59.93435504929264,0.07988782341604049
5054,198.00000000000017,120,1.0,0.0,79.30031057968736,0.07984787950433248
5055,185.20000000000007,108,1.0,0.0,68.3526031691581,0.07980795556458031
5056,191.90000000000012,111,1.0,0.0,58.68807325096012,0.07976805158679803
5057,184.70000000000007,103,1.0,0.0,58.376093779735776,0.07972816756100463
5058,-51.30000000000005,63,0.0,1.0,22.72874138149477,0.07968830347722414
5059,187.3000000000001,117,1.0,0.0,69.06163445949299,0.07964845932548553
5060,191.7000000000001,113,1.0,0.0,55.887442893752485,0.07960863509582279
5061,187.60000000000008,104,1.0,0.0,38.04288232448296,0.07956883077827488
5062,186.8000000000001,112,1.0,0.0,43.19193584777947,0.07952904636288576
5063,187.9000000000001,111,1.0,0.0,40.59423045854311,0.07948928183970431
5064,182.90000000000003,101,1.0,0.0,52.01995814554762,0.07944953719878446
5065,195.10000000000014,119,1.0,0.0,77.41740912649811,0.07940981243018508
5066,186.30000000000007,107,1.0,0.0,46.285417520832794,0.07937010752396999
5067,179.40000000000003,106,1.0,0.0,74.12680331385641,0.07933042247020801
5068,182.10000000000005,109,1.0,0.0,37.9607975644256,0.07929075725897292
5069,185.40000000000003,106,1.0,0.0,53.71848614612278,0.07925111188034344
5070,-90.3,13,0.0,1.0,0.5989812520834116,0.07921148632440327
5071,178.4,96,1.0,0.0,54.981362832632534,0.07917188058124107
5072,186.00000000000006,100,1.0,0.0,39.64131010018289,0.07913229464095045
5073,184.50000000000006,105,1.0,0.0,30.272900456899688,0.07909272849362999
5074,-66.90000000000002,39,0.0,1.0,47.94304629931083,0.07905318212938317
5075,184.50000000000009,105,1.0,0.0,53.414792109600135,0.07901365553831849
5076,191.70000000000016,113,1.0,0.0,38.66118375759209,0.07897414871054934
5077,-51.100000000000044,61,0.0,1.0,65.61477219740875,0.07893466163619406
5078,184.10000000000002,109,1.0,0.0,22.752413824474047,0.07889519430537596
5079,185.8000000000001,102,1.0,0.0,110.00153529848538,0.07885574670822328
5080,188.5000000000001,105,1.0,0.0,25.38722522684506,0.07881631883486917
5081,185.60000000000008,104,1.0,0.0,88.15860771660049,0.07877691067545174
5082,189.60000000000008,104,1.0,0.0,60.67618269659579,0.07873752222011401
5083,190.5000000000001,105,1.0,0.0,28.660768398713497,0.07869815345900397
5084,189.5000000000001,115,1.0,0.0,73.53252329129887,0.07865880438227447
5085,182.90000000000003,101,1.0,0.0,59.655122537128996,0.07861947498008334
5086,189.00000000000014,110,1.0,0.0,43.479033228958194,0.0785801652425933
5087,189.20000000000007,108,1.0,0.0,36.26388646379389,0.078540875159972
5088,186.6000000000001,114,1.0,0.0,46.3798205277376,0.07850160472239202
5089,185.30000000000013,117,1.0,0.0,42.604143529429905,0.07846235392003083
5090,-79.20000000000002,32,0.0,1.0,0.6106186485849321,0.07842312274307081
5091,182.60000000000005,114,1.0,0.0,75.56541358235113,0.07838391118169928
5092,182.00000000000006,100,1.0,0.0,67.55256335064769,0.07834471922610843
5093,195.40000000000012,106,1.0,0.0,63.861825680676496,0.07830554686649538
5094,-69.10000000000004,61,0.0,1.0,52.73447581478318,0.07826639409306213
5095,-40.50000000000007,75,0.0,1.0,55.30417064875364,0.0782272608960156
5096,187.50000000000006,115,1.0,0.0,41.60926121777814,0.0781881472655676
5097,-39.00000000000006,70,0.0,1.0,33.818658413631574,0.07814905319193481
5098,185.2000000000001,108,1.0,0.0,44.57422845969322,0.07810997866533885
5099,191.5000000000001,115,1.0,0.0,58.96696387814439,0.07807092367600618
5100,191.7000000000001,113,1.0,0.0,45.62193747537326,0.07803188821416818
5101,198.20000000000016,118,1.0,0.0,63.77347223833203,0.0779928722700611
5102,181.10000000000002,99,1.0,0.0,50.24742999687941,0.07795387583392607
5103,186.80000000000007,112,1.0,0.0,52.71133376006037,0.07791489889600911
5104,187.8000000000001,102,1.0,0.0,32.7552914006599,0.07787594144656111
5105,186.50000000000006,105,1.0,0.0,56.89250682478859,0.07783700347583783
5106,184.9000000000001,101,1.0,0.0,54.19843172901633,0.07779808497409992
5107,187.00000000000006,110,1.0,0.0,38.69917085963217,0.07775918593161286
5108,186.80000000000007,112,1.0,0.0,59.916183984971475,0.07772030633864706
5109,184.00000000000006,100,1.0,0.0,57.76273639254272,0.07768144618547773
5110,184.20000000000005,98,1.0,0.0,52.6910918406686,0.077642605462385
5111,182.60000000000002,94,1.0,0.0,44.12305269540941,0.07760378415965381
5112,191.10000000000014,119,1.0,0.0,49.14157678556292,0.077564982267574
5113,190.30000000000013,107,1.0,0.0,53.660877904671935,0.07752619977644021
5114,185.30000000000007,117,1.0,0.0,59.05647037031814,0.07748743667655199
5115,188.0000000000001,120,1.0,0.0,56.144139897078276,0.07744869295821372
5116,188.50000000000006,105,1.0,0.0,41.95096652436824,0.07740996861173462
5117,185.50000000000006,95,1.0,0.0,17.237363264748925,0.07737126362742876
5118,184.90000000000006,101,1.0,0.0,67.99616210406074,0.07733257799561505
5119,191.2000000000001,108,1.0,0.0,42.380320562256706,0.07729391170661724
5120,184.00000000000006,100,1.0,0.0,53.5069942047447,0.07725526475076394
5121,-71.60000000000002,36,0.0,1.0,49.9719286173996,0.07721663711838857
5122,-66.90000000000002,39,0.0,1.0,33.65550749500593,0.07717802879982938
5123,192.10000000000014,109,1.0,0.0,53.4898938554416,0.07713943978542946
5124,-71.20000000000002,32,0.0,1.0,61.589285533642396,0.07710087006553674
5125,-77.19999999999999,32,0.0,1.0,62.03098024916835,0.07706231963050399
5126,183.80000000000007,102,1.0,0.0,37.65800748867731,0.07702378847068873
5127,183.60000000000005,104,1.0,0.0,33.32835449543423,0.07698527657645339
5128,187.70000000000016,113,1.0,0.0,32.23778060329171,0.07694678393816516
5129,184.70000000000007,103,1.0,0.0,57.00031648315851,0.07690831054619608
5130,188.70000000000007,103,1.0,0.0,33.204227832625214,0.07686985639092299
5131,185.90000000000006,111,1.0,0.0,59.819248767116584,0.07683142146272753
5132,185.90000000000006,111,1.0,0.0,59.90552437976674,0.07679300575199617
5133,-63.00000000000002,50,0.0,1.0,13.171627924740314,0.07675460924912018
5134,189.00000000000009,110,1.0,0.0,80.2681973866441,0.07671623194449563
5135,188.5000000000001,125,1.0,0.0,74.04172019988299,0.07667787382852338
5136,190.60000000000008,114,1.0,0.0,45.36151916912773,0.07663953489160913
5137,184.70000000000007,103,1.0,0.0,47.543312457363,0.07660121512416333
5138,185.50000000000006,95,1.0,0.0,16.51517078939237,0.07656291451660126
5139,192.60000000000014,114,1.0,0.0,40.747834799647855,0.07652463305934296
5140,182.50000000000006,105,1.0,0.0,65.28903976565316,0.0764863707428133
5141,-78.6,26,0.0,1.0,8.41546217065591,0.07644812755744189
5142,188.10000000000014,109,1.0,0.0,59.429508445117996,0.07640990349366317
5143,189.00000000000009,110,1.0,0.0,47.248070039396936,0.07637169854191633
5144,-30.999999999999446,190,0.0,1.0,49.41983849492512,0.07633351269264538
5145,-42.90000000000007,79,0.0,1.0,50.43827439033532,0.07629534593629905
5146,188.1000000000001,109,1.0,0.0,67.32153037805622,0.07625719826333091
5147,187.40000000000006,106,1.0,0.0,48.21699492085092,0.07621906966419925
5148,189.60000000000008,104,1.0,0.0,56.33421049618091,0.07618096012936716
5149,186.00000000000006,100,1.0,0.0,40.36776815682649,0.07614286964930249
5150,191.2000000000001,108,1.0,0.0,39.06293353879893,0.07610479821447784
5151,187.80000000000007,102,1.0,0.0,61.976298295691905,0.07606674581537061
5152,190.1000000000001,109,1.0,0.0,61.84599409737718,0.07602871244246293
5153,188.60000000000008,114,1.0,0.0,38.33963789993472,0.0759906980862417
5154,189.60000000000008,124,1.0,0.0,82.55372668910891,0.07595270273719859
5155,182.20000000000005,98,1.0,0.0,86.23616507497368,0.07591472638583
5156,189.80000000000007,102,1.0,0.0,38.636916063652905,0.07587676902263708
5157,183.80000000000004,102,1.0,0.0,76.77788819547962,0.07583883063812577
5158,190.0000000000001,120,1.0,0.0,81.9580526581655,0.07580091122280672
5159,-49.600000000000044,56,0.0,1.0,36.7149341216843,0.07576301076719531
5160,189.20000000000013,108,1.0,0.0,38.533299092893245,0.07572512926181171
5161,181.50000000000006,95,1.0,0.0,53.04707422021188,0.07568726669718082
5162,193.10000000000014,119,1.0,0.0,42.206155105110476,0.07564942306383222
5163,185.2000000000001,108,1.0,0.0,63.07276068717517,0.07561159835230032
5164,190.4000000000001,116,1.0,0.0,58.04265876563972,0.07557379255312417
5165,190.60000000000008,114,1.0,0.0,51.67664378456641,0.07553600565684761
5166,189.2000000000001,108,1.0,0.0,63.25366406529038,0.07549823765401918
5167,187.00000000000006,110,1.0,0.0,45.43979200084101,0.07546048853519217
5168,188.7000000000001,123,1.0,0.0,54.13605900411683,0.07542275829092458
5169,183.10000000000005,99,1.0,0.0,60.880128443542155,0.07538504691177912
5170,187.90000000000006,111,1.0,0.0,49.24516878538841,0.07534735438832324
5171,189.10000000000014,119,1.0,0.0,49.00702374898085,0.07530968071112908
5172,182.00000000000006,100,1.0,0.0,17.42520168617368,0.07527202587077352
5173,189.4000000000001,106,1.0,0.0,63.772673977995815,0.07523438985783813
5174,-67.80000000000001,38,0.0,1.0,92.92387105053977,0.07519677266290922
5175,187.60000000000008,104,1.0,0.0,47.15593221575882,0.07515917427657777
5176,188.10000000000008,109,1.0,0.0,40.67589294773723,0.07512159468943949
5177,183.20000000000005,108,1.0,0.0,36.70787756310569,0.07508403389209478
5178,-33.60000000000005,76,0.0,1.0,45.54711808332879,0.07504649187514874
5179,192.80000000000013,112,1.0,0.0,50.4784822267081,0.07500896862921116
5180,182.70000000000005,103,1.0,0.0,82.94487423854835,0.07497146414489657
5181,195.50000000000014,115,1.0,0.0,40.77848757311054,0.07493397841282412
5182,183.30000000000004,97,1.0,0.0,46.92445331197424,0.07489651142361771
5183,190.40000000000015,116,1.0,0.0,40.0808783629588,0.0748590631679059
5184,186.9000000000001,101,1.0,0.0,55.97569752093589,0.07482163363632195
5185,192.30000000000013,107,1.0,0.0,52.47186937092621,0.0747842228195038
5186,189.10000000000008,99,1.0,0.0,31.16704684827063,0.07474683070809404
5187,191.90000000000012,111,1.0,0.0,27.915188967107653,0.07470945729274
5188,190.10000000000014,109,1.0,0.0,43.239162455936636,0.07467210256409364
5189,188.9000000000001,101,1.0,0.0,46.352069357465396,0.07463476651281159
5190,177.90000000000003,91,1.0,0.0,55.92514769438204,0.07459744912955518
5191,189.00000000000009,110,1.0,0.0,43.931955859335986,0.07456015040499041
5192,193.30000000000013,117,1.0,0.0,35.11428249646456,0.07452287032978791
5193,-68.90000000000002,39,0.0,1.0,14.69615505884091,0.07448560889462302
5194,196.80000000000013,112,1.0,0.0,32.77090038259381,0.07444836609017572
5195,-70.40000000000002,44,0.0,1.0,47.300441110337324,0.07441114190713063
5196,188.70000000000007,103,1.0,0.0,69.31893816836251,0.07437393633617707
5197,189.4000000000001,106,1.0,0.0,30.921914177964318,0.07433674936800899
5198,191.9000000000001,111,1.0,0.0,57.7988852514877,0.074299580993325
5199,181.30000000000007,97,1.0,0.0,21.14547937324981,0.07426243120282834
5200,189.8000000000001,102,1.0,0.0,32.77852305105212,0.07422529998722693
5201,183.2000000000001,108,1.0,0.0,33.09441959457817,0.07418818733723333
5202,185.80000000000007,102,1.0,0.0,39.01827160210586,0.07415109324356471
5203,193.4000000000001,106,1.0,0.0,33.40446568104737,0.07411401769694294
5204,-77.7,27,0.0,1.0,29.770754276878304,0.07407696068809447
5205,188.7000000000001,103,1.0,0.0,23.785325917370113,0.07403992220775042
5206,190.7000000000001,103,1.0,0.0,38.6180139232463,0.07400290224664655
5207,185.0000000000001,110,1.0,0.0,61.921273992617024,0.07396590079552323
5208,193.50000000000017,115,1.0,0.0,31.466295642049417,0.07392891784512548
5209,180.30000000000007,107,1.0,0.0,51.26908894600434,0.07389195338620293
5210,183.60000000000005,104,1.0,0.0,22.923809182615233,0.07385500740950983
5211,185.9000000000001,131,1.0,0.0,42.32726892385319,0.07381807990580508
5212,-54.90000000000004,59,0.0,1.0,33.394476011774294,0.07378117086585217
5213,-61.300000000000026,43,0.0,1.0,15.541480425658614,0.07374428028041925
5214,189.4000000000001,106,1.0,0.0,53.40884412607213,0.07370740814027904
5215,186.30000000000007,107,1.0,0.0,53.01351496410147,0.0736705544362089
5216,192.20000000000016,118,1.0,0.0,26.258993898407887,0.0736337191589908
5217,185.60000000000005,104,1.0,0.0,54.229637154234716,0.07359690229941132
5218,181.10000000000008,99,1.0,0.0,48.024327584213076,0.07356010384826162
5219,188.80000000000007,112,1.0,0.0,44.91911799799917,0.07352332379633748
5220,185.20000000000005,108,1.0,0.0,24.81364893823586,0.07348656213443931
5221,188.80000000000013,112,1.0,0.0,57.1244073357167,0.0734498188533721
5222,191.9000000000001,111,1.0,0.0,81.70789812800584,0.0734130939439454
5223,176.60000000000002,94,1.0,0.0,27.244369327070864,0.07337638739697344
5224,178.2,98,1.0,0.0,53.493797284151825,0.07333969920327496
5225,195.5000000000001,115,1.0,0.0,44.059188952135,0.07330302935367333
5226,177.89999999999998,111,1.0,0.0,24.653451235746747,0.0732663778389965
5227,191.90000000000015,111,1.0,0.0,45.65702826328374,0.073229744650077
5228,184.50000000000006,105,1.0,0.0,68.04221703168892,0.07319312977775197
5229,186.3000000000001,107,1.0,0.0,33.73394234387953,0.0731565332128631
5230,-66.70000000000002,37,0.0,1.0,24.767793460270845,0.07311995494625667
5231,192.60000000000008,114,1.0,0.0,13.288751866831852,0.07308339496878355
5232,186.00000000000009,100,1.0,0.0,25.444511540979146,0.07304685327129916
5233,189.2000000000001,108,1.0,0.0,60.98105640088519,0.07301032984466352
5234,183.30000000000007,117,1.0,0.0,40.51125908649375,0.07297382467974119
5235,190.80000000000007,112,1.0,0.0,43.917589964079006,0.07293733776740131
5236,189.2000000000001,108,1.0,0.0,42.67109442384982,0.07290086909851762
5237,184.30000000000013,107,1.0,0.0,79.5629384172297,0.07286441866396837
5238,-63.20000000000004,52,0.0,1.0,45.50976627878845,0.07282798645463638
5239,179.0,90,1.0,0.0,26.609887827601696,0.07279157246140906
5240,189.2000000000001,108,1.0,0.0,63.919611659314896,0.07275517667517836
5241,185.9000000000001,111,1.0,0.0,46.03242673073803,0.07271879908684077
5242,-80.39999999999999,24,0.0,1.0,45.24945504652957,0.07268243968729736
5243,-73.60000000000001,36,0.0,1.0,70.20741933232381,0.07264609846745372
5244,189.20000000000013,108,1.0,0.0,29.039255249279517,0.07260977541822
5245,192.4000000000001,116,1.0,0.0,53.69550815674251,0.0725734705305109
5246,181.8,102,1.0,0.0,41.26666405336822,0.07253718379524565
5247,180.8,112,1.0,0.0,40.88363426278478,0.07250091520334803
5248,182.00000000000003,100,1.0,0.0,36.165243957564236,0.07246466474574637
5249,-56.10000000000004,51,0.0,1.0,47.00389044308195,0.0724284324133735
5250,182.40000000000003,96,1.0,0.0,53.74802974130338,0.07239221819716682
5251,187.40000000000006,106,1.0,0.0,34.7202859082312,0.07235602208806824
5252,187.10000000000008,99,1.0,0.0,60.323895604471964,0.07231984407702421
5253,183.80000000000007,102,1.0,0.0,49.25596585234298,0.0722836841549857
5254,-59.50000000000003,45,0.0,1.0,21.318249064518344,0.07224754231290821
5255,-72.30000000000001,33,0.0,1.0,0.39799372535763367,0.07221141854175177
5256,-55.60000000000003,56,0.0,1.0,48.01497731996434,0.0721753128324809
5257,186.8000000000001,112,1.0,0.0,44.21851369425921,0.07213922517606466
5258,179.10000000000005,99,1.0,0.0,75.83165867829865,0.07210315556347664
5259,195.70000000000016,113,1.0,0.0,21.084954699188206,0.07206710398569491
5260,193.4000000000001,126,1.0,0.0,52.48144867555017,0.07203107043370206
5261,175.9,91,1.0,0.0,37.74625589059932,0.07199505489848522
5262,186.30000000000007,107,1.0,0.0,37.70229648708183,0.07195905737103599
5263,186.3000000000001,107,1.0,0.0,74.7647530829238,0.07192307784235047
5264,188.80000000000007,112,1.0,0.0,51.621213007984416,0.0718871163034293
5265,187.40000000000006,106,1.0,0.0,44.573421365036715,0.07185117274527758
5266,-39.000000000000064,70,0.0,1.0,48.40704771812473,0.07181524715890494
5267,193.0000000000001,110,1.0,0.0,44.03320083482699,0.07177933953532549
5268,182.20000000000005,98,1.0,0.0,24.488218739172634,0.07174344986555783
5269,188.00000000000006,100,1.0,0.0,25.502324488312006,0.07170757814062506
5270,192.30000000000013,107,1.0,0.0,76.67042061790963,0.07167172435155475
5271,182.00000000000006,100,1.0,0.0,61.9447242796421,0.07163588848937898
5272,188.5000000000001,105,1.0,0.0,58.4380689807591,0.07160007054513429
5273,-47.70000000000006,67,0.0,1.0,68.1276307970063,0.07156427050986172
5274,187.10000000000014,119,1.0,0.0,41.827510102957234,0.07152848837460679
5275,-38.200000000000074,82,0.0,1.0,38.82460663313182,0.07149272413041949
5276,185.10000000000005,99,1.0,0.0,23.410598165835395,0.07145697776835429
5277,181.70000000000005,93,1.0,0.0,20.831539838544785,0.07142124927947012
5278,184.9000000000001,101,1.0,0.0,43.4571194226789,0.07138553865483038
5279,185.80000000000007,102,1.0,0.0,36.69612006171077,0.07134984588550297
5280,186.20000000000007,98,1.0,0.0,42.94827716326227,0.07131417096256022
5281,188.80000000000013,112,1.0,0.0,27.873298505055054,0.07127851387707895
5282,187.7000000000001,113,1.0,0.0,34.8933838491155,0.07124287462014042
5283,189.60000000000008,104,1.0,0.0,47.97402236639307,0.07120725318283036
5284,185.40000000000006,106,1.0,0.0,55.34469928936857,0.07117164955623895
5285,190.7000000000001,103,1.0,0.0,52.488004469683446,0.07113606373146084
5286,-24.799999999999883,108,0.0,1.0,39.69134081996702,0.0711004956995951
5287,191.0000000000001,110,1.0,0.0,22.479085503857245,0.07106494545174531
5288,-38.70000000000007,77,0.0,1.0,72.69689626043493,0.07102941297901945
5289,187.00000000000006,110,1.0,0.0,32.86054028299722,0.07099389827252994
5290,184.10000000000005,109,1.0,0.0,41.13610214500799,0.07095840132339368
5291,189.70000000000013,113,1.0,0.0,53.03046187303499,0.07092292212273199
5292,-75.7,27,0.0,1.0,47.65212568971846,0.07088746066167063
5293,185.2000000000001,108,1.0,0.0,76.4123491714536,0.0708520169313398
5294,187.10000000000008,99,1.0,0.0,20.68751698777531,0.07081659092287414
5295,193.20000000000013,108,1.0,0.0,53.92252538346306,0.0707811826274127
5296,-77.0,30,0.0,1.0,42.048364746570584,0.070745792036099
5297,187.80000000000007,102,1.0,0.0,55.729376703281616,0.07071041914008096
5298,185.60000000000008,104,1.0,0.0,51.64371334926154,0.07067506393051091
5299,184.70000000000007,103,1.0,0.0,40.26967620538566,0.07063972639854567
5300,188.9000000000001,101,1.0,0.0,37.704819663621414,0.0706044065353464
5301,191.1000000000001,119,1.0,0.0,50.345106761871264,0.07056910433207873
5302,192.0000000000001,120,1.0,0.0,30.232521292380987,0.0705338197799127
5303,194.0000000000001,120,1.0,0.0,80.89963920482745,0.07049855287002275
5304,189.0000000000001,110,1.0,0.0,15.061941116980531,0.07046330359358775
5305,-38.100000000000065,71,0.0,1.0,25.538607091446156,0.07042807194179096
5306,187.90000000000015,111,1.0,0.0,42.29639651310873,0.07039285790582007
5307,-83.49999999999999,25,0.0,1.0,45.39426716566086,0.07035766147686717
5308,191.90000000000015,111,1.0,0.0,36.12370333558804,0.07032248264612874
5309,179.00000000000003,90,1.0,0.0,33.12151076388028,0.07028732140480567
5310,178.3000000000003,147,1.0,0.0,42.61791899815506,0.07025217774410328
5311,183.60000000000008,104,1.0,0.0,48.86969438016128,0.07021705165523123
5312,189.2000000000001,108,1.0,0.0,39.70336307433468,0.07018194312940362
5313,-33.299999999999955,103,0.0,1.0,47.685377617520324,0.07014685215783893
5314,190.0000000000001,120,1.0,0.0,50.77798306569457,0.07011177873176001
5315,184.40000000000015,116,1.0,0.0,42.52434308403011,0.07007672284239413
5316,189.30000000000013,117,1.0,0.0,74.00631490419818,0.07004168448097293
5317,195.0000000000001,110,1.0,0.0,33.53007425428792,0.07000666363873245
5318,186.00000000000006,100,1.0,0.0,37.02169439971447,0.0699716603069131
5319,191.0000000000001,110,1.0,0.0,64.65375990610231,0.06993667447675965
5320,182.00000000000006,100,1.0,0.0,51.89009708382189,0.06990170613952128
5321,-47.20000000000006,72,0.0,1.0,33.518148301790156,0.06986675528645152
5322,186.3000000000001,107,1.0,0.0,55.15004970537168,0.0698318219088083
5323,181.80000000000007,102,1.0,0.0,54.11281214690968,0.06979690599785389
5324,187.60000000000008,104,1.0,0.0,12.846564871473955,0.06976200754485497
5325,190.8000000000001,112,1.0,0.0,43.05477785365656,0.06972712654108254
5326,189.2000000000002,128,1.0,0.0,40.84802078263601,0.069692262977812
5327,182.60000000000005,94,1.0,0.0,31.55815582643164,0.0696574168463231
5328,185.10000000000005,99,1.0,0.0,31.630701764289178,0.06962258813789994
5329,-35.600000000000065,76,0.0,1.0,47.04795763465135,0.069587776843831
5330,192.1000000000001,109,1.0,0.0,59.518434561310556,0.06955298295540908
5331,189.50000000000026,135,1.0,0.0,43.60789581432387,0.06951820646393138
5332,177.3,97,1.0,0.0,39.81081212911102,0.06948344736069942
5333,182.40000000000012,116,1.0,0.0,40.399556101042904,0.06944870563701908
5334,185.70000000000013,113,1.0,0.0,27.698216257897098,0.06941398128420057
5335,184.5000000000001,105,1.0,0.0,87.49968111011243,0.06937927429355847
5336,180.60000000000002,94,1.0,0.0,33.09948019152309,0.0693445846564117
5337,-71.80000000000001,38,0.0,1.0,47.96659726806377,0.0693099123640835
5338,-25.200000000000017,92,0.0,1.0,62.76671254513381,0.06927525740790147
5339,191.80000000000013,122,1.0,0.0,65.98983865841979,0.06924061977919753
5340,184.30000000000007,107,1.0,0.0,50.25734297478589,0.06920599946930793
5341,186.40000000000006,96,1.0,0.0,16.43289612303488,0.06917139646957328
5342,-69.4,34,0.0,1.0,53.978774053208966,0.0691368107713385
5343,181.4000000000002,126,1.0,0.0,46.49756619446571,0.06910224236595283
5344,-91.79999999999998,58,0.0,1.0,30.50489545639219,0.06906769124476986
5345,193.10000000000014,119,1.0,0.0,54.06250622254961,0.06903315739914748
5346,185.50000000000006,95,1.0,0.0,49.963066897737356,0.0689986408204479
5347,-58.10000000000004,51,0.0,1.0,72.22218818604654,0.06896414150003768
5348,184.00000000000006,100,1.0,0.0,32.84200690872967,0.06892965942928767
5349,185.00000000000006,110,1.0,0.0,59.12145182395523,0.06889519459957302
5350,187.6000000000002,124,1.0,0.0,52.75978751546673,0.06886074700227324
5351,188.4000000000003,136,1.0,0.0,32.24920241507318,0.0688263166287721
5352,183.10000000000002,99,1.0,0.0,25.14737022720804,0.06879190347045772
5353,182.60000000000008,114,1.0,0.0,56.53473337635136,0.06875750751872249
5354,-46.400000000000055,64,0.0,1.0,39.67445496667642,0.06872312876496313
5355,190.60000000000014,114,1.0,0.0,49.48763680229323,0.06868876720058065
5356,183.6000000000001,104,1.0,0.0,18.249383092069856,0.06865442281698036
5357,177.4000000000004,166,1.0,0.0,60.08189270048436,0.06862009560557188
5358,-48.200000000000045,62,0.0,1.0,35.54236206911023,0.06858578555776909
5359,181.70000000000027,133,1.0,0.0,45.733045397956566,0.06855149266499021
5360,-29.09999999999998,101,0.0,1.0,55.811737484861126,0.06851721691865771
5361,-31.300000000000026,83,0.0,1.0,36.820818939033046,0.06848295831019839
5362,190.70000000000041,163,1.0,0.0,47.91470562767215,0.0684487168310433
5363,190.80000000000013,112,1.0,0.0,27.110814819245466,0.06841449247262778
5364,176.60000000000002,94,1.0,0.0,44.03553880941361,0.06838028522639147
5365,184.9000000000001,101,1.0,0.0,42.714387302499006,0.06834609508377829
5366,189.50000000000009,115,1.0,0.0,56.823681062719096,0.0683119220362364
5367,192.60000000000014,114,1.0,0.0,61.53308629636702,0.06827776607521828
5368,185.60000000000008,104,1.0,0.0,51.79478467886265,0.06824362719218068
5369,185.4000000000001,106,1.0,0.0,54.031047590990674,0.06820950537858458
5370,187.4000000000001,106,1.0,0.0,75.18319698198223,0.06817540062589529
5371,189.50000000000014,115,1.0,0.0,41.45339260153148,0.06814131292558234
5372,188.9000000000001,101,1.0,0.0,46.507933263583936,0.06810724226911956
5373,179.10000000000002,99,1.0,0.0,54.434528425787434,0.068073188647985
5374,186.7000000000001,103,1.0,0.0,35.05829128738746,0.06803915205366101
5375,191.00000000000009,110,1.0,0.0,38.40633243871006,0.06800513247763418
5376,181.8,102,1.0,0.0,49.53085791823619,0.06797112991139537
5377,-40.20000000000007,82,0.0,1.0,44.07107311469026,0.06793714434643967
5378,190.50000000000009,105,1.0,0.0,49.18842843146551,0.06790317577426645
5379,190.5000000000001,105,1.0,0.0,37.97399106437252,0.06786922418637932
5380,-55.80000000000004,58,0.0,1.0,26.805770811335794,0.06783528957428614
5381,191.80000000000015,122,1.0,0.0,73.40419984315751,0.067801371929499
5382,190.90000000000015,121,1.0,0.0,52.93333393914148,0.06776747124353426
5383,185.10000000000014,119,1.0,0.0,41.71202044289152,0.06773358750791249
5384,190.4000000000001,116,1.0,0.0,69.01409236457327,0.06769972071415853
5385,189.4000000000001,106,1.0,0.0,36.541306062689365,0.06766587085380145
5386,185.70000000000016,133,1.0,0.0,39.515574897870536,0.06763203791837455
5387,190.00000000000017,120,1.0,0.0,36.75658632777631,0.06759822189941536
5388,177.30000000000004,97,1.0,0.0,54.30390793530597,0.06756442278846565
5389,184.00000000000006,100,1.0,0.0,52.77687038868666,0.06753064057707142
5390,-66.90000000000002,39,0.0,1.0,112.73785091592715,0.06749687525678288
5391,192.20000000000016,118,1.0,0.0,52.14995036271038,0.06746312681915449
5392,188.5000000000001,105,1.0,0.0,76.1130855150166,0.06742939525574491
5393,185.4000000000001,106,1.0,0.0,43.51741145017012,0.06739568055811705
5394,180.70000000000002,103,1.0,0.0,70.89569771253657,0.067361982717838
5395,-47.30000000000005,63,0.0,1.0,67.25306987313051,0.06732830172647908
5396,191.2000000000001,108,1.0,0.0,67.90562182009496,0.06729463757561584
5397,187.80000000000007,102,1.0,0.0,34.942635140582624,0.06726099025682804
5398,-60.800000000000026,48,0.0,1.0,38.772279512137175,0.06722735976169962
5399,185.4000000000001,106,1.0,0.0,59.62175559435251,0.06719374608181877
5400,183.10000000000005,99,1.0,0.0,63.3460165950084,0.06716014920877787
5401,187.50000000000009,115,1.0,0.0,48.93748626132374,0.06712656913417349
5402,182.40000000000006,96,1.0,0.0,53.73269842068354,0.06709300584960641
5403,-34.700000000000074,77,0.0,1.0,45.13796776223492,0.06705945934668162
5404,70.0000000000006,200,0.0,0.0,50.09493356436491,0.06702592961700828
5405,189.60000000000008,104,1.0,0.0,50.08951644040644,0.06699241665219978
5406,184.9000000000001,101,1.0,0.0,53.60556877588872,0.06695892044387368
5407,183.40000000000006,106,1.0,0.0,52.699595330177615,0.06692544098365175
5408,187.0000000000001,110,1.0,0.0,39.03067923445593,0.06689197826315993
5409,189.60000000000008,104,1.0,0.0,31.477964642815866,0.06685853227402835
5410,193.90000000000012,111,1.0,0.0,33.71527156535838,0.06682510300789134
5411,186.30000000000007,107,1.0,0.0,42.80726863722378,0.0667916904563874
5412,185.5000000000001,115,1.0,0.0,47.85690640729407,0.06675829461115922
5413,-73.0,30,0.0,1.0,20.96880114277204,0.06672491546385365
5414,185.4000000000001,106,1.0,0.0,49.9297311805751,0.06669155300612173
5415,190.30000000000007,107,1.0,0.0,56.75066250639263,0.06665820722961867
5416,186.5000000000001,105,1.0,0.0,62.75638966652609,0.06662487812600386
5417,178.20000000000005,98,1.0,0.0,51.60406321667287,0.06659156568694086
5418,188.50000000000009,105,1.0,0.0,41.80024565231233,0.06655826990409738
5419,190.80000000000007,112,1.0,0.0,52.19023015117273,0.06652499076914534
5420,-43.70000000000005,67,0.0,1.0,86.13980329859612,0.06649172827376076
5421,187.8000000000001,102,1.0,0.0,29.0878073286046,0.06645848240962389
5422,189.00000000000009,110,1.0,0.0,46.464072682166645,0.06642525316841909
5423,193.70000000000013,113,1.0,0.0,38.91675877538139,0.06639204054183488
5424,186.70000000000007,103,1.0,0.0,38.27372911970303,0.06635884452156397
5425,-81.3,23,0.0,1.0,35.31166512616303,0.0663256650993032
5426,-51.60000000000004,56,0.0,1.0,27.103425911228573,0.06629250226675355
5427,179.20000000000007,108,1.0,0.0,25.962941513914203,0.06625935601562018
5428,180.90000000000006,101,1.0,0.0,39.06373176937646,0.06622622633761237
5429,178.4,96,1.0,0.0,25.636754456053797,0.06619311322444356
5430,184.2000000000003,138,1.0,0.0,42.87833402829542,0.06616001666783133
5431,-24.10000000000001,91,0.0,1.0,75.52439570115818,0.06612693665949743
5432,186.9000000000001,101,1.0,0.0,51.09806619031299,0.06609387319116768
5433,189.2000000000001,108,1.0,0.0,23.6234704832098,0.0660608262545721
5434,188.7000000000001,103,1.0,0.0,65.10656686973513,0.06602779584144482
5435,186.2000000000001,118,1.0,0.0,57.84616492133019,0.0659947819435241
5436,186.90000000000018,121,1.0,0.0,50.082142214883454,0.06596178455255233
5437,191.90000000000012,111,1.0,0.0,66.84860597792509,0.06592880366027606
5438,194.00000000000017,120,1.0,0.0,32.815842625312506,0.06589583925844593
5439,188.1000000000001,109,1.0,0.0,60.81480206091196,0.0658628913388167
5440,187.8000000000001,102,1.0,0.0,46.50485403412113,0.0658299598931473
5441,189.00000000000009,110,1.0,0.0,24.062055189975283,0.06579704491320074
5442,192.70000000000013,123,1.0,0.0,44.95864939447341,0.06576414639074414
5443,189.6000000000001,104,1.0,0.0,24.146526887332303,0.06573126431754878
5444,189.6000000000001,104,1.0,0.0,31.698103497521235,0.06569839868539
5445,191.4000000000001,106,1.0,0.0,25.60000387993905,0.0656655494860473
5446,195.30000000000013,117,1.0,0.0,63.412351123797585,0.06563271671130429
5447,189.9000000000001,111,1.0,0.0,6.526055795048271,0.06559990035294865
5448,185.70000000000007,113,1.0,0.0,23.56845578254588,0.06556710040277218
5449,181.30000000000058,197,1.0,0.0,39.65978329500117,0.0655343168525708
5450,188.30000000000013,107,1.0,0.0,69.24928564961269,0.06550154969414453
5451,-25.19999999999999,92,0.0,1.0,61.421775744337104,0.06546879891929745
5452,192.60000000000014,114,1.0,0.0,56.12111560222611,0.06543606451983781
5453,183.60000000000005,104,1.0,0.0,26.10979688905466,0.0654033464875779
5454,188.50000000000009,105,1.0,0.0,43.28245640226773,0.0653706448143341
5455,184.60000000000005,94,1.0,0.0,82.5112872980535,0.06533795949192694
5456,184.80000000000013,112,1.0,0.0,40.60303469002247,0.06530529051218098
5457,193.40000000000012,106,1.0,0.0,80.30145843692546,0.06527263786692489
5458,183.30000000000004,97,1.0,0.0,39.169798306352696,0.06524000154799142
5459,190.30000000000013,107,1.0,0.0,37.8017893065916,0.06520738154721743
5460,194.40000000000015,116,1.0,0.0,44.52356369022665,0.06517477785644382
5461,191.2000000000001,108,1.0,0.0,54.39376913907903,0.0651421904675156
5462,185.80000000000007,102,1.0,0.0,68.27963376330102,0.06510961937228184
5463,187.80000000000007,102,1.0,0.0,78.45410276993232,0.0650770645625957
5464,185.2000000000001,108,1.0,0.0,29.54029522029062,0.0650445260303144
5465,188.7000000000001,103,1.0,0.0,50.846439455898064,0.06501200376729924
5466,189.60000000000008,104,1.0,0.0,37.26263637253298,0.06497949776541559
5467,-49.000000000000064,70,0.0,1.0,23.256813888677527,0.06494700801653289
5468,185.50000000000006,95,1.0,0.0,61.281249597198084,0.06491453451252463
5469,-27.299999999999798,123,0.0,1.0,32.99921537293651,0.06488207724526837
5470,181.50000000000006,95,1.0,0.0,17.192973176664427,0.06484963620664574
5471,-39.10000000000007,81,0.0,1.0,23.392166943369823,0.06481721138854242
5472,187.9000000000001,111,1.0,0.0,40.41193232034241,0.06478480278284815
5473,190.80000000000013,112,1.0,0.0,23.84185534549345,0.06475241038145672
5474,184.30000000000007,107,1.0,0.0,35.49842547980425,0.064720034176266
5475,191.80000000000015,122,1.0,0.0,40.51332735618362,0.06468767415917787
5476,191.4000000000001,106,1.0,0.0,50.939334108511794,0.06465533032209828
5477,187.60000000000008,104,1.0,0.0,47.11971340815608,0.06462300265693723
5478,-86.49999999999999,15,0.0,1.0,40.093842974305154,0.06459069115560875
5479,181.20000000000024,128,1.0,0.0,28.61845017003361,0.06455839581003095
5480,186.30000000000007,107,1.0,0.0,42.97569319292485,0.06452611661212594
5481,189.30000000000013,117,1.0,0.0,52.6276051103432,0.06449385355381988
5482,-56.500000000000036,55,0.0,1.0,8.093668343804099,0.06446160662704298
5483,189.1000000000001,119,1.0,0.0,54.77474870683015,0.06442937582372946
5484,182.40000000000003,96,1.0,0.0,58.19155667629093,0.0643971611358176
5485,-63.50000000000002,45,0.0,1.0,97.89588446054194,0.06436496255524969
5486,187.90000000000006,111,1.0,0.0,71.25058938213834,0.06433278007397207
5487,188.70000000000016,123,1.0,0.0,44.85655090830675,0.06430061368393508
5488,184.20000000000005,98,1.0,0.0,65.04279464027103,0.06426846337709312
5489,192.00000000000017,120,1.0,0.0,71.20089052772771,0.06423632914540457
5490,188.00000000000006,100,1.0,0.0,38.633983458578584,0.06420421098083187
5491,190.7000000000002,123,1.0,0.0,38.123189364264654,0.06417210887534146
5492,184.60000000000005,94,1.0,0.0,51.17824981940237,0.0641400228209038
5493,-70.70000000000002,37,0.0,1.0,69.55981784555557,0.06410795280949334
5494,70.00000000000065,200,0.0,0.0,58.957714778184894,0.0640758988330886
5495,-83.79999999999998,18,0.0,1.0,0.49720606787337196,0.06404386088367206
5496,188.30000000000013,107,1.0,0.0,33.4147841504244,0.06401183895323023
5497,186.1000000000001,109,1.0,0.0,68.69012210866727,0.06397983303375362
5498,-25.200000000000003,92,0.0,1.0,66.7682899782515,0.06394784311723675
5499,184.20000000000005,118,1.0,0.0,58.35605318692781,0.06391586919567814
5500,190.3000000000001,107,1.0,0.0,37.83075096882949,0.06388391126108031
5501,187.00000000000009,110,1.0,0.0,51.8735752006146,0.06385196930544977
5502,-33.90000000000006,89,0.0,1.0,38.87366501116351,0.06382004332079705
5503,186.20000000000005,98,1.0,0.0,37.25738681761586,0.06378813329913666
5504,186.5000000000001,105,1.0,0.0,35.13492219845454,0.06375623923248709
5505,191.4000000000001,106,1.0,0.0,78.75013177961392,0.06372436111287084
5506,182.90000000000018,121,1.0,0.0,36.83281007095063,0.0636924989323144
5507,190.1000000000001,109,1.0,0.0,41.01168691284886,0.06366065268284825
5508,-68.70000000000002,37,0.0,1.0,56.13134373120359,0.06362882235650683
5509,187.4000000000001,106,1.0,0.0,38.57630897193866,0.06359700794532858
5510,-80.6,26,0.0,1.0,13.427609438076615,0.06356520944135592
5511,188.30000000000007,107,1.0,0.0,49.5274056547156,0.06353342683663525
5512,185.10000000000008,99,1.0,0.0,44.60768476354353,0.06350166012321694
5513,187.8000000000001,102,1.0,0.0,80.03800915780604,0.06346990929315534
5514,-58.10000000000004,51,0.0,1.0,66.15379345679985,0.06343817433850876
5515,181.40000000000003,106,1.0,0.0,66.42307792610998,0.0634064552513395
5516,189.4000000000001,106,1.0,0.0,38.31799148128561,0.06337475202371384
5517,179.90000000000003,91,1.0,0.0,47.37338790060072,0.063343064647702
5518,189.00000000000009,110,1.0,0.0,88.9011526176198,0.06331139311537815
5519,181.60000000000008,104,1.0,0.0,50.22296274152513,0.06327973741882045
5520,190.80000000000013,112,1.0,0.0,64.13376340908664,0.06324809755011104
5521,189.5000000000001,115,1.0,0.0,50.72399062119101,0.063216473501336
5522,189.4000000000001,106,1.0,0.0,62.09039657492683,0.06318486526458533
5523,187.20000000000005,108,1.0,0.0,65.08567772674616,0.06315327283195304
5524,187.4000000000001,106,1.0,0.0,39.973575516129436,0.06312169619553708
5525,181.60000000000002,104,1.0,0.0,33.824017846240444,0.06309013534743932
5526,186.20000000000007,98,1.0,0.0,43.7657529364283,0.0630585902797656
5527,-61.300000000000026,43,0.0,1.0,98.24526598096587,0.06302706098462572
5528,180.30000000000004,127,1.0,0.0,76.77135895368622,0.06299554745413341
5529,187.80000000000007,122,1.0,0.0,50.11077398990022,0.06296404968040635
5530,183.40000000000003,126,1.0,0.0,34.32302145908276,0.06293256765556615
5531,185.60000000000008,104,1.0,0.0,54.67093153999975,0.06290110137173838
5532,193.20000000000013,108,1.0,0.0,29.57620073682456,0.06286965082105252
5533,189.10000000000008,119,1.0,0.0,43.56350087725065,0.06283821599564199
5534,186.00000000000006,100,1.0,0.0,14.580298278331757,0.06280679688764416
5535,186.70000000000005,103,1.0,0.0,20.08791371044314,0.06277539348920035
5536,189.0000000000001,110,1.0,0.0,44.458211221884596,0.06274400579245575
5537,186.5000000000001,105,1.0,0.0,54.765904351997946,0.06271263378955952
5538,188.5000000000001,105,1.0,0.0,45.37483067789248,0.06268127747266475
5539,194.40000000000012,116,1.0,0.0,32.45824947677039,0.06264993683392842
5540,191.8000000000001,102,1.0,0.0,27.662677279691778,0.06261861186551146
5541,-89.39999999999999,14,0.0,1.0,0.6715766436287335,0.0625873025595787
5542,185.80000000000007,102,1.0,0.0,29.200318485352337,0.06255600890829892
5543,186.10000000000008,109,1.0,0.0,28.053815916932503,0.06252473090384478
5544,186.30000000000007,107,1.0,0.0,34.689467711356755,0.06249346853839286
5545,188.9000000000001,101,1.0,0.0,35.875534327239684,0.06246222180412367
5546,-32.99999999999996,110,0.0,1.0,47.29411570944569,0.06243099069322161
5547,183.30000000000004,97,1.0,0.0,42.32534540129691,0.062399775197875006
5548,-46.90000000000005,59,0.0,1.0,41.03480952308845,0.06236857531027607
5549,192.20000000000016,118,1.0,0.0,55.09817564190697,0.06233739102262094
5550,183.10000000000005,99,1.0,0.0,58.03832779689269,0.06230622232710963
5551,182.40000000000003,96,1.0,0.0,21.5769448011027,0.06227506921594608
5552,192.5000000000001,105,1.0,0.0,49.46476167255924,0.06224393168133811
5553,185.10000000000008,99,1.0,0.0,38.98939756288974,0.06221280971549745
5554,184.20000000000005,98,1.0,0.0,45.819355150950805,0.0621817033106397
5555,185.60000000000008,104,1.0,0.0,48.02783210002459,0.062150612458984386
5556,184.60000000000008,114,1.0,0.0,37.16351182445099,0.062119537152754895
5557,186.00000000000009,120,1.0,0.0,32.34944245815277,0.06208847738417852
5558,184.30000000000007,107,1.0,0.0,66.59666619623933,0.06205743314548643
5559,-26.599999999999568,166,0.0,1.0,49.7849805059293,0.06202640442891369
5560,181.20000000000002,108,1.0,0.0,58.76323028847023,0.06199539122669923
5561,181.50000000000003,95,1.0,0.0,19.218626386397762,0.06196439353108588
5562,187.60000000000008,104,1.0,0.0,68.8011075978239,0.06193341133432034
5563,184.4000000000001,116,1.0,0.0,26.19740777520527,0.061902444628653186
5564,180.30000000000007,107,1.0,0.0,74.23065560443379,0.061871493406338865
5565,196.80000000000015,112,1.0,0.0,38.67755476385355,0.0618405576596357
5566,-34.00000000000006,80,0.0,1.0,27.88326020175591,0.06180963738080588
5567,190.6000000000001,114,1.0,0.0,49.35419628115599,0.06177873256211548
5568,187.80000000000007,122,1.0,0.0,46.31703166089586,0.06174784319583443
5569,184.30000000000007,107,1.0,0.0,36.84040935114722,0.06171696927423651
5570,-40.00000000000013,120,0.0,1.0,97.66696433487037,0.061686110789599395
5571,193.70000000000013,113,1.0,0.0,56.59221848575151,0.0616552677342046
5572,189.60000000000008,104,1.0,0.0,53.24182664037038,0.0616244401003375
5573,184.40000000000003,96,1.0,0.0,20.30006901741338,0.061593627880287334
5574,187.60000000000008,104,1.0,0.0,64.66226344362188,0.0615628310663472
5575,187.00000000000009,110,1.0,0.0,25.635348320820114,0.061532049650814026
5576,187.4000000000001,106,1.0,0.0,31.9686407931149,0.061501283625988626
5577,189.80000000000007,102,1.0,0.0,34.76247989342493,0.06147053298417564
5578,192.3000000000001,107,1.0,0.0,61.44564879894535,0.061439797717683556
5579,-88.3,13,0.0,1.0,57.21229897783353,0.061409077818824716
5580,-28.900000000000006,99,0.0,1.0,54.249800443348256,0.061378373279915306
5581,193.80000000000013,122,1.0,0.0,33.583133645538915,0.06134768409327535
5582,189.7000000000001,113,1.0,0.0,41.38775698445012,0.06131701025122872
5583,189.20000000000007,108,1.0,0.0,46.083754230221665,0.061286351746103106
5584,182.60000000000002,94,1.0,0.0,30.56937823397048,0.06125570857023006
5585,186.30000000000007,107,1.0,0.0,81.73115716944231,0.06122508071594494
5586,194.20000000000016,118,1.0,0.0,38.06351174534125,0.06119446817558698
5587,187.60000000000008,104,1.0,0.0,35.6661480471062,0.061163870941499186
5588,196.60000000000016,114,1.0,0.0,24.336368441581726,0.06113328900602844
5589,188.3000000000001,107,1.0,0.0,74.37548413336556,0.06110272236152543
5590,193.4000000000001,106,1.0,0.0,25.53231375320059,0.06107217100034467
5591,-65.80000000000007,78,0.0,1.0,49.04933944898538,0.0610416349148445
5592,189.60000000000008,104,1.0,0.0,43.913941809764275,0.06101111409738708
5593,192.30000000000013,107,1.0,0.0,23.241905190259498,0.06098060854033839
5594,182.40000000000006,96,1.0,0.0,5.185813631008689,0.060950118236068225
5595,-47.20000000000005,72,0.0,1.0,39.91218115213431,0.06091964317695019
5596,187.60000000000002,124,1.0,0.0,68.29041645447573,0.06088918335536172
5597,-86.89999999999999,19,0.0,1.0,33.01405633358579,0.06085873876368404
5598,70.00000000000065,200,0.0,0.0,36.58696913391352,0.060828309394302206
5599,197.70000000000016,113,1.0,0.0,57.90982665029247,0.060797895239605056
5600,181.20000000000007,108,1.0,0.0,35.85270757490286,0.06076749629198526
5601,182.50000000000006,105,1.0,0.0,37.512332518611636,0.06073711254383927
5602,191.4000000000001,126,1.0,0.0,58.163331034460235,0.060706743987567355
5603,185.9000000000001,111,1.0,0.0,74.93912798367641,0.060676390615573575
5604,192.60000000000014,114,1.0,0.0,34.340266967617104,0.06064605242026579
5605,190.5000000000001,105,1.0,0.0,26.280107467940876,0.06061572939405566
5606,188.8000000000001,112,1.0,0.0,40.748585529026705,0.06058542152935864
5607,189.4000000000001,106,1.0,0.0,46.41281968868285,0.06055512881859396
5608,190.30000000000007,107,1.0,0.0,61.373476456885584,0.06052485125418467
5609,-32.00000000000006,80,0.0,1.0,50.102027806267145,0.06049458882855758
5610,189.30000000000013,117,1.0,0.0,42.28422800445149,0.060464341534143304
5611,197.50000000000014,115,1.0,0.0,26.44615250268708,0.06043410936337624
5612,189.00000000000006,110,1.0,0.0,37.55840800800784,0.06040389230869456
5613,187.2000000000001,108,1.0,0.0,18.911873447398346,0.060373690362540214
5614,183.10000000000005,99,1.0,0.0,28.28368577812657,0.06034350351735895
5615,183.7000000000001,113,1.0,0.0,58.389238124400116,0.06031333176560027
5616,-33.5000000000001,105,0.0,1.0,37.05482497151409,0.06028317509971747
5617,194.60000000000014,114,1.0,0.0,73.41176644281337,0.06025303351216762
5618,192.60000000000014,114,1.0,0.0,66.7651119929526,0.06022290699541154
5619,186.90000000000006,101,1.0,0.0,37.01226745081125,0.060192795541913834
5620,183.10000000000002,99,1.0,0.0,31.657624470615627,0.06016269914414288
5621,183.10000000000005,99,1.0,0.0,31.00740506959082,0.06013261779457081
5622,186.20000000000005,98,1.0,0.0,50.25911581698729,0.060102551485673526
5623,189.20000000000007,108,1.0,0.0,42.108999081714835,0.06007250020993069
5624,-73.4,34,0.0,1.0,18.723609444849632,0.06004246395982573
5625,193.70000000000016,113,1.0,0.0,45.07079728204856,0.06001244272784582
5626,184.20000000000005,98,1.0,0.0,15.072490805493933,0.0599824365064819
5627,-32.60000000000004,86,0.0,1.0,78.15438580807559,0.05995244528822866
5628,191.30000000000013,117,1.0,0.0,62.34498005506829,0.05992246906558455
5629,186.00000000000006,100,1.0,0.0,32.45064683824778,0.05989250783105176
5630,187.2000000000001,108,1.0,0.0,27.470419256637495,0.059862561577136236
5631,185.80000000000007,102,1.0,0.0,42.938880548027214,0.05983263029634767
5632,199.10000000000014,119,1.0,0.0,44.04821089680205,0.059802713981199504
5633,180.00000000000003,100,1.0,0.0,31.7121787917614,0.05977281262420891
5634,184.40000000000006,96,1.0,0.0,75.51253666286357,0.059742926217896807
5635,185.20000000000007,108,1.0,0.0,30.815304290227317,0.05971305475478786
5636,186.4000000000001,116,1.0,0.0,38.45541778052675,0.059683198227410465
5637,-59.50000000000005,65,0.0,1.0,40.73676296117214,0.059653356628296766
5638,186.50000000000009,105,1.0,0.0,24.21950978317431,0.05962352994998262
5639,190.30000000000013,107,1.0,0.0,49.956818208516204,0.05959371818500763
5640,190.6000000000001,114,1.0,0.0,59.70892048849348,0.059563921325915134
5641,-46.800000000000054,68,0.0,1.0,45.93043427673333,0.05953413936525218
5642,183.30000000000004,97,1.0,0.0,41.64663095826033,0.05950437229556956
5643,-50.60000000000005,66,0.0,1.0,35.665731656619094,0.05947462010942178
5644,184.50000000000009,105,1.0,0.0,53.9854988761601,0.05944488279936708
5645,190.10000000000008,109,1.0,0.0,27.932751406633525,0.05941516035796739
5646,-56.10000000000003,51,0.0,1.0,0.36330066767393376,0.059385452777788415
5647,187.80000000000007,102,1.0,0.0,65.85216064955674,0.059355760051399524
5648,187.00000000000009,110,1.0,0.0,32.00834484445778,0.05932608217137383
5649,178.10000000000002,89,1.0,0.0,28.094298151604246,0.059296419130288144
5650,-65.10000000000002,41,0.0,1.0,60.04297217799396,0.059266770920723
5651,192.30000000000013,107,1.0,0.0,58.035163714367656,0.05923713753526264
5652,184.20000000000005,98,1.0,0.0,31.128805375600955,0.05920751896649502
5653,-65.70000000000002,47,0.0,1.0,57.93333003876057,0.05917791520701177
5654,188.9000000000001,101,1.0,0.0,51.38571375977285,0.05914832624940827
5655,181.50000000000003,95,1.0,0.0,62.136986559943146,0.059118752086283574
5656,187.10000000000008,99,1.0,0.0,64.45795086304648,0.059089192710240435
5657,-55.400000000000055,74,0.0,1.0,30.10813691990601,0.05905964811388532
5658,184.00000000000014,120,1.0,0.0,40.12105767882119,0.059030118289828376
5659,190.7000000000001,103,1.0,0.0,38.169132758329795,0.059000603230683464
5660,188.1000000000001,109,1.0,0.0,24.424050831193224,0.058971102929068125
5661,188.3000000000001,107,1.0,0.0,26.081794595328446,0.058941617377603596
5662,-67.10000000000002,41,0.0,1.0,66.84848759486908,0.058912146568914796
5663,189.6000000000001,104,1.0,0.0,53.72585593049343,0.058882690495630344
5664,182.20000000000005,98,1.0,0.0,33.4819762615525,0.05885324915038253
5665,188.6000000000001,114,1.0,0.0,51.28418851800655,0.05882382252580734
5666,188.10000000000014,109,1.0,0.0,59.093436054680325,0.05879441061454444
5667,180.60000000000005,94,1.0,0.0,34.50694924533526,0.05876501340923717
5668,186.9000000000001,101,1.0,0.0,55.51653376671642,0.05873563090253255
5669,184.50000000000006,105,1.0,0.0,32.87344314704339,0.05870626308708129
5670,190.7000000000001,103,1.0,0.0,44.30580771916989,0.05867690995553775
5671,185.10000000000005,99,1.0,0.0,40.14448920456749,0.058647571500559985
5672,183.80000000000007,102,1.0,0.0,81.16488899940661,0.05861824771480971
5673,190.80000000000013,112,1.0,0.0,52.10239935134138,0.05858893859095231
5674,193.40000000000012,106,1.0,0.0,49.71307998951876,0.05855964412165684
5675,191.0000000000001,110,1.0,0.0,49.45118521980264,0.058530364299596016
5676,187.60000000000008,104,1.0,0.0,43.23928918632177,0.05850109911744622
5677,188.00000000000006,100,1.0,0.0,64.8693693241477,0.0584718485678875
5678,-39.60000000000007,76,0.0,1.0,56.41174608978786,0.05844261264360356
5679,188.50000000000006,105,1.0,0.0,38.892465098698935,0.05841339133728176
5680,189.4000000000001,106,1.0,0.0,48.25474341459713,0.05838418464161312
5681,184.00000000000006,100,1.0,0.0,28.91198649086058,0.05835499254929232
5682,180.60000000000002,94,1.0,0.0,28.573539375941802,0.05832581505301768
5683,189.8000000000001,102,1.0,0.0,62.068924385104694,0.05829665214549117
5684,185.10000000000008,99,1.0,0.0,52.38962843096015,0.05826750381941843
5685,182.5000000000001,105,1.0,0.0,70.99234146660282,0.05823837006750872
5686,189.10000000000008,99,1.0,0.0,31.51318435927834,0.058209250882474965
5687,188.10000000000008,109,1.0,0.0,55.4517725819568,0.05818014625703373
5688,190.7000000000001,103,1.0,0.0,36.309482405992966,0.05815105618390522
5689,183.50000000000006,95,1.0,0.0,40.32351776000701,0.05812198065581327
5690,190.5000000000001,105,1.0,0.0,64.47239140506302,0.05809291966548537
5691,184.00000000000006,100,1.0,0.0,48.96371337518096,0.05806387320565263
5692,-37.90000000000006,69,0.0,1.0,27.013852507739827,0.05803484126904981
5693,185.10000000000008,99,1.0,0.0,34.7684751809998,0.05800582384841529
5694,191.0000000000001,110,1.0,0.0,64.20448696200143,0.057976820936491084
5695,187.4000000000001,106,1.0,0.0,27.553037954248346,0.05794783252602284
5696,182.60000000000002,94,1.0,0.0,51.29274640462183,0.05791885860975983
5697,-60.60000000000003,46,0.0,1.0,59.638092198287666,0.05788989918045495
5698,187.0000000000001,110,1.0,0.0,91.96612310206348,0.05786095423086473
5699,187.30000000000007,97,1.0,0.0,56.29790237292494,0.0578320237537493
5700,183.80000000000007,102,1.0,0.0,39.91823936903886,0.05780310774187243
5701,182.20000000000005,98,1.0,0.0,44.569174760534445,0.0577742061880015
5702,184.60000000000005,94,1.0,0.0,46.89546076113239,0.0577453190849075
5703,181.90000000000003,91,1.0,0.0,76.33681106194854,0.05771644642536505
5704,189.60000000000008,104,1.0,0.0,39.4477395953324,0.057687588202152376
5705,-50.00000000000004,60,0.0,1.0,18.38125997458895,0.057658744408051306
5706,189.80000000000007,102,1.0,0.0,34.6050126139878,0.05762991503584728
5707,189.80000000000007,102,1.0,0.0,36.92228852884442,0.05760110007832936
5708,188.7000000000001,103,1.0,0.0,41.02685596627518,0.0575722995282902
5709,185.60000000000008,104,1.0,0.0,43.75599550627745,0.057543513378526055
5710,178.70000000000002,103,1.0,0.0,79.44171966785945,0.0575147416218368
5711,180.20000000000005,98,1.0,0.0,34.64759691318079,0.057485984251025884
5712,-31.800000000000054,78,0.0,1.0,58.84521519421385,0.05745724125890037
5713,182.60000000000002,94,1.0,0.0,13.22602869451363,0.05742851263827092
5714,192.10000000000008,109,1.0,0.0,53.23539587951034,0.05739979838195179
5715,184.40000000000003,96,1.0,0.0,43.93170653275835,0.05737109848276082
5716,190.9000000000001,101,1.0,0.0,49.49786264036256,0.057342412933519445
5717,188.1000000000001,109,1.0,0.0,52.51332343649973,0.05731374172705269
5718,-58.10000000000002,51,0.0,1.0,106.62422715711827,0.05728508485618917
5719,186.00000000000006,100,1.0,0.0,56.37075850456953,0.05725644231376108
5720,192.7000000000001,103,1.0,0.0,46.30142956429604,0.0572278140926042
5721,183.10000000000005,99,1.0,0.0,14.429568069450783,0.0571992001855579
5722,186.20000000000007,98,1.0,0.0,51.34378064370581,0.05717060058546512
5723,-44.20000000000005,62,0.0,1.0,48.13400107513993,0.05714201528517239
5724,185.60000000000008,104,1.0,0.0,36.832570512671595,0.057113444277529804
5725,191.6000000000001,104,1.0,0.0,47.92882451816247,0.05708488755539104
5726,198.00000000000017,120,1.0,0.0,14.77304140602549,0.057056345111613345
5727,-75.9,29,0.0,1.0,82.00491516960078,0.05702781693905754
5728,187.8000000000001,102,1.0,0.0,55.43214728654015,0.05699930303058802
5729,-73.2,32,0.0,1.0,37.27901294734329,0.05697080337907273
5730,181.70000000000005,93,1.0,0.0,75.80257762688142,0.0569423179773832
5731,191.2000000000001,108,1.0,0.0,33.44898794336176,0.056913846818394516
5732,188.5000000000001,105,1.0,0.0,42.23917538495291,0.05688538989498532
5733,-83.79999999999998,18,0.0,1.0,143.7418572521872,0.05685694720003783
5734,-80.19999999999999,22,0.0,1.0,27.347683689811014,0.056828518726437814
5735,-56.80000000000003,48,0.0,1.0,51.077350525806345,0.0568001044670746
5736,180.20000000000002,98,1.0,0.0,71.8639317018037,0.056771704414841064
5737,189.2000000000001,108,1.0,0.0,44.65948711294267,0.05674331856263365
5738,187.5000000000001,115,1.0,0.0,41.06235157309667,0.05671494690335233
5739,187.4000000000001,106,1.0,0.0,65.06562386664017,0.05668658942990066
5740,186.30000000000013,107,1.0,0.0,63.3724611560318,0.05665824613518571
5741,184.00000000000006,100,1.0,0.0,42.81873209424317,0.05662991701211812
5742,189.60000000000008,104,1.0,0.0,33.36204612649117,0.05660160205361207
5743,186.9000000000001,101,1.0,0.0,50.78687624648066,0.056573301252585265
5744,-59.700000000000024,47,0.0,1.0,66.72610557412213,0.05654501460195897
5745,-42.800000000000054,68,0.0,1.0,86.72008716271205,0.056516742094658
5746,188.80000000000013,112,1.0,0.0,72.9855776745826,0.05648848372361067
5747,190.30000000000007,107,1.0,0.0,55.3540981634755,0.056460239481748865
5748,185.60000000000008,104,1.0,0.0,82.58754297661093,0.05643200936200799
5749,190.20000000000027,138,1.0,0.0,80.68570057842611,0.05640379335732699
5750,192.80000000000015,112,1.0,0.0,53.70936575319086,0.05637559146064833
5751,185.20000000000005,108,1.0,0.0,55.963866059978805,0.05634740366491801
5752,192.2000000000001,118,1.0,0.0,27.688784025862056,0.056319229963085554
5753,191.6000000000001,104,1.0,0.0,77.23073126390003,0.056291070348104016
5754,179.30000000000004,97,1.0,0.0,44.227013831516516,0.056262924812929965
5755,183.30000000000007,97,1.0,0.0,34.051423696589836,0.056234793350523504
5756,184.50000000000009,105,1.0,0.0,39.66623399591162,0.05620667595384825
5757,187.50000000000009,115,1.0,0.0,43.34776375449222,0.05617857261587133
5758,198.40000000000015,116,1.0,0.0,49.91600727193571,0.0561504833295634
5759,194.6000000000001,114,1.0,0.0,45.92375985127792,0.05612240808789862
5760,-66.9,39,0.0,1.0,65.78004998790148,0.05609434688385467
5761,-83.29999999999998,23,0.0,1.0,88.35739330364311,0.05606629971041275
5762,187.4000000000001,106,1.0,0.0,36.810443301245854,0.05603826656055755
5763,186.10000000000008,109,1.0,0.0,43.97632219170759,0.056010247427277275
5764,189.2000000000001,108,1.0,0.0,70.52511307383301,0.05598224230356364
5765,182.40000000000003,96,1.0,0.0,12.772725594695657,0.05595425118241186
5766,190.00000000000009,100,1.0,0.0,58.97618410080671,0.05592627405682066
5767,188.50000000000009,105,1.0,0.0,53.123243981599806,0.05589831091979225
5768,183.40000000000003,106,1.0,0.0,24.672541166532714,0.055870361764332355
5769,190.5000000000001,105,1.0,0.0,43.394123680463856,0.05584242658345019
5770,178.70000000000002,103,1.0,0.0,77.70950873398665,0.05581450537015847
5771,186.70000000000007,103,1.0,0.0,44.75540555868913,0.05578659811747339
5772,182.00000000000006,100,1.0,0.0,23.153354374915363,0.05575870481841466
5773,192.3000000000001,107,1.0,0.0,62.68147382711139,0.055730825466005454
5774,189.4000000000001,106,1.0,0.0,57.45707194514151,0.05570296005327245
5775,195.00000000000014,110,1.0,0.0,42.42825046676126,0.05567510857324582
5776,188.1000000000001,109,1.0,0.0,40.877793972440266,0.0556472710189592
5777,185.60000000000008,104,1.0,0.0,47.73887961422308,0.055619447383449726
5778,-71.30000000000001,43,0.0,1.0,39.18377368983834,0.055591637659758004
5779,-91.0,10,0.0,1.0,73.43386081457137,0.05556384184092813
5780,188.30000000000007,107,1.0,0.0,54.292292333373396,0.055536059920007666
5781,186.9000000000001,101,1.0,0.0,37.09480198494869,0.05550829189004766
5782,194.10000000000014,109,1.0,0.0,55.88962021798169,0.055480537744102644
5783,185.30000000000007,97,1.0,0.0,71.87509990475841,0.055452797475230596
5784,189.8000000000001,102,1.0,0.0,47.45916084054054,0.055425071076492985
5785,193.10000000000014,119,1.0,0.0,80.67480740646104,0.05539735854095474
5786,189.0000000000001,110,1.0,0.0,58.15573207119649,0.05536965986168427
5787,181.2000000000001,108,1.0,0.0,75.1145143819352,0.05534197503175343
5788,-37.299999999999784,143,0.0,1.0,51.02695601209477,0.05531430404423755
5789,188.10000000000008,109,1.0,0.0,54.432916091122756,0.055286646892215435
5790,193.90000000000015,111,1.0,0.0,34.83219004335167,0.05525900356876933
5791,185.80000000000007,102,1.0,0.0,60.53193128269677,0.05523137406698495
5792,184.70000000000007,103,1.0,0.0,54.31807364393207,0.055203758379951465
5793,-33.50000000000007,85,0.0,1.0,63.85812060850508,0.05517615650076149
5794,190.30000000000013,107,1.0,0.0,60.288156173566236,0.05514856842251111
5795,185.30000000000007,97,1.0,0.0,41.70800520441274,0.05512099413829986
5796,180.00000000000006,100,1.0,0.0,27.957161852493883,0.05509343364123071
5797,187.9000000000001,111,1.0,0.0,38.853147723921786,0.0550658869244101
5798,-25.700000000000017,87,0.0,1.0,112.54228384467378,0.0550383539809479
5799,-30.90000000000005,79,0.0,1.0,54.92538468219057,0.05501083480395743
5800,187.00000000000009,110,1.0,0.0,92.27220804853873,0.05498332938655545
5801,182.50000000000009,105,1.0,0.0,45.57636558981169,0.054955837721862175
5802,187.8000000000001,102,1.0,0.0,27.1440187150649,0.054928359803001245
5803,182.00000000000006,100,1.0,0.0,33.516990217268464,0.05490089562309975
5804,186.10000000000008,109,1.0,0.0,36.9834862307671,0.0548734451752882
5805,183.80000000000004,102,1.0,0.0,53.05581054369024,0.05484600845270056
5806,187.0000000000001,110,1.0,0.0,22.49679093238982,0.05481858544847421
5807,189.0000000000001,110,1.0,0.0,84.17154192978686,0.05479117615574998
5808,187.30000000000007,97,1.0,0.0,46.93075864209035,0.05476378056767211
5809,191.2000000000001,108,1.0,0.0,49.926717196625695,0.054736398677388276
5810,186.7000000000001,103,1.0,0.0,45.756552776014345,0.054709030478049585
5811,192.1000000000001,109,1.0,0.0,51.282807573949526,0.054681675962810566
5812,187.80000000000007,102,1.0,0.0,68.12578036241672,0.054654335124829166
5813,192.4000000000001,116,1.0,0.0,74.21679196275514,0.05462700795726676
5814,190.80000000000013,112,1.0,0.0,22.324409809761814,0.054599694453288126
5815,189.0000000000001,110,1.0,0.0,40.0518025399609,0.05457239460606148
5816,182.40000000000006,96,1.0,0.0,59.31897022233655,0.05454510840875845
5817,181.60000000000002,104,1.0,0.0,56.63212995001903,0.054517835854554074
5818,193.0000000000001,110,1.0,0.0,52.90279636186632,0.0544905769366268
5819,190.00000000000009,100,1.0,0.0,19.624415674060582,0.05446333164815849
5820,186.50000000000009,105,1.0,0.0,36.04194844918592,0.05443609998233441
5821,187.4000000000001,106,1.0,0.0,54.36461928971815,0.054408881932343243
5822,-40.80000000000006,68,0.0,1.0,32.98812113220201,0.054381677491377074
5823,184.70000000000005,103,1.0,0.0,45.68242030366532,0.05435448665263139
5824,187.60000000000008,104,1.0,0.0,57.65511015057564,0.05432730940930507
5825,181.60000000000002,104,1.0,0.0,50.22789579773178,0.054300145754600425
5826,183.40000000000006,106,1.0,0.0,68.77429872470081,0.05427299568172313
5827,189.50000000000014,115,1.0,0.0,73.58418553510438,0.05424585918388227
5828,193.20000000000013,108,1.0,0.0,58.807480261005736,0.054218736254290335
5829,188.30000000000007,107,1.0,0.0,68.3436324221787,0.05419162688616319
5830,183.20000000000005,108,1.0,0.0,66.19905932647762,0.05416453107272011
5831,187.80000000000013,122,1.0,0.0,42.30227502069024,0.054137448807183755
5832,182.00000000000006,100,1.0,0.0,19.114868898689746,0.054110380082780164
5833,185.1000000000001,119,1.0,0.0,38.66154364177159,0.054083324892738774
5834,181.50000000000006,95,1.0,0.0,42.71990811244437,0.05405628323029241
5835,182.70000000000005,103,1.0,0.0,42.10347087688527,0.054029255088677265
5836,183.80000000000007,102,1.0,0.0,33.42341380442182,0.05400224046113293
5837,180.20000000000005,98,1.0,0.0,33.750718085589455,0.05397523934090237
5838,188.30000000000007,107,1.0,0.0,49.105321218616496,0.053948251721231924
5839,195.60000000000014,124,1.0,0.0,31.87867422864562,0.05392127759537131
5840,187.6000000000001,104,1.0,0.0,48.72277671550042,0.05389431695657363
5841,194.5000000000001,105,1.0,0.0,63.787090749116174,0.053867369798095345
5842,186.20000000000007,98,1.0,0.0,66.33662142429729,0.0538404361131963
5843,187.90000000000015,111,1.0,0.0,32.80923320272484,0.053813515895139705
5844,182.80000000000004,92,1.0,0.0,43.33913415063011,0.05378660913719214
5845,191.30000000000018,117,1.0,0.0,42.971421945298836,0.053759715832623546
5846,187.4000000000001,106,1.0,0.0,27.83412406038282,0.05373283597470724
5847,189.50000000000014,115,1.0,0.0,50.9405003565809,0.053705969556719885
5848,181.30000000000004,97,1.0,0.0,44.87373451665812,0.05367911657194153
5849,190.60000000000014,114,1.0,0.0,49.434148242141596,0.05365227701365556
5850,189.70000000000016,113,1.0,0.0,33.747548670235986,0.053625450875148736
5851,185.60000000000008,104,1.0,0.0,87.62643048797662,0.053598638149711164
5852,189.2000000000001,108,1.0,0.0,44.770946725030186,0.05357183883063631
5853,182.7000000000001,103,1.0,0.0,62.954838538922154,0.053545052911221
5854,181.80000000000007,102,1.0,0.0,60.103376668530935,0.05351828038476539
5855,183.80000000000004,102,1.0,0.0,61.69105732798869,0.05349152124457301
5856,186.20000000000005,98,1.0,0.0,44.56304932256438,0.053464775483950726
5857,198.90000000000015,121,1.0,0.0,36.82125279935431,0.053438043096208754
5858,193.7000000000001,113,1.0,0.0,46.52741118316102,0.053411324074660656
5859,186.70000000000007,103,1.0,0.0,60.3818092393933,0.053384618412623326
5860,76.00000000000061,200,0.0,0.0,71.00632518205792,0.05335792610341702
5861,-28.099999999999994,91,0.0,1.0,52.50733310573704,0.053331247140365315
5862,186.00000000000006,140,1.0,0.0,52.48773841219289,0.05330458151679514
5863,183.60000000000005,104,1.0,0.0,64.45148406686404,0.053277929226036747
5864,189.6000000000001,104,1.0,0.0,51.589544016366396,0.05325129026142373
5865,186.9000000000001,101,1.0,0.0,73.91309505656804,0.05322466461629302
5866,185.40000000000003,106,1.0,0.0,63.87058418286296,0.05319805228398488
5867,182.40000000000003,96,1.0,0.0,39.35311762608277,0.05317145325784289
5868,188.1000000000001,109,1.0,0.0,21.263013705542875,0.053144867531213974
5869,188.30000000000007,107,1.0,0.0,76.69703741650159,0.05311829509744837
5870,-74.80000000000001,28,0.0,1.0,87.66146915884954,0.05309173594989965
5871,186.8000000000001,112,1.0,0.0,37.116256933792364,0.05306519008192471
5872,184.50000000000009,105,1.0,0.0,68.56691464050894,0.05303865748688375
5873,185.50000000000006,95,1.0,0.0,26.262875108499276,0.053012138158140314
5874,183.80000000000007,102,1.0,0.0,24.582780828443813,0.05298563208906125
5875,191.90000000000015,111,1.0,0.0,49.04485306969366,0.05295913927301672
5876,190.5000000000001,105,1.0,0.0,60.96758083239907,0.052932659703380215
5877,182.40000000000003,96,1.0,0.0,41.06373625931641,0.052906193373528525
5878,178.8,92,1.0,0.0,26.87210009643889,0.052879740276841766
5879,187.30000000000007,97,1.0,0.0,18.65304868238181,0.05285330040670335
5880,186.9000000000001,101,1.0,0.0,79.91563974158599,0.052826873756500005
5881,193.2000000000001,108,1.0,0.0,33.63299958863192,0.05280046031962176
5882,195.30000000000018,117,1.0,0.0,38.898750136869076,0.05277406008946195
5883,189.30000000000007,117,1.0,0.0,26.331160688438477,0.05274767305941722
5884,177.8,102,1.0,0.0,53.05042114810032,0.05272129922288752
5885,189.2000000000001,108,1.0,0.0,85.8269211711983,0.052694938573276076
5886,193.40000000000012,106,1.0,0.0,87.6129075469414,0.05266859110398944
5887,187.20000000000007,108,1.0,0.0,54.81253804087087,0.052642256808437454
5888,187.4000000000001,106,1.0,0.0,38.88734273450836,0.05261593568003324
5889,185.30000000000007,97,1.0,0.0,25.55578689822524,0.05258962771219323
5890,192.10000000000014,109,1.0,0.0,49.64705187704312,0.05256333289833713
5891,183.10000000000002,99,1.0,0.0,26.673783075854633,0.05253705123188797
5892,192.80000000000013,112,1.0,0.0,55.041478351756396,0.052510782706272026
5893,193.0000000000001,110,1.0,0.0,29.81584320644086,0.05248452731491889
5894,-37.000000000000064,70,0.0,1.0,29.944791115607533,0.05245828505126143
5895,182.90000000000003,101,1.0,0.0,53.38265984232473,0.05243205590873581
5896,188.9000000000001,101,1.0,0.0,45.826586177738584,0.052405839880781444
5897,186.90000000000006,101,1.0,0.0,54.558315509911814,0.05237963696084105
5898,-87.39999999999999,14,0.0,1.0,113.820431401687,0.052353447142360635
5899,185.80000000000007,102,1.0,0.0,31.94456346720165,0.05232727041878946
5900,-62.800000000000026,48,0.0,1.0,68.68195196039353,0.05230110678358006
5901,187.60000000000002,144,1.0,0.0,31.3598067500732,0.052274956230188276
5902,185.80000000000007,102,1.0,0.0,99.60014290559818,0.052248818752073184
5903,182.50000000000006,105,1.0,0.0,37.74211698884056,0.05222269434269715
5904,186.9000000000001,101,1.0,0.0,54.08553865448673,0.052196582995525806
5905,189.4000000000001,106,1.0,0.0,29.484783029921775,0.05217048470402805
5906,185.90000000000006,111,1.0,0.0,48.71683541732328,0.05214439946167604
5907,190.5000000000001,105,1.0,0.0,63.155559026982104,0.0521183272619452
5908,185.80000000000007,102,1.0,0.0,25.34333091251114,0.05209226809831423
5909,190.30000000000013,107,1.0,0.0,31.241880691427493,0.05206622196426507
5910,188.4000000000001,116,1.0,0.0,41.11680032794589,0.052040188853282945
5911,188.9000000000001,101,1.0,0.0,42.18218475196621,0.052014168758856304
5912,189.90000000000012,111,1.0,0.0,43.11986780441828,0.051988161674476875
5913,-87.39999999999999,14,0.0,1.0,0.4098741593105452,0.05196216759363964
5914,-91.39999999999999,14,0.0,1.0,88.26350695107665,0.05193618650984282
5915,192.6000000000001,114,1.0,0.0,28.799647682003286,0.051910218416587904
5916,196.30000000000013,127,1.0,0.0,49.98094947659594,0.051884263307379615
5917,186.90000000000006,101,1.0,0.0,56.379291228212345,0.051858321175725926
5918,185.80000000000007,102,1.0,0.0,31.976667200744735,0.05183239201513806
5919,189.4000000000001,106,1.0,0.0,40.42914932136828,0.0518064758191305
5920,185.20000000000007,108,1.0,0.0,45.45273761168398,0.051780572581220936
5921,189.20000000000007,108,1.0,0.0,45.04257218698385,0.051754682294930326
5922,189.8000000000001,102,1.0,0.0,60.00888865032032,0.05172880495378286
5923,183.30000000000007,97,1.0,0.0,36.883859524176906,0.051702940551305976
5924,190.5000000000001,105,1.0,0.0,42.38878033970084,0.051677089081030324
5925,185.50000000000006,95,1.0,0.0,27.378563835981645,0.051651250536489814
5926,194.10000000000014,109,1.0,0.0,38.61790305635798,0.051625424911221574
5927,187.80000000000007,102,1.0,0.0,26.7843186477674,0.051599612198765965
5928,185.90000000000006,111,1.0,0.0,45.39216822607292,0.05157381239266658
5929,189.20000000000013,108,1.0,0.0,34.158230607777284,0.05154802548647025
5930,190.7000000000001,103,1.0,0.0,61.960346607256284,0.05152225147372702
5931,186.7000000000001,103,1.0,0.0,48.52499232708829,0.05149649034799016
5932,183.50000000000006,95,1.0,0.0,62.69541121925178,0.05147074210281617
5933,191.2000000000001,108,1.0,0.0,67.44350006886654,0.05144500673176477
5934,182.50000000000003,105,1.0,0.0,39.72422228412969,0.051419284228398886
5935,-33.700000000000045,87,0.0,1.0,38.00199598810453,0.05139357458628469
5936,182.00000000000006,100,1.0,0.0,40.4121673668921,0.05136787779899155
5937,187.00000000000006,110,1.0,0.0,40.27017370746894,0.05134219386009206
5938,185.60000000000008,104,1.0,0.0,29.12678721289222,0.051316522763162016
5939,186.40000000000006,96,1.0,0.0,56.88155119951504,0.051290864501780435
5940,189.2000000000001,108,1.0,0.0,34.52797221261318,0.05126521906952955
5941,184.50000000000006,105,1.0,0.0,28.427305352616877,0.05123958645999479
5942,188.00000000000006,100,1.0,0.0,49.82759451135993,0.051213966666764796
5943,189.60000000000008,124,1.0,0.0,29.432552181424633,0.05118835968343142
5944,-63.50000000000003,45,0.0,1.0,79.73083069307937,0.051162765503589704
5945,182.10000000000005,109,1.0,0.0,34.358251113342035,0.05113718412083791
5946,184.30000000000004,107,1.0,0.0,32.05319390320611,0.05111161552877749
5947,184.40000000000003,96,1.0,0.0,38.72471576634174,0.051086059721013106
5948,198.40000000000015,116,1.0,0.0,47.397310161834646,0.0510605166911526
5949,-37.40000000000006,74,0.0,1.0,25.588976160698646,0.051034986432807024
5950,192.10000000000008,109,1.0,0.0,26.817877387645048,0.05100946893959062
5951,190.3000000000001,107,1.0,0.0,35.91518806373683,0.05098396420512083
5952,190.30000000000007,107,1.0,0.0,68.93606530171688,0.050958472223018275
5953,188.7000000000001,103,1.0,0.0,43.248417414941834,0.05093299298690677
5954,189.00000000000006,110,1.0,0.0,53.51425432610241,0.050907526490413316
5955,196.10000000000014,109,1.0,0.0,24.917617333249762,0.05088207272716811
5956,183.60000000000002,104,1.0,0.0,39.95420155043785,0.05085663169080453
5957,191.5000000000001,115,1.0,0.0,38.19703745537478,0.05083120337495913
5958,187.8000000000001,102,1.0,0.0,28.16710113244606,0.05080578777327165
5959,-66.90000000000002,39,0.0,1.0,33.68241879802484,0.05078038487938502
5960,182.50000000000006,105,1.0,0.0,40.18656896558546,0.05075499468694533
5961,182.90000000000006,101,1.0,0.0,28.99674385188535,0.05072961718960186
5962,193.20000000000013,108,1.0,0.0,36.35899747963305,0.050704252381007064
5963,184.9000000000001,101,1.0,0.0,42.967725382140365,0.05067890025481656
5964,187.7000000000001,113,1.0,0.0,52.525896223772946,0.050653560804689156
5965,180.40000000000006,96,1.0,0.0,39.6362391479779,0.05062823402428682
5966,187.8000000000001,102,1.0,0.0,24.400908416977117,0.050602919907274675
5967,186.7000000000001,103,1.0,0.0,32.62889277428678,0.05057761844732104
5968,187.10000000000008,99,1.0,0.0,61.96462117308619,0.05055232963809738
5969,187.0000000000001,110,1.0,0.0,29.86660121923143,0.050527053473278336
5970,186.20000000000005,98,1.0,0.0,56.933240782773616,0.0505017899465417
5971,189.4000000000001,106,1.0,0.0,39.76243567797092,0.05047653905156843
5972,189.2000000000001,108,1.0,0.0,45.80385686498549,0.05045130078204265
5973,181.30000000000004,97,1.0,0.0,46.34259752802474,0.050426075131651635
5974,185.10000000000008,99,1.0,0.0,80.17900912034692,0.05040086209408581
5975,182.50000000000006,105,1.0,0.0,44.756130987405776,0.05037566166303877
5976,189.2000000000001,108,1.0,0.0,63.1765325817245,0.050350473832207254
5977,191.40000000000012,106,1.0,0.0,71.51116791817377,0.050325298595291154
5978,184.90000000000006,101,1.0,0.0,41.687025696334274,0.05030013594599351
5979,188.2000000000001,118,1.0,0.0,37.209699133821466,0.05027498587802051
5980,192.5000000000001,105,1.0,0.0,24.990355882013127,0.0502498483850815
5981,189.6000000000001,104,1.0,0.0,57.595885762514975,0.050224723460888965
5982,189.2000000000001,108,1.0,0.0,45.69496005725254,0.05019961109915852
5983,182.20000000000005,98,1.0,0.0,54.64128664333602,0.05017451129360894
5984,186.00000000000006,100,1.0,0.0,31.52874798838049,0.05014942403796214
5985,187.80000000000007,102,1.0,0.0,33.04132047266352,0.05012434932594316
5986,-27.50000000000003,85,0.0,1.0,69.22762785746771,0.05009928715128019
5987,181.10000000000002,99,1.0,0.0,31.78286946738007,0.05007423750770455
5988,-77.0,30,0.0,1.0,23.62261584525307,0.0500492003889507
5989,186.9000000000001,101,1.0,0.0,46.53330743246445,0.050024175788756224
5990,188.20000000000007,98,1.0,0.0,52.305656058371675,0.05
5991,185.60000000000005,104,1.0,0.0,82.12163336718312,0.05
5992,-65.30000000000003,43,0.0,1.0,63.82623631550476,0.05
5993,187.10000000000008,99,1.0,0.0,27.278337200934235,0.05
5994,186.20000000000005,118,1.0,0.0,31.717634818248325,0.05
5995,-33.600000000000065,76,0.0,1.0,35.56032524052027,0.05
5996,178.60000000000002,94,1.0,0.0,35.81917028129101,0.05
5997,179.10000000000005,99,1.0,0.0,34.48772396914887,0.05
5998,191.4000000000001,106,1.0,0.0,21.543863879551864,0.05
5999,197.20000000000013,108,1.0,0.0,18.694002922486376,0.05
6000,184.60000000000005,94,1.0,0.0,46.616737247305984,0.05
6001,191.0000000000001,110,1.0,0.0,33.1100941485302,0.05
6002,-56.10000000000004,51,0.0,1.0,14.820926118861227,0.05
6003,187.0000000000001,110,1.0,0.0,22.12430775599046,0.05
6004,190.50000000000009,105,1.0,0.0,29.868991053246315,0.05
6005,185.8000000000001,102,1.0,0.0,46.94411504611957,0.05
6006,195.70000000000013,113,1.0,0.0,27.11633234991964,0.05
6007,187.80000000000007,102,1.0,0.0,73.45208637124183,0.05
6008,-82.19999999999999,22,0.0,1.0,27.266691174696792,0.05
6009,180.40000000000003,96,1.0,0.0,53.90576287607352,0.05
6010,-38.500000000000064,75,0.0,1.0,9.250144144992033,0.05
6011,187.0000000000001,110,1.0,0.0,62.517382466860795,0.05
6012,193.70000000000013,113,1.0,0.0,32.90804605983791,0.05
6013,194.80000000000007,132,1.0,0.0,82.4533691929484,0.05
6014,183.80000000000007,102,1.0,0.0,60.66193604009116,0.05
6015,181.60000000000005,104,1.0,0.0,43.34651213425856,0.05
6016,189.10000000000008,99,1.0,0.0,26.549317672773444,0.05
6017,181.50000000000006,115,1.0,0.0,37.61223013038221,0.05
6018,187.6000000000001,104,1.0,0.0,51.75854041792739,0.05
6019,184.40000000000006,96,1.0,0.0,43.02344255157126,0.05
6020,181.50000000000006,95,1.0,0.0,82.9759854289262,0.05
6021,180.60000000000005,94,1.0,0.0,62.97736994755712,0.05
6022,187.80000000000007,102,1.0,0.0,40.15410804828885,0.05
6023,190.5000000000001,105,1.0,0.0,55.31220054654848,0.05
6024,-46.20000000000005,62,0.0,1.0,30.165125803000503,0.05
6025,192.5000000000001,105,1.0,0.0,40.76469244410594,0.05
6026,192.60000000000014,114,1.0,0.0,32.27556159595648,0.05
6027,184.00000000000006,100,1.0,0.0,67.60672107383608,0.05
6028,-64.40000000000002,44,0.0,1.0,0.39130957881835376,0.05
6029,186.9000000000001,101,1.0,0.0,50.26085552108465,0.05
6030,195.7000000000001,113,1.0,0.0,30.58891057612094,0.05
6031,184.9000000000001,101,1.0,0.0,24.376142730512242,0.05
6032,182.20000000000005,118,1.0,0.0,40.68273387438918,0.05
6033,184.20000000000005,98,1.0,0.0,30.260808474251203,0.05
6034,184.20000000000007,98,1.0,0.0,33.191915976149694,0.05
6035,190.00000000000009,100,1.0,0.0,37.461907261386514,0.05
6036,185.80000000000007,102,1.0,0.0,41.629099060434335,0.05
6037,-83.79999999999998,18,0.0,1.0,16.300345449811882,0.05
6038,185.80000000000007,102,1.0,0.0,39.2305798762131,0.05
6039,185.80000000000007,102,1.0,0.0,47.567870946418424,0.05
6040,188.9000000000001,101,1.0,0.0,31.277741589537353,0.05
6041,189.4000000000001,106,1.0,0.0,35.01919668723109,0.05
6042,191.6000000000001,104,1.0,0.0,63.00319140762664,0.05
6043,182.20000000000005,98,1.0,0.0,52.42006219072001,0.05
6044,186.00000000000006,100,1.0,0.0,13.12233518011868,0.05
6045,-31.60000000000005,76,0.0,1.0,75.7575041796816,0.05
6046,192.80000000000013,112,1.0,0.0,70.57747389622298,0.05
6047,182.70000000000005,103,1.0,0.0,48.84953856894982,0.05
6048,180.40000000000003,96,1.0,0.0,57.40615132567473,0.05
6049,189.60000000000008,104,1.0,0.0,44.17063414377089,0.05
6050,183.40000000000003,146,1.0,0.0,51.116861081848,0.05
6051,187.60000000000008,104,1.0,0.0,23.917441342599115,0.05
6052,184.7000000000001,103,1.0,0.0,31.47849159072904,0.05
6053,183.80000000000007,102,1.0,0.0,44.50868761159626,0.05
6054,193.10000000000014,119,1.0,0.0,28.549159842065905,0.05
6055,190.5000000000001,105,1.0,0.0,24.85588935918751,0.05
6056,187.4000000000001,106,1.0,0.0,56.812351554702474,0.05
6057,180.70000000000005,103,1.0,0.0,49.40885308392129,0.05
6058,180.80000000000004,92,1.0,0.0,33.50312305500974,0.05
6059,-60.80000000000003,48,0.0,1.0,80.16892033349723,0.05
6060,-62.200000000000024,42,0.0,1.0,45.13140526165565,0.05
6061,187.4000000000001,106,1.0,0.0,79.0265799329247,0.05
6062,183.8000000000001,102,1.0,0.0,41.086435034067605,0.05
6063,180.70000000000005,103,1.0,0.0,24.97075190915934,0.05
6064,193.9000000000001,111,1.0,0.0,34.377118080854416,0.05
6065,-36.500000000000064,75,0.0,1.0,50.93470313161612,0.05
6066,183.10000000000002,99,1.0,0.0,44.94137221559732,0.05
6067,194.80000000000013,112,1.0,0.0,55.20097162707576,0.05
6068,190.4000000000001,116,1.0,0.0,39.19037053926751,0.05
6069,187.8000000000001,102,1.0,0.0,68.93552442950507,0.05
6070,-32.10000000000005,91,0.0,1.0,22.136448929925542,0.05
6071,192.40000000000015,116,1.0,0.0,36.62039454538247,0.05
6072,187.8000000000001,102,1.0,0.0,54.79103221985347,0.05
6073,186.90000000000006,101,1.0,0.0,41.33526028294374,0.05
6074,182.90000000000006,101,1.0,0.0,29.70508654275448,0.05
6075,181.50000000000006,95,1.0,0.0,26.51667103602698,0.05
6076,179.90000000000003,91,1.0,0.0,56.35369409661699,0.05
6077,193.0000000000001,110,1.0,0.0,32.003018549152394,0.05
6078,-32.00000000000006,80,0.0,1.0,48.636986749060455,0.05
6079,187.7000000000001,113,1.0,0.0,45.222781398391305,0.05
6080,187.80000000000007,102,1.0,0.0,7.9424582530616545,0.05
6081,184.40000000000006,96,1.0,0.0,69.17898165403555,0.05
6082,189.80000000000007,102,1.0,0.0,48.46387606683899,0.05
6083,194.20000000000013,118,1.0,0.0,20.840827681881898,0.05
6084,188.7000000000001,103,1.0,0.0,44.61941815818687,0.05
6085,181.70000000000005,93,1.0,0.0,38.899027904916196,0.05
6086,186.10000000000014,109,1.0,0.0,48.66521037328954,0.05
6087,197.70000000000016,113,1.0,0.0,56.19755542542027,0.05
6088,-47.10000000000005,61,0.0,1.0,48.668505529033354,0.05
6089,68.00000000000051,200,0.0,0.0,57.30124555490911,0.05
6090,189.70000000000013,113,1.0,0.0,22.96473747663266,0.05
6091,189.90000000000012,111,1.0,0.0,36.52811187700377,0.05
6092,190.80000000000013,112,1.0,0.0,33.18631769124685,0.05
6093,187.2000000000001,108,1.0,0.0,73.80288182654314,0.05
6094,190.7000000000001,103,1.0,0.0,57.04825929328076,0.05
6095,176.10000000000053,189,1.0,0.0,29.6252273353477,0.05
6096,193.40000000000012,106,1.0,0.0,30.626929378593868,0.05
6097,-71.20000000000002,32,0.0,1.0,20.270728495437652,0.05
6098,184.30000000000007,107,1.0,0.0,37.558433259480466,0.05
6099,80.00000000000065,200,0.0,0.0,60.855168786421416,0.05
6100,180.00000000000017,120,1.0,0.0,33.25177423035105,0.05
6101,187.60000000000008,104,1.0,0.0,49.707805100255285,0.05
6102,186.2000000000004,158,1.0,0.0,51.46078201383352,0.05
6103,179.10000000000002,99,1.0,0.0,36.536211592832,0.05
6104,192.30000000000013,107,1.0,0.0,37.87522147665514,0.05
6105,196.80000000000013,112,1.0,0.0,25.19189570158986,0.05
6106,-27.100000000000023,81,0.0,1.0,23.516893690382993,0.05
6107,187.50000000000009,115,1.0,0.0,39.322875521494,0.05
6108,183.00000000000006,110,1.0,0.0,81.49088953943415,0.05
6109,185.90000000000012,111,1.0,0.0,22.086980356155216,0.05
6110,177.4000000000002,126,1.0,0.0,22.651172940811467,0.05
6111,190.20000000000016,118,1.0,0.0,71.90623291948084,0.05
6112,190.3000000000001,107,1.0,0.0,37.37016178966961,0.05
6113,189.9000000000001,111,1.0,0.0,45.48019188011552,0.05
6114,184.00000000000006,100,1.0,0.0,47.987983583807946,0.05
6115,-56.50000000000004,55,0.0,1.0,43.82859244604003,0.05
6116,195.70000000000016,113,1.0,0.0,29.600896961789214,0.05
6117,-87.39999999999999,14,0.0,1.0,183.3740482037621,0.05
6118,191.0000000000001,110,1.0,0.0,12.124474369734525,0.05
6119,-50.30000000000007,73,0.0,1.0,37.15570576774748,0.05
6120,185.40000000000003,106,1.0,0.0,42.062182857953715,0.05
6121,-40.100000000000065,71,0.0,1.0,52.18641976634382,0.05
6122,190.7000000000001,103,1.0,0.0,48.348803504939795,0.05
6123,184.00000000000006,100,1.0,0.0,44.60431682027876,0.05
6124,-39.000000000000064,70,0.0,1.0,41.68056471879993,0.05
6125,190.00000000000009,100,1.0,0.0,46.80931539617479,0.05
6126,190.7000000000001,103,1.0,0.0,11.83089843377905,0.05
6127,181.10000000000005,99,1.0,0.0,27.780065542068144,0.05
6128,187.60000000000008,104,1.0,0.0,59.01698817316299,0.05
6129,-61.300000000000026,43,0.0,1.0,61.546934921121185,0.05
6130,183.4000000000001,106,1.0,0.0,29.566695393186134,0.05
6131,-35.500000000000085,85,0.0,1.0,40.97370908970342,0.05
6132,182.80000000000004,92,1.0,0.0,52.270836217976786,0.05
6133,184.9000000000001,101,1.0,0.0,74.9792146877856,0.05
6134,187.40000000000006,106,1.0,0.0,18.531759847798998,0.05
6135,190.30000000000013,107,1.0,0.0,63.00277019159816,0.05
6136,185.80000000000007,102,1.0,0.0,32.706425966585385,0.05
6137,188.30000000000013,107,1.0,0.0,60.772954756202545,0.05
6138,186.40000000000006,116,1.0,0.0,41.313467154472036,0.05
6139,-44.60000000000009,86,0.0,1.0,29.13758851301878,0.05
6140,189.8000000000001,102,1.0,0.0,70.42635354100197,0.05
6141,191.9000000000001,111,1.0,0.0,45.3713125085777,0.05
6142,185.80000000000007,102,1.0,0.0,52.40926239259687,0.05
6143,178.60000000000002,94,1.0,0.0,27.999593299278555,0.05
6144,192.9000000000001,121,1.0,0.0,44.047642700250975,0.05
6145,194.30000000000013,107,1.0,0.0,84.39560181842508,0.05
6146,188.3000000000001,107,1.0,0.0,30.4641956095105,0.05
6147,-32.00000000000006,80,0.0,1.0,23.793203480541706,0.05
6148,183.2000000000001,108,1.0,0.0,72.39346209830708,0.05
6149,179.50000000000003,95,1.0,0.0,33.24224721271741,0.05
6150,-58.80000000000003,48,0.0,1.0,39.17748308383549,0.05
6151,-82.19999999999999,22,0.0,1.0,60.6713145845993,0.05
6152,-47.80000000000005,58,0.0,1.0,13.975391488008459,0.05
6153,187.8000000000001,102,1.0,0.0,73.43649077229202,0.05
6154,187.90000000000012,111,1.0,0.0,34.560233567614816,0.05
6155,186.80000000000013,112,1.0,0.0,51.270140489696395,0.05
6156,189.40000000000018,126,1.0,0.0,18.402633855267176,0.05
6157,182.1000000000001,109,1.0,0.0,54.72461777904985,0.05
6158,183.60000000000008,104,1.0,0.0,33.27090327072745,0.05
6159,185.60000000000005,104,1.0,0.0,20.731028569862247,0.05
6160,191.2000000000001,108,1.0,0.0,20.694080956418205,0.05
6161,191.5000000000001,115,1.0,0.0,51.54413619307072,0.05
6162,194.60000000000014,114,1.0,0.0,44.24964175405994,0.05
6163,-35.60000000000007,76,0.0,1.0,52.195256635840785,0.05
6164,190.10000000000014,109,1.0,0.0,41.256516001913525,0.05
6165,185.70000000000013,113,1.0,0.0,53.67186751645223,0.05
6166,-65.80000000000001,38,0.0,1.0,40.37205564622816,0.05
6167,191.4000000000001,106,1.0,0.0,71.84151368574152,0.05
6168,-64.20000000000002,42,0.0,1.0,44.006297248105206,0.05
6169,-78.4,24,0.0,1.0,55.47357749380171,0.05
6170,191.6000000000001,104,1.0,0.0,45.253787734903966,0.05
6171,183.40000000000006,106,1.0,0.0,14.02239702402983,0.05
6172,-56.60000000000006,66,0.0,1.0,29.413818375969473,0.05
6173,186.50000000000009,105,1.0,0.0,47.6013789025091,0.05
6174,185.10000000000008,99,1.0,0.0,81.89498636645801,0.05
6175,187.9000000000001,111,1.0,0.0,66.67120962368476,0.05
6176,-47.300000000000054,63,0.0,1.0,63.06915130880144,0.05
6177,185.0000000000001,110,1.0,0.0,43.749521273577756,0.05
6178,188.50000000000009,105,1.0,0.0,41.21877171077899,0.05
6179,187.90000000000006,111,1.0,0.0,67.10064400698955,0.05
6180,191.2000000000001,108,1.0,0.0,61.436341689899564,0.05
6181,191.60000000000008,104,1.0,0.0,48.500435430413255,0.05
6182,185.30000000000007,97,1.0,0.0,47.908842162834,0.05
6183,-33.2,92,0.0,1.0,40.039975632791936,0.05
6184,183.30000000000013,117,1.0,0.0,31.150689157983685,0.05
6185,189.8000000000001,102,1.0,0.0,38.5636604346481,0.05
6186,183.8000000000001,102,1.0,0.0,37.023980177865894,0.05
6187,182.60000000000005,94,1.0,0.0,35.42633610741889,0.05
6188,191.50000000000014,115,1.0,0.0,35.02339548876752,0.05
6189,186.50000000000009,105,1.0,0.0,57.20731784282696,0.05
6190,-23.199999999999974,92,0.0,1.0,70.6006317447223,0.05
6191,186.9000000000001,101,1.0,0.0,32.04734815996472,0.05
6192,-84.89999999999999,19,0.0,1.0,20.87954092025757,0.05
6193,182.40000000000003,96,1.0,0.0,33.8244306325602,0.05
6194,183.10000000000008,99,1.0,0.0,72.53589066787802,0.05
6195,188.9000000000001,101,1.0,0.0,70.43319420660339,0.05
6196,193.2000000000001,108,1.0,0.0,72.2347738188174,0.05
6197,186.00000000000006,100,1.0,0.0,15.099869770780206,0.05
6198,181.10000000000005,99,1.0,0.0,51.84873806843252,0.05
6199,186.00000000000006,100,1.0,0.0,37.94103912808001,0.05
6200,188.5000000000004,165,1.0,0.0,37.3415132820832,0.05
6201,193.80000000000013,122,1.0,0.0,30.889854765329204,0.05
6202,193.0000000000001,110,1.0,0.0,62.75610958222639,0.05
6203,185.30000000000007,97,1.0,0.0,40.10628848922314,0.05
6204,182.5000000000001,105,1.0,0.0,70.40757733526684,0.05
6205,183.90000000000003,111,1.0,0.0,36.169887666431094,0.05
6206,190.0000000000001,120,1.0,0.0,35.38876240675648,0.05
6207,184.40000000000006,96,1.0,0.0,54.87874060690714,0.05
6208,-84.19999999999999,22,0.0,1.0,30.4300333105705,0.05
6209,-28.400000000000006,84,0.0,1.0,81.7006095679743,0.05
6210,186.9000000000001,101,1.0,0.0,39.486889504412616,0.05
6211,186.9000000000001,101,1.0,0.0,35.76162273008929,0.05
6212,188.30000000000013,107,1.0,0.0,55.27878930865326,0.05
6213,-45.50000000000008,85,0.0,1.0,61.300173664005364,0.05
6214,189.60000000000008,104,1.0,0.0,69.10389263197206,0.05
6215,179.70000000000005,93,1.0,0.0,53.990295703132304,0.05
6216,186.20000000000007,98,1.0,0.0,43.36896573866204,0.05
6217,185.4000000000001,106,1.0,0.0,20.413172533173324,0.05
6218,188.6000000000001,114,1.0,0.0,60.32114447274229,0.05
6219,191.4000000000001,106,1.0,0.0,32.679703905405304,0.05
6220,188.00000000000009,100,1.0,0.0,65.6485315201059,0.05
6221,194.40000000000015,116,1.0,0.0,50.22257864590863,0.05
6222,182.40000000000003,96,1.0,0.0,76.97151074178207,0.05
6223,191.10000000000008,119,1.0,0.0,26.122690460636836,0.05
6224,185.40000000000006,106,1.0,0.0,47.85522042179726,0.05
6225,182.90000000000006,101,1.0,0.0,25.893121419935532,0.05
6226,187.10000000000008,99,1.0,0.0,32.33139103026402,0.05
6227,186.5000000000001,105,1.0,0.0,62.604540479467026,0.05
6228,184.20000000000005,98,1.0,0.0,14.953030341970068,0.05
6229,182.40000000000003,96,1.0,0.0,35.463969750873126,0.05
6230,187.60000000000008,104,1.0,0.0,58.280373223770695,0.05
6231,-62.60000000000003,46,0.0,1.0,33.12864600186763,0.05
6232,185.4000000000001,106,1.0,0.0,39.27269748260952,0.05
6233,190.60000000000014,114,1.0,0.0,52.140292647016935,0.05
6234,188.20000000000016,118,1.0,0.0,63.3531416090742,0.05
6235,180.90000000000006,101,1.0,0.0,44.78394781753863,0.05
6236,-29.100000000000023,81,0.0,1.0,36.78553245980063,0.05
6237,189.60000000000008,104,1.0,0.0,51.425828373632754,0.05
6238,189.80000000000007,102,1.0,0.0,6.436144298563401,0.05
6239,187.4000000000002,146,1.0,0.0,14.297874241097741,0.05
6240,182.30000000000004,107,1.0,0.0,43.73937352259304,0.05
6241,183.10000000000005,99,1.0,0.0,30.27333778045093,0.05
6242,-88.3,13,0.0,1.0,0.5671567848095527,0.05
6243,187.20000000000005,128,1.0,0.0,34.671751474787015,0.05
6244,191.00000000000023,130,1.0,0.0,52.73499833500156,0.05
6245,191.6000000000001,104,1.0,0.0,29.813201708360932,0.05
6246,-23.0,90,0.0,1.0,24.36681521241036,0.05
6247,186.50000000000006,105,1.0,0.0,28.417675992278827,0.05
6248,176.60000000000002,94,1.0,0.0,56.15162972210253,0.05
6249,185.10000000000008,99,1.0,0.0,51.444757502638936,0.05
6250,-20.69999999999989,117,0.0,1.0,31.83191594748925,0.05
6251,-75.7,27,0.0,1.0,79.08001879409507,0.05
6252,191.6000000000002,124,1.0,0.0,32.66668855747388,0.05
6253,-36.70000000000007,77,0.0,1.0,17.331846098137365,0.05
6254,192.3000000000001,107,1.0,0.0,50.826278729137975,0.05
6255,186.70000000000007,103,1.0,0.0,59.925584008465115,0.05
6256,185.60000000000008,104,1.0,0.0,44.35216685513464,0.05
6257,186.1000000000001,109,1.0,0.0,59.38316933783369,0.05
6258,189.50000000000017,115,1.0,0.0,46.07211352538155,0.05
6259,185.60000000000008,104,1.0,0.0,36.43780308933212,0.05
6260,180.40000000000003,96,1.0,0.0,13.224175547948107,0.05
6261,188.5000000000001,105,1.0,0.0,52.419112740528014,0.05
6262,188.80000000000007,112,1.0,0.0,47.316231212445665,0.05
6263,182.60000000000002,94,1.0,0.0,25.110070817568836,0.05
6264,183.20000000000007,108,1.0,0.0,48.57621712830883,0.05
6265,186.9000000000001,101,1.0,0.0,45.925780979123445,0.05
6266,180.90000000000006,101,1.0,0.0,41.35906213558842,0.05
6267,188.5000000000001,105,1.0,0.0,20.242628517037346,0.05
6268,196.10000000000014,109,1.0,0.0,32.78385462345333,0.05
6269,193.6000000000001,104,1.0,0.0,54.32127934114005,0.05
6270,187.4000000000001,106,1.0,0.0,70.83993680086338,0.05
6271,191.2000000000001,108,1.0,0.0,55.732483676531245,0.05
6272,185.2000000000001,108,1.0,0.0,34.54981748773544,0.05
6273,191.8000000000001,102,1.0,0.0,54.276508109169264,0.05
6274,187.0000000000001,110,1.0,0.0,55.20574549924243,0.05
6275,191.4000000000001,106,1.0,0.0,47.27556613333664,0.05
6276,179.40000000000035,166,1.0,0.0,30.81979979677911,0.05
6277,182.00000000000006,100,1.0,0.0,27.594479170143604,0.05
6278,190.6000000000001,114,1.0,0.0,16.46002035182819,0.05
6279,184.40000000000006,96,1.0,0.0,39.87366791201445,0.05
6280,193.40000000000012,126,1.0,0.0,41.8146972815314,0.05
6281,191.9000000000001,111,1.0,0.0,35.77807363901321,0.05
6282,191.5000000000001,115,1.0,0.0,42.03638910456844,0.05
6283,191.60000000000008,104,1.0,0.0,49.80878396640317,0.05
6284,180.0,100,1.0,0.0,71.40770786851644,0.05
6285,182.00000000000009,120,1.0,0.0,48.26426708108435,0.05
6286,-36.50000000000007,75,0.0,1.0,12.210186165869237,0.05
6287,-62.60000000000002,46,0.0,1.0,19.918718863602567,0.05
6288,187.20000000000007,108,1.0,0.0,37.92921896244365,0.05
6289,178.10000000000002,89,1.0,0.0,49.150214545679894,0.05
6290,188.00000000000006,100,1.0,0.0,31.96476750329137,0.05
6291,194.1000000000001,109,1.0,0.0,72.02884271631547,0.05
6292,68.00000000000061,200,0.0,0.0,44.79845327798277,0.05
6293,186.90000000000006,101,1.0,0.0,64.85714520853345,0.05
6294,183.70000000000024,133,1.0,0.0,73.81209954372922,0.05
6295,-35.30000000000008,83,0.0,1.0,41.552510064768505,0.05
6296,-51.60000000000004,56,0.0,1.0,54.452985264493954,0.05
6297,180.00000000000023,140,1.0,0.0,26.909593388810755,0.05
6298,178.00000000000057,200,1.0,0.0,53.325343687795105,0.05
6299,191.90000000000015,111,1.0,0.0,35.95373589498503,0.05
6300,185.8000000000001,102,1.0,0.0,23.151949036135978,0.05
6301,186.90000000000006,101,1.0,0.0,51.27244804836441,0.05
6302,-50.200000000000045,62,0.0,1.0,18.037668319479113,0.05
6303,188.50000000000009,105,1.0,0.0,38.64478575232483,0.05
6304,187.80000000000007,102,1.0,0.0,49.66469856439268,0.05
6305,189.80000000000007,102,1.0,0.0,55.5172399537017,0.05
6306,188.80000000000007,112,1.0,0.0,44.320616823820664,0.05
6307,190.7000000000001,103,1.0,0.0,55.744833249851915,0.05
6308,178.10000000000002,89,1.0,0.0,32.15415060746201,0.05
6309,192.1000000000001,109,1.0,0.0,64.82721151377356,0.05
6310,-77.0,30,0.0,1.0,85.49958812594414,0.05
6311,190.50000000000009,105,1.0,0.0,37.9870225196793,0.05
6312,187.60000000000008,104,1.0,0.0,19.56542994827032,0.05
6313,192.80000000000013,112,1.0,0.0,49.40116504326995,0.05
6314,-64.40000000000003,44,0.0,1.0,44.776017950678416,0.05
6315,187.10000000000008,99,1.0,0.0,48.66714794625236,0.05
6316,186.70000000000007,103,1.0,0.0,22.34744671551348,0.05
6317,191.9000000000001,111,1.0,0.0,66.32044507475855,0.05
6318,183.50000000000006,95,1.0,0.0,36.99641849139803,0.05
6319,188.80000000000007,112,1.0,0.0,32.864071449331405,0.05
6320,188.5000000000001,105,1.0,0.0,58.89329490597759,0.05
6321,182.00000000000006,100,1.0,0.0,39.3165893483907,0.05
6322,-56.80000000000003,48,0.0,1.0,51.19907417520881,0.05
6323,187.60000000000008,104,1.0,0.0,54.66506722984979,0.05
6324,182.20000000000005,98,1.0,0.0,35.29874425556282,0.05
6325,187.10000000000008,99,1.0,0.0,54.82424298143297,0.05
6326,198.20000000000016,118,1.0,0.0,26.703868291514404,0.05
6327,186.3000000000001,107,1.0,0.0,55.82667825698295,0.05
6328,183.2000000000001,108,1.0,0.0,47.54339997442784,0.05
6329,185.30000000000007,97,1.0,0.0,65.16676346389289,0.05
6330,193.90000000000012,111,1.0,0.0,34.14355604061941,0.05
6331,185.10000000000005,99,1.0,0.0,69.24990120612912,0.05
6332,-26.799999999999997,88,0.0,1.0,79.77759923777458,0.05
6333,185.80000000000007,102,1.0,0.0,47.00325652467561,0.05
6334,193.7000000000001,113,1.0,0.0,28.177605360054073,0.05
6335,189.6000000000001,104,1.0,0.0,35.09887120607667,0.05
6336,-61.300000000000026,43,0.0,1.0,45.87199306002883,0.05
6337,-34.40000000000006,84,0.0,1.0,71.04074443415517,0.05
6338,185.4000000000001,106,1.0,0.0,38.67850139940966,0.05
6339,-43.20000000000007,72,0.0,1.0,51.407286573097934,0.05
6340,189.2000000000001,108,1.0,0.0,43.0460976332564,0.05
6341,190.1000000000001,109,1.0,0.0,28.314876279699693,0.05
6342,193.6000000000001,104,1.0,0.0,48.84930964695433,0.05
6343,-26.000000000000014,100,0.0,1.0,59.154950019195674,0.05
6344,190.10000000000008,109,1.0,0.0,50.05729379627956,0.05
6345,184.30000000000007,107,1.0,0.0,55.229675525329384,0.05
6346,-60.50000000000004,55,0.0,1.0,52.526625235107815,0.05
6347,188.00000000000009,100,1.0,0.0,68.35108005240559,0.05
6348,189.70000000000013,113,1.0,0.0,63.681457105002046,0.05
6349,185.80000000000007,102,1.0,0.0,66.05855970230758,0.05
6350,194.60000000000014,114,1.0,0.0,47.71754774869534,0.05
6351,189.4000000000001,106,1.0,0.0,34.19736915222317,0.05
6352,-59.600000000000044,56,0.0,1.0,56.967623642645776,0.05
6353,182.40000000000003,96,1.0,0.0,34.81185097806156,0.05
6354,183.10000000000014,119,1.0,0.0,45.434326494441315,0.05
6355,193.20000000000013,108,1.0,0.0,29.586219479847287,0.05
6356,187.40000000000006,106,1.0,0.0,90.45766867535575,0.05
6357,185.60000000000008,104,1.0,0.0,70.38669536986316,0.05
6358,-60.60000000000003,46,0.0,1.0,93.04332753157486,0.05
6359,-84.69999999999999,17,0.0,1.0,36.69482377522132,0.05
6360,191.10000000000008,119,1.0,0.0,50.41866220327235,0.05
6361,82.00000000000061,200,0.0,0.0,68.96540498115122,0.05
6362,-50.90000000000004,59,0.0,1.0,56.28020802860038,0.05
6363,184.5000000000001,105,1.0,0.0,22.1159024871531,0.05
6364,196.20000000000016,118,1.0,0.0,58.614610302751345,0.05
6365,197.90000000000015,111,1.0,0.0,109.40999826265347,0.05
6366,184.20000000000005,98,1.0,0.0,67.91565640468379,0.05
6367,191.0000000000001,110,1.0,0.0,51.82468969435855,0.05
6368,-44.60000000000005,66,0.0,1.0,29.025907425266325,0.05
6369,186.70000000000016,123,1.0,0.0,47.45858248771449,0.05
6370,196.20000000000016,118,1.0,0.0,30.40733584944727,0.05
6371,193.0000000000001,110,1.0,0.0,64.15095167390325,0.05
6372,183.80000000000007,102,1.0,0.0,53.31431645790444,0.05
6373,196.30000000000013,107,1.0,0.0,56.16535164861479,0.05
6374,188.1000000000001,109,1.0,0.0,59.230053335564946,0.05
6375,187.10000000000008,99,1.0,0.0,70.39854087213976,0.05
6376,185.10000000000008,99,1.0,0.0,32.86179156232663,0.05
6377,186.60000000000014,114,1.0,0.0,60.947172204718775,0.05
6378,-57.600000000000044,56,0.0,1.0,16.42008858639747,0.05
6379,187.4000000000001,106,1.0,0.0,37.57149457952605,0.05
6380,-68.20000000000002,42,0.0,1.0,72.64197906248626,0.05
6381,185.20000000000007,108,1.0,0.0,61.946352181266306,0.05
6382,-73.9,29,0.0,1.0,65.36835044622421,0.05
6383,184.00000000000006,100,1.0,0.0,55.78541057512164,0.05
6384,186.70000000000005,103,1.0,0.0,72.54881385706582,0.05
6385,-27.700000000000017,87,0.0,1.0,44.12194352382901,0.05
6386,187.90000000000015,111,1.0,0.0,69.65397745981679,0.05
6387,188.30000000000013,107,1.0,0.0,64.73454924101863,0.05
6388,183.40000000000003,106,1.0,0.0,57.945272808086195,0.05
6389,191.9000000000001,111,1.0,0.0,83.517068389434,0.05
6390,186.80000000000007,112,1.0,0.0,36.69064276958151,0.05
6391,182.40000000000003,96,1.0,0.0,56.899269623526685,0.05
6392,187.2000000000002,128,1.0,0.0,43.99356052931398,0.05
6393,188.90000000000026,141,1.0,0.0,86.84092028660977,0.05
6394,186.20000000000007,118,1.0,0.0,18.87834544246227,0.05
6395,181.90000000000003,91,1.0,0.0,54.962086460747564,0.05
6396,186.10000000000008,109,1.0,0.0,82.6041981972959,0.05
6397,187.4000000000001,106,1.0,0.0,47.82590707440703,0.05
6398,188.50000000000009,105,1.0,0.0,35.082513549711024,0.05
6399,182.50000000000006,105,1.0,0.0,44.887006200779055,0.05
6400,181.8,102,1.0,0.0,22.377716507981805,0.05
6401,184.90000000000006,101,1.0,0.0,55.655589852445196,0.05
6402,189.40000000000012,106,1.0,0.0,39.094891407720326,0.05
6403,195.40000000000012,106,1.0,0.0,54.04901323825965,0.05
6404,190.7000000000001,103,1.0,0.0,44.32306728475881,0.05
6405,193.90000000000015,111,1.0,0.0,55.84743709231282,0.05
6406,181.30000000000004,97,1.0,0.0,95.61013074587915,0.05
6407,184.50000000000006,105,1.0,0.0,48.63049729331618,0.05
6408,192.80000000000013,112,1.0,0.0,54.68818657745474,0.05
6409,188.7000000000001,103,1.0,0.0,31.76833185011033,0.05
6410,191.2000000000001,108,1.0,0.0,34.846369702955364,0.05
6411,190.70000000000016,123,1.0,0.0,34.42053146218139,0.05
6412,198.40000000000015,116,1.0,0.0,25.00686956389711,0.05
6413,-54.100000000000065,71,0.0,1.0,40.40691187369152,0.05
6414,187.10000000000002,119,1.0,0.0,48.17079931835667,0.05
6415,175.0,90,1.0,0.0,21.515304585711824,0.05
6416,-25.09999999999974,141,0.0,1.0,55.06852759156667,0.05
6417,186.7000000000001,103,1.0,0.0,28.408379900368672,0.05
6418,194.20000000000013,118,1.0,0.0,32.95469798122422,0.05
6419,-66.9,39,0.0,1.0,67.85104026549902,0.05
6420,-57.20000000000004,52,0.0,1.0,50.379989484754894,0.05
6421,187.0000000000001,110,1.0,0.0,36.369460659000005,0.05
6422,184.90000000000006,101,1.0,0.0,32.99701603162702,0.05
6423,191.5000000000001,115,1.0,0.0,56.61274139311003,0.05
6424,190.9000000000001,101,1.0,0.0,58.1436428044102,0.05
6425,188.70000000000016,123,1.0,0.0,51.3698433417736,0.05
6426,191.2000000000001,108,1.0,0.0,39.15437465602601,0.05
6427,185.10000000000008,99,1.0,0.0,65.57528705435871,0.05
6428,192.30000000000013,107,1.0,0.0,30.465655437418235,0.05
6429,184.70000000000007,103,1.0,0.0,30.317995464049496,0.05
6430,182.20000000000005,98,1.0,0.0,39.42331177885739,0.05
6431,-74.60000000000002,46,0.0,1.0,66.34459697779106,0.05
6432,191.0000000000001,110,1.0,0.0,28.90573346831582,0.05
6433,194.40000000000012,116,1.0,0.0,42.483005239146536,0.05
6434,184.20000000000005,98,1.0,0.0,71.42729074842468,0.05
6435,191.8000000000001,102,1.0,0.0,56.88866659370708,0.05
6436,185.00000000000009,110,1.0,0.0,54.392788652127436,0.05
6437,186.9000000000001,101,1.0,0.0,63.59423570696375,0.05
6438,177.60000000000005,104,1.0,0.0,49.59300739733646,0.05
6439,189.20000000000007,108,1.0,0.0,85.2744805937012,0.05
6440,185.30000000000007,97,1.0,0.0,28.781846681052876,0.05
6441,188.50000000000009,105,1.0,0.0,53.70671932044483,0.05
6442,188.00000000000006,100,1.0,0.0,29.779157238081098,0.05
6443,192.30000000000013,107,1.0,0.0,55.85069063055181,0.05
6444,-36.700000000000095,97,0.0,1.0,61.183211469005066,0.05
6445,194.20000000000016,118,1.0,0.0,51.429267698046516,0.05
6446,177.0,90,1.0,0.0,56.16426744527287,0.05
6447,192.7000000000001,103,1.0,0.0,34.029205503900656,0.05
6448,192.6000000000001,114,1.0,0.0,37.30807527827851,0.05
6449,-53.30000000000005,63,0.0,1.0,37.7714601502059,0.05
6450,192.10000000000014,109,1.0,0.0,29.02019783567398,0.05
6451,188.7000000000001,103,1.0,0.0,61.875941629404004,0.05
6452,189.4000000000001,106,1.0,0.0,76.5538543378407,0.05
6453,186.7000000000001,103,1.0,0.0,44.39068810294554,0.05
6454,185.30000000000007,97,1.0,0.0,32.4123981698733,0.05
6455,-32.00000000000006,80,0.0,1.0,78.86609931830317,0.05
6456,187.10000000000008,99,1.0,0.0,40.9732181120551,0.05
6457,189.20000000000007,108,1.0,0.0,45.350178362111805,0.05
6458,179.3,97,1.0,0.0,19.577383814168346,0.05
6459,183.40000000000003,106,1.0,0.0,38.09612153006612,0.05
6460,186.90000000000006,101,1.0,0.0,44.66173702345626,0.05
6461,195.5000000000001,115,1.0,0.0,72.48305100980012,0.05
6462,183.60000000000008,104,1.0,0.0,45.00571928732097,0.05
6463,183.30000000000007,97,1.0,0.0,61.52999748274223,0.05
6464,183.80000000000004,102,1.0,0.0,57.17624569589309,0.05
6465,183.60000000000005,104,1.0,0.0,59.166289776205446,0.05
6466,-52.700000000000045,57,0.0,1.0,48.02940246449751,0.05
6467,187.60000000000008,104,1.0,0.0,54.17672148268097,0.05
6468,187.30000000000007,97,1.0,0.0,89.74626616987678,0.05
6469,183.30000000000004,97,1.0,0.0,81.43978871466572,0.05
6470,-45.70000000000005,67,0.0,1.0,55.9119516228562,0.05
6471,187.20000000000007,108,1.0,0.0,30.1034719635629,0.05
6472,187.8000000000001,102,1.0,0.0,48.06154732712928,0.05
6473,190.3000000000001,107,1.0,0.0,65.3029522521195,0.05
6474,180.00000000000006,100,1.0,0.0,58.24151097804308,0.05
6475,175.7,93,1.0,0.0,49.8769932427714,0.05
6476,183.80000000000007,102,1.0,0.0,43.33474405562761,0.05
6477,187.70000000000007,113,1.0,0.0,55.826996223523025,0.05
6478,187.2000000000001,108,1.0,0.0,42.28797175466187,0.05
6479,182.90000000000006,101,1.0,0.0,63.048365421740726,0.05
6480,183.00000000000006,110,1.0,0.0,47.1146523877301,0.05
6481,187.10000000000008,99,1.0,0.0,81.79697689978462,0.05
6482,191.2000000000001,108,1.0,0.0,28.07128722206862,0.05
6483,-52.40000000000005,64,0.0,1.0,17.597486447077245,0.05
6484,187.4000000000001,106,1.0,0.0,48.04942994831868,0.05
6485,191.2000000000001,108,1.0,0.0,37.41770402279993,0.05
6486,192.5000000000001,105,1.0,0.0,45.304592511057855,0.05
6487,189.8000000000001,102,1.0,0.0,42.645397488539125,0.05
6488,188.4000000000001,116,1.0,0.0,54.74997923722298,0.05
6489,186.40000000000006,96,1.0,0.0,48.57565860582205,0.05
6490,184.5000000000001,105,1.0,0.0,55.487002886689844,0.05
6491,191.90000000000015,111,1.0,0.0,52.27412373898132,0.05
6492,192.5000000000001,105,1.0,0.0,47.54986161994083,0.05
6493,186.10000000000008,109,1.0,0.0,63.29237465621955,0.05
6494,189.5000000000001,115,1.0,0.0,43.27310761809349,0.05
6495,185.30000000000007,97,1.0,0.0,27.757161690709516,0.05
6496,191.9000000000001,111,1.0,0.0,70.18965124140854,0.05
6497,186.7000000000001,103,1.0,0.0,33.169344078785585,0.05
6498,-86.29999999999998,33,0.0,1.0,60.3752237039082,0.05
6499,189.80000000000007,102,1.0,0.0,68.00181893982432,0.05
6500,192.30000000000013,107,1.0,0.0,45.25094186438021,0.05
6501,185.60000000000008,104,1.0,0.0,52.58774626176231,0.05
6502,186.7000000000001,103,1.0,0.0,62.6644677901731,0.05
6503,191.0000000000001,110,1.0,0.0,30.228765196285465,0.05
6504,188.10000000000014,109,1.0,0.0,47.348937096535614,0.05
6505,188.5000000000001,105,1.0,0.0,39.786269693928105,0.05
6506,191.7000000000001,113,1.0,0.0,72.02616235910527,0.05
6507,194.40000000000012,116,1.0,0.0,62.55356822085792,0.05
6508,180.50000000000006,105,1.0,0.0,62.599567414465405,0.05
6509,183.30000000000004,97,1.0,0.0,60.68420680435663,0.05
6510,191.40000000000012,106,1.0,0.0,57.63362728073349,0.05
6511,-59.70000000000003,47,0.0,1.0,30.26797639594433,0.05
6512,189.4000000000001,106,1.0,0.0,64.43245801758373,0.05
6513,184.20000000000005,98,1.0,0.0,37.3226753464919,0.05
6514,194.10000000000014,109,1.0,0.0,51.18959760590704,0.05
6515,192.10000000000008,109,1.0,0.0,38.74565519009708,0.05
6516,181.3,97,1.0,0.0,57.46264186970045,0.05
6517,192.7000000000001,103,1.0,0.0,58.9124475590957,0.05
6518,184.40000000000003,96,1.0,0.0,34.01587968637856,0.05
6519,184.90000000000006,101,1.0,0.0,67.42078207964354,0.05
6520,191.0000000000001,110,1.0,0.0,51.45879477154125,0.05
6521,190.7000000000001,103,1.0,0.0,30.057074079199612,0.05
6522,189.9000000000001,111,1.0,0.0,37.75007308143619,0.05
6523,189.60000000000008,104,1.0,0.0,14.66180999806294,0.05
6524,188.7000000000001,103,1.0,0.0,66.86077217989177,0.05
6525,187.00000000000009,110,1.0,0.0,48.87970578148961,0.05
6526,192.10000000000008,109,1.0,0.0,39.188315393249376,0.05
6527,-31.0,90,0.0,1.0,68.91310035867824,0.05
6528,194.80000000000013,112,1.0,0.0,45.85449734343482,0.05
6529,189.4000000000001,106,1.0,0.0,29.89333139690307,0.05
6530,186.7000000000001,103,1.0,0.0,41.668758642398615,0.05
6531,188.30000000000007,107,1.0,0.0,63.95245786770204,0.05
6532,-26.999999999999915,110,0.0,1.0,86.08641837090254,0.05
6533,183.00000000000006,110,1.0,0.0,39.63782881904732,0.05
6534,185.30000000000007,97,1.0,0.0,25.623372020948793,0.05
6535,185.80000000000007,102,1.0,0.0,54.87471934480995,0.05
6536,197.50000000000014,115,1.0,0.0,37.713694086476515,0.05
6537,183.60000000000008,104,1.0,0.0,32.65907581215008,0.05
6538,182.00000000000006,100,1.0,0.0,18.43405871681869,0.05
6539,187.10000000000008,99,1.0,0.0,49.3997054636629,0.05
6540,185.40000000000006,106,1.0,0.0,47.21193423726648,0.05
6541,195.30000000000015,117,1.0,0.0,74.36298063365568,0.05
6542,177.5,95,1.0,0.0,28.533349326880355,0.05
6543,188.30000000000013,107,1.0,0.0,56.239117666382654,0.05
6544,188.70000000000007,103,1.0,0.0,34.67326843355176,0.05
6545,188.20000000000007,98,1.0,0.0,48.56340992100993,0.05
6546,184.40000000000003,96,1.0,0.0,74.56190120844015,0.05
6547,187.4000000000001,106,1.0,0.0,46.16854491583862,0.05
6548,-55.400000000000034,54,0.0,1.0,39.78602383948035,0.05
6549,190.7000000000001,103,1.0,0.0,41.96279233932785,0.05
6550,189.80000000000007,102,1.0,0.0,55.60045186459434,0.05
6551,186.9000000000001,101,1.0,0.0,40.861729444622405,0.05
6552,185.0000000000001,110,1.0,0.0,29.731563808701257,0.05
6553,189.9000000000001,111,1.0,0.0,57.63309166936187,0.05
6554,200.40000000000018,116,1.0,0.0,18.28785873313659,0.05
6555,-50.10000000000005,71,0.0,1.0,45.676397148887034,0.05
6556,186.00000000000006,100,1.0,0.0,41.19147116236389,0.05
6557,185.10000000000005,99,1.0,0.0,41.11456356814714,0.05
6558,186.00000000000006,100,1.0,0.0,33.08550665415824,0.05
6559,-58.90000000000004,59,0.0,1.0,21.754474789156752,0.05
6560,184.9000000000001,101,1.0,0.0,70.91055400824487,0.05
6561,189.8000000000001,102,1.0,0.0,35.79366731435499,0.05
6562,188.50000000000006,105,1.0,0.0,58.885726462233634,0.05
6563,194.80000000000015,112,1.0,0.0,72.77571129745671,0.05
6564,190.5000000000001,105,1.0,0.0,59.23163165733928,0.05
6565,187.30000000000007,97,1.0,0.0,38.37938507431254,0.05
6566,-43.60000000000007,76,0.0,1.0,68.87696081988122,0.05
6567,-47.50000000000006,65,0.0,1.0,40.44577931773204,0.05
6568,180.20000000000005,98,1.0,0.0,58.80151267011403,0.05
6569,191.0000000000001,110,1.0,0.0,66.20034591453997,0.05
6570,181.30000000000004,97,1.0,0.0,30.78708794010208,0.05
6571,193.70000000000016,113,1.0,0.0,64.32597975630677,0.05
6572,185.10000000000008,99,1.0,0.0,65.81507320250526,0.05
6573,185.80000000000007,102,1.0,0.0,55.436077851875154,0.05
6574,188.20000000000007,98,1.0,0.0,56.90519255909081,0.05
6575,189.10000000000008,99,1.0,0.0,33.713529245495195,0.05
6576,182.40000000000006,96,1.0,0.0,52.550328604488946,0.05
6577,190.3000000000001,107,1.0,0.0,52.133014583072374,0.05
6578,183.10000000000002,99,1.0,0.0,48.863157683324935,0.05
6579,189.70000000000013,113,1.0,0.0,47.35447321818993,0.05
6580,186.30000000000007,107,1.0,0.0,42.87251039476038,0.05
6581,188.00000000000006,100,1.0,0.0,51.019374237582085,0.05
6582,180.50000000000003,105,1.0,0.0,47.51258155824173,0.05
6583,194.10000000000014,109,1.0,0.0,78.27029149364168,0.05
6584,-44.10000000000005,71,0.0,1.0,34.78723806803915,0.05
6585,191.4000000000001,106,1.0,0.0,56.456922394381664,0.05
6586,178.10000000000002,89,1.0,0.0,55.003527018963624,0.05
6587,185.20000000000005,108,1.0,0.0,47.90716944697002,0.05
6588,188.00000000000006,100,1.0,0.0,46.4725993270427,0.05
6589,195.0000000000001,110,1.0,0.0,62.25073879686269,0.05
6590,185.30000000000007,97,1.0,0.0,71.0967738875716,0.05
6591,190.3000000000001,107,1.0,0.0,57.43735452609084,0.05
6592,-66.70000000000005,57,0.0,1.0,54.49145932025031,0.05
6593,178.00000000000003,100,1.0,0.0,56.004912880733606,0.05
6594,187.00000000000006,110,1.0,0.0,61.23585685308684,0.05
6595,186.00000000000006,100,1.0,0.0,58.40194968879223,0.05
6596,184.9000000000001,101,1.0,0.0,54.110488670444724,0.05
6597,-91.0,10,0.0,1.0,0.5548959344625473,0.05
6598,184.90000000000003,101,1.0,0.0,25.203067399561405,0.05
6599,191.6000000000001,104,1.0,0.0,55.04361303666463,0.05
6600,-53.40000000000004,54,0.0,1.0,36.63369595245631,0.05
6601,193.0000000000001,110,1.0,0.0,39.93209513127804,0.05
6602,194.10000000000014,109,1.0,0.0,19.29093644651798,0.05
6603,187.40000000000006,106,1.0,0.0,30.758071370563417,0.05
6604,179.5,95,1.0,0.0,16.1458571719888,0.05
6605,192.10000000000014,109,1.0,0.0,57.41502182472736,0.05
6606,184.90000000000006,101,1.0,0.0,55.486091627342866,0.05
6607,188.7000000000001,103,1.0,0.0,58.75834188429476,0.05
6608,190.00000000000009,100,1.0,0.0,49.35111260607839,0.05
6609,194.80000000000013,112,1.0,0.0,46.40011628284784,0.05
6610,189.4000000000001,106,1.0,0.0,47.63466585800052,0.05
6611,-76.8,28,0.0,1.0,47.538390872733935,0.05
6612,189.2000000000001,108,1.0,0.0,36.9900086172339,0.05
6613,183.10000000000005,99,1.0,0.0,36.73845780001144,0.05
6614,190.3000000000001,107,1.0,0.0,40.847015497353034,0.05
6615,183.10000000000005,99,1.0,0.0,46.46639887883206,0.05
6616,-82.0,20,0.0,1.0,124.22527800165116,0.05
6617,-25.000000000000014,90,0.0,1.0,75.93621292139093,0.05
6618,185.00000000000006,110,1.0,0.0,25.56646259677681,0.05
6619,185.40000000000006,106,1.0,0.0,53.2288183240958,0.05
6620,187.30000000000013,117,1.0,0.0,47.007051690203,0.05
6621,191.4000000000001,106,1.0,0.0,37.65213465212651,0.05
6622,189.60000000000008,104,1.0,0.0,56.13019624463497,0.05
6623,194.80000000000013,112,1.0,0.0,32.96128190910843,0.05
6624,-46.300000000000125,113,0.0,1.0,37.17808087849248,0.05
6625,191.70000000000016,113,1.0,0.0,41.30738767869441,0.05
6626,194.60000000000014,114,1.0,0.0,40.12374325083536,0.05
6627,187.2000000000001,108,1.0,0.0,68.05144880236023,0.05
6628,184.40000000000003,96,1.0,0.0,78.05357837995204,0.05
6629,185.3000000000001,117,1.0,0.0,49.18917864631129,0.05
6630,186.3000000000001,107,1.0,0.0,75.39785750642001,0.05
6631,178.40000000000003,96,1.0,0.0,21.719388966681436,0.05
6632,186.20000000000007,98,1.0,0.0,41.404755684338056,0.05
6633,196.40000000000018,116,1.0,0.0,40.576440235728334,0.05
6634,-40.60000000000006,66,0.0,1.0,37.022137793063216,0.05
6635,181.40000000000006,106,1.0,0.0,54.437665154559994,0.05
6636,186.80000000000013,112,1.0,0.0,49.37725509909381,0.05
6637,-53.40000000000004,54,0.0,1.0,34.21128785830957,0.05
6638,-57.70000000000003,47,0.0,1.0,40.85999595643358,0.05
6639,-65.30000000000001,43,0.0,1.0,43.885175648643525,0.05
6640,-21.499999999999886,105,0.0,1.0,46.563220462451376,0.05
6641,-27.899999999999892,109,0.0,1.0,48.859563163319315,0.05
6642,184.90000000000006,101,1.0,0.0,66.51457912482248,0.05
6643,185.4000000000001,106,1.0,0.0,31.568833274380218,0.05
6644,-28.099999999999824,131,0.0,1.0,57.26248700609644,0.05
6645,197.50000000000017,115,1.0,0.0,55.54747657354759,0.05
6646,186.00000000000009,100,1.0,0.0,61.06194972977042,0.05
6647,178.3,87,1.0,0.0,58.11723084508002,0.05
6648,184.70000000000005,103,1.0,0.0,79.99726198772782,0.05
6649,185.80000000000018,122,1.0,0.0,70.94918669754121,0.05
6650,184.9000000000001,101,1.0,0.0,35.185899675482574,0.05
6651,180.60000000000002,94,1.0,0.0,43.323067693634236,0.05
6652,185.10000000000008,99,1.0,0.0,62.08186065661486,0.05
6653,-70.70000000000002,37,0.0,1.0,66.7854795643204,0.05
6654,178.4,96,1.0,0.0,39.25398236140609,0.05
6655,-27.900000000000006,89,0.0,1.0,53.271348285959675,0.05
6656,187.4000000000001,106,1.0,0.0,41.087071961108244,0.05
6657,192.60000000000008,114,1.0,0.0,93.19462750734468,0.05
6658,192.3000000000001,107,1.0,0.0,63.49861947655956,0.05
6659,185.10000000000008,99,1.0,0.0,62.17304157601161,0.05
6660,191.6000000000001,104,1.0,0.0,71.17454170292386,0.05
6661,183.4000000000002,126,1.0,0.0,39.97825907844873,0.05
6662,194.5000000000001,105,1.0,0.0,61.026662964835054,0.05
6663,192.3000000000001,107,1.0,0.0,41.61698384631738,0.05
6664,191.00000000000009,110,1.0,0.0,23.88976864482869,0.05
6665,188.30000000000013,107,1.0,0.0,30.791854950103247,0.05
6666,175.50000000000037,155,1.0,0.0,55.53657541871071,0.05
6667,184.90000000000006,101,1.0,0.0,47.998491727774685,0.05
6668,185.4000000000001,106,1.0,0.0,15.705101577881372,0.05
6669,191.10000000000008,119,1.0,0.0,31.897534700940135,0.05
6670,184.30000000000007,107,1.0,0.0,43.923233219187395,0.05
6671,185.60000000000008,104,1.0,0.0,59.845288662311546,0.05
6672,183.40000000000003,106,1.0,0.0,47.186755632032764,0.05
6673,80.00000000000055,200,0.0,0.0,44.68558231458068,0.05
6674,-46.00000000000005,60,0.0,1.0,60.94973244542877,0.05
6675,185.80000000000007,102,1.0,0.0,35.75597363695795,0.05
6676,182.40000000000006,96,1.0,0.0,49.88221001516407,0.05
6677,-79.69999999999999,27,0.0,1.0,51.2044199216697,0.05
6678,186.3000000000001,107,1.0,0.0,55.438345814628576,0.05
6679,184.90000000000003,101,1.0,0.0,26.998150503797696,0.05
6680,185.10000000000008,99,1.0,0.0,40.308284149928525,0.05
6681,-30.90000000000005,79,0.0,1.0,38.65578153559679,0.05
6682,189.0000000000001,110,1.0,0.0,48.261436787112196,0.05
6683,191.70000000000016,113,1.0,0.0,44.59654726694643,0.05
6684,187.10000000000008,99,1.0,0.0,25.17789971572582,0.05
6685,188.00000000000006,100,1.0,0.0,36.440828780680896,0.05
6686,180.60000000000002,94,1.0,0.0,40.14967806906776,0.05
6687,187.2000000000001,108,1.0,0.0,71.15074367931595,0.05
6688,189.0000000000001,110,1.0,0.0,67.17967858212916,0.05
6689,181.80000000000007,102,1.0,0.0,77.42498950455703,0.05
6690,188.3000000000001,107,1.0,0.0,33.67625446652419,0.05
6691,186.40000000000015,116,1.0,0.0,38.30120202764098,0.05
6692,-34.70000000000006,77,0.0,1.0,24.50411103220729,0.05
6693,188.70000000000007,103,1.0,0.0,51.63686944023498,0.05
6694,180.8,92,1.0,0.0,34.47086961656485,0.05
6695,197.00000000000014,110,1.0,0.0,34.4460752745921,0.05
6696,-38.100000000000065,71,0.0,1.0,74.7087557567677,0.05
6697,187.8000000000001,102,1.0,0.0,42.988988875904504,0.05
6698,195.20000000000013,108,1.0,0.0,24.252109253365134,0.05
6699,186.7000000000001,103,1.0,0.0,73.79332139191118,0.05
6700,188.3000000000001,107,1.0,0.0,44.10225553859338,0.05
6701,-91.0,10,0.0,1.0,0.44199482500553133,0.05
6702,186.50000000000006,105,1.0,0.0,48.32052510863259,0.05
6703,72.00000000000057,200,0.0,0.0,59.94100276730955,0.05
6704,189.70000000000016,113,1.0,0.0,64.81479451251505,0.05
6705,-67.00000000000003,50,0.0,1.0,100.55266756683588,0.05
6706,-42.60000000000007,86,0.0,1.0,35.70166407854751,0.05
6707,190.00000000000009,100,1.0,0.0,46.54891282007098,0.05
6708,189.4000000000001,106,1.0,0.0,69.93688711003875,0.05
6709,-37.000000000000064,70,0.0,1.0,25.357627325717893,0.05
6710,193.90000000000012,111,1.0,0.0,56.721638987797334,0.05
6711,187.60000000000008,104,1.0,0.0,48.4694318681812,0.05
6712,189.8000000000001,102,1.0,0.0,46.21824656207772,0.05
6713,192.30000000000013,107,1.0,0.0,84.52920748752969,0.05
6714,-72.20000000000002,42,0.0,1.0,64.85518941230008,0.05
6715,184.5000000000001,105,1.0,0.0,64.03808061963036,0.05
6716,184.60000000000005,94,1.0,0.0,68.17027937922072,0.05
6717,188.20000000000007,98,1.0,0.0,25.409654764648604,0.05
6718,-68.30000000000004,53,0.0,1.0,83.3609564107544,0.05
6719,184.20000000000005,98,1.0,0.0,50.77576149635169,0.05
6720,-82.89999999999999,19,0.0,1.0,43.017347630701565,0.05
6721,188.00000000000009,100,1.0,0.0,48.492177204936745,0.05
6722,182.60000000000008,114,1.0,0.0,48.37868544237133,0.05
6723,-31.100000000000023,81,0.0,1.0,57.01521527242881,0.05
6724,184.40000000000006,96,1.0,0.0,79.43797760561574,0.05
6725,187.60000000000008,104,1.0,0.0,61.88450744332602,0.05
6726,183.50000000000006,95,1.0,0.0,67.723821683777,0.05
6727,193.2000000000001,108,1.0,0.0,41.87319152015779,0.05
6728,-74.10000000000001,31,0.0,1.0,0.32573649311257946,0.05
6729,189.4000000000001,106,1.0,0.0,57.330925443754445,0.05
6730,190.30000000000013,107,1.0,0.0,77.18898556729621,0.05
6731,-70.70000000000002,37,0.0,1.0,18.82095326885984,0.05
6732,183.30000000000004,97,1.0,0.0,32.62884523339339,0.05
6733,190.5000000000001,105,1.0,0.0,58.315606184800465,0.05
6734,-47.100000000000044,61,0.0,1.0,63.9462157556268,0.05
6735,186.30000000000007,107,1.0,0.0,38.10331431630059,0.05
6736,-71.4,34,0.0,1.0,93.51093447580934,0.05
6737,-74.80000000000001,28,0.0,1.0,46.402387767497984,0.05
6738,191.9000000000001,111,1.0,0.0,48.727698068293904,0.05
6739,186.80000000000013,112,1.0,0.0,47.699167371261865,0.05
6740,-40.30000000000006,73,0.0,1.0,31.880644871049547,0.05
6741,-60.60000000000003,46,0.0,1.0,82.9084387074994,0.05
6742,183.4000000000001,106,1.0,0.0,81.94468492339804,0.05
6743,178.90000000000018,121,1.0,0.0,69.16066989210273,0.05
6744,188.4000000000001,116,1.0,0.0,55.377137933665054,0.05
6745,182.20000000000005,98,1.0,0.0,60.62262799263913,0.05
6746,188.7000000000001,103,1.0,0.0,30.197811674869175,0.05
6747,-89.99999999999999,20,0.0,1.0,56.924622463434936,0.05
6748,186.5000000000001,105,1.0,0.0,77.27694026316915,0.05
6749,188.7000000000001,103,1.0,0.0,25.383301165063404,0.05
6750,-54.70000000000004,57,0.0,1.0,29.316401600184147,0.05
6751,195.0000000000001,150,1.0,0.0,58.65915341446797,0.05
6752,185.5000000000001,115,1.0,0.0,83.06901994490106,0.05
6753,188.50000000000009,105,1.0,0.0,70.78689853669633,0.05
6754,189.2000000000001,108,1.0,0.0,58.363855846812605,0.05
6755,194.60000000000014,114,1.0,0.0,48.80571424346744,0.05
6756,187.30000000000007,97,1.0,0.0,48.513213309200154,0.05
6757,178.20000000000005,98,1.0,0.0,36.94166300491411,0.05
6758,185.30000000000007,97,1.0,0.0,34.333653356918354,0.05
6759,191.90000000000012,131,1.0,0.0,65.4666818438368,0.05
6760,-61.300000000000026,43,0.0,1.0,33.53711523670097,0.05
6761,-68.50000000000001,35,0.0,1.0,52.59976732922452,0.05
6762,183.60000000000008,104,1.0,0.0,65.23820202561238,0.05
6763,178.8,92,1.0,0.0,41.449584755236685,0.05
6764,193.00000000000014,110,1.0,0.0,29.23299196294763,0.05
6765,184.20000000000005,98,1.0,0.0,39.66929782075541,0.05
6766,186.50000000000009,105,1.0,0.0,42.20083775981551,0.05
6767,192.5000000000001,105,1.0,0.0,41.54635700767948,0.05
6768,187.80000000000007,102,1.0,0.0,30.76339686917616,0.05
6769,188.00000000000006,100,1.0,0.0,76.00434513419867,0.05
6770,189.90000000000015,111,1.0,0.0,35.75220734659616,0.05
6771,187.00000000000006,110,1.0,0.0,64.5308406317776,0.05
6772,-57.20000000000003,52,0.0,1.0,96.85939664135759,0.05
6773,-65.80000000000001,38,0.0,1.0,5.455901638065514,0.05
6774,192.1000000000001,109,1.0,0.0,61.41610812498342,0.05
6775,188.4000000000001,116,1.0,0.0,70.54500458845547,0.05
6776,186.20000000000007,98,1.0,0.0,82.35692536922134,0.05
6777,192.80000000000013,112,1.0,0.0,100.96846976423902,0.05
6778,191.50000000000017,115,1.0,0.0,60.566289324151434,0.05
6779,191.2000000000001,108,1.0,0.0,66.3020486317713,0.05
6780,190.5000000000001,105,1.0,0.0,58.03433348380384,0.05
6781,186.00000000000006,100,1.0,0.0,73.84860674127937,0.05
6782,186.9000000000001,101,1.0,0.0,43.20318884424644,0.05
6783,-64.39999999999978,164,0.0,1.0,50.43682592057782,0.05
6784,-50.90000000000004,59,0.0,1.0,69.09357264789485,0.05
6785,181.8,102,1.0,0.0,35.324355256835034,0.05
6786,185.4000000000001,106,1.0,0.0,71.15749071946122,0.05
6787,-28.599999999999994,86,0.0,1.0,61.493135674228505,0.05
6788,184.50000000000009,105,1.0,0.0,56.27800780194146,0.05
6789,188.9000000000001,101,1.0,0.0,64.44380198419094,0.05
6790,179.50000000000003,95,1.0,0.0,51.68803580622924,0.05
6791,194.90000000000012,121,1.0,0.0,66.62184322508406,0.05
6792,185.80000000000007,102,1.0,0.0,81.67134395219824,0.05
6793,180.40000000000003,96,1.0,0.0,55.367973220845066,0.05
6794,192.30000000000013,107,1.0,0.0,67.94266855187506,0.05
6795,191.2000000000001,108,1.0,0.0,57.89952567419796,0.05
6796,193.50000000000017,115,1.0,0.0,52.685028863536274,0.05
6797,180.70000000000005,103,1.0,0.0,78.5003322527102,0.05
6798,185.30000000000007,97,1.0,0.0,43.94985696074274,0.05
6799,188.7000000000001,103,1.0,0.0,54.98744463175535,0.05
6800,202.20000000000016,118,1.0,0.0,78.2276035420344,0.05
6801,188.00000000000006,100,1.0,0.0,29.90151881173253,0.05
6802,-46.80000000000005,68,0.0,1.0,61.37830020454438,0.05
6803,193.0000000000001,110,1.0,0.0,52.93108110590415,0.05
6804,194.6000000000001,114,1.0,0.0,60.52331355730431,0.05
6805,-62.40000000000002,44,0.0,1.0,71.37676511450924,0.05
6806,190.50000000000009,105,1.0,0.0,99.65005986108666,0.05
6807,195.0000000000001,110,1.0,0.0,33.96132310324094,0.05
6808,185.30000000000007,97,1.0,0.0,67.03495928168911,0.05
6809,-55.10000000000005,61,0.0,1.0,33.0954584308335,0.05
6810,186.00000000000006,100,1.0,0.0,58.12626254856586,0.05
6811,186.9000000000001,101,1.0,0.0,57.38236575293364,0.05
6812,-63.300000000000026,43,0.0,1.0,77.06736405384402,0.05
6813,185.2000000000001,108,1.0,0.0,34.1874678482612,0.05
6814,-64.20000000000002,42,0.0,1.0,45.587637123430056,0.05
6815,186.10000000000008,109,1.0,0.0,34.25234560524925,0.05
6816,189.60000000000008,104,1.0,0.0,101.69660253894443,0.05
6817,182.40000000000003,96,1.0,0.0,64.93819005096641,0.05
6818,186.70000000000007,103,1.0,0.0,125.42695995695094,0.05
6819,183.10000000000005,99,1.0,0.0,64.29055201051513,0.05
6820,184.20000000000005,98,1.0,0.0,89.25682566505002,0.05
6821,189.4000000000001,106,1.0,0.0,51.970850954710876,0.05
6822,191.2000000000001,108,1.0,0.0,39.649546846609425,0.05
6823,181.80000000000007,102,1.0,0.0,82.13056651619719,0.05
6824,191.20000000000013,108,1.0,0.0,50.381043369571366,0.05
6825,184.50000000000009,105,1.0,0.0,42.734377079528,0.05
6826,182.60000000000002,94,1.0,0.0,33.82614120611168,0.05
6827,188.5000000000001,105,1.0,0.0,76.08206888770773,0.05
6828,179.90000000000003,111,1.0,0.0,80.18025234979284,0.05
6829,187.80000000000007,102,1.0,0.0,26.816289056238592,0.05
6830,189.4000000000001,106,1.0,0.0,48.80569539922026,0.05
6831,189.4000000000001,106,1.0,0.0,75.3767412953641,0.05
6832,186.90000000000006,101,1.0,0.0,62.14809978141053,0.05
6833,182.40000000000003,96,1.0,0.0,40.66223506939908,0.05
6834,194.2000000000001,118,1.0,0.0,64.65309122233194,0.05
6835,190.80000000000007,112,1.0,0.0,39.31684697885066,0.05
6836,184.40000000000006,96,1.0,0.0,45.942235575484425,0.05
6837,-79.3,23,0.0,1.0,215.66216429938441,0.05
6838,187.80000000000007,102,1.0,0.0,18.351245990278674,0.05
6839,186.9000000000001,101,1.0,0.0,52.502867488946656,0.05
6840,181.50000000000006,95,1.0,0.0,33.94837324603608,0.05
6841,183.80000000000007,102,1.0,0.0,67.27815608559725,0.05
6842,-33.80000000000007,78,0.0,1.0,36.26557945717986,0.05
6843,187.9000000000001,111,1.0,0.0,74.28909621857576,0.05
6844,189.6000000000001,104,1.0,0.0,65.16881838097022,0.05
6845,193.90000000000015,111,1.0,0.0,88.45563250739832,0.05
6846,-40.30000000000007,73,0.0,1.0,78.71562588347555,0.05
6847,184.40000000000006,96,1.0,0.0,59.617438486544415,0.05
6848,-82.0,20,0.0,1.0,61.74131179228425,0.05
6849,185.8000000000001,102,1.0,0.0,67.38704608190878,0.05
6850,186.00000000000006,100,1.0,0.0,87.18525896042586,0.05
6851,193.70000000000016,113,1.0,0.0,88.84611137231103,0.05
6852,184.60000000000005,94,1.0,0.0,65.63924350644997,0.05
6853,182.20000000000005,98,1.0,0.0,32.88256070983349,0.05
6854,192.1000000000001,109,1.0,0.0,77.57343280889572,0.05
6855,186.9000000000001,101,1.0,0.0,69.51281549515996,0.05
6856,177.10000000000002,99,1.0,0.0,64.6397701404763,0.05
6857,181.10000000000002,99,1.0,0.0,67.32697315085115,0.05
6858,192.5000000000001,105,1.0,0.0,63.38542402095738,0.05
6859,76.00000000000063,200,0.0,0.0,68.806099954471,0.05
6860,186.50000000000009,105,1.0,0.0,38.8349869549984,0.05
6861,-62.50000000000003,55,0.0,1.0,46.88909292654558,0.05
6862,190.30000000000007,107,1.0,0.0,52.608755341757124,0.05
6863,-33.100000000000065,81,0.0,1.0,44.53110114365448,0.05
6864,181.70000000000005,93,1.0,0.0,63.91117049112756,0.05
6865,193.0000000000001,110,1.0,0.0,45.21794035685333,0.05
6866,194.80000000000015,112,1.0,0.0,40.15091938844749,0.05
6867,186.6000000000001,114,1.0,0.0,50.54190328442737,0.05
6868,188.10000000000008,109,1.0,0.0,46.38259186650362,0.05
6869,178.80000000000004,92,1.0,0.0,60.618626054214396,0.05
6870,193.00000000000014,110,1.0,0.0,85.48245905007829,0.05
6871,180.70000000000005,103,1.0,0.0,66.36477280292407,0.05
6872,180.40000000000006,96,1.0,0.0,70.93378062453121,0.05
6873,183.60000000000008,104,1.0,0.0,53.723978996635054,0.05
6874,191.0000000000001,110,1.0,0.0,73.2136460534551,0.05
6875,195.00000000000014,110,1.0,0.0,51.025706138529564,0.05
6876,185.30000000000007,97,1.0,0.0,37.335741799593585,0.05
6877,183.80000000000007,102,1.0,0.0,36.52177063163881,0.05
6878,182.40000000000003,96,1.0,0.0,45.76480049833966,0.05
6879,182.70000000000007,103,1.0,0.0,82.7202286957537,0.05
6880,-41.000000000000064,70,0.0,1.0,70.03362802352224,0.05
6881,186.00000000000009,100,1.0,0.0,78.0873935610056,0.05
6882,192.3000000000001,107,1.0,0.0,75.89029186866551,0.05
6883,190.7000000000001,103,1.0,0.0,36.870009997371334,0.05
6884,-76.6,26,0.0,1.0,24.642307118154488,0.05
6885,190.1000000000001,109,1.0,0.0,62.09278224039515,0.05
6886,186.3000000000001,107,1.0,0.0,48.118865909490076,0.05
6887,183.80000000000007,102,1.0,0.0,38.018601766038756,0.05
6888,191.4000000000001,106,1.0,0.0,36.10792633413144,0.05
6889,183.40000000000006,106,1.0,0.0,65.95709382053816,0.05
6890,182.60000000000005,94,1.0,0.0,78.72517579373844,0.05
6891,188.70000000000007,103,1.0,0.0,59.30159714318884,0.05
6892,189.60000000000008,104,1.0,0.0,44.5394563176311,0.05
6893,181.20000000000005,108,1.0,0.0,57.16829487088102,0.05
6894,191.4000000000001,106,1.0,0.0,93.14233584645784,0.05
6895,193.5000000000001,115,1.0,0.0,48.29830049081989,0.05
6896,189.4000000000001,106,1.0,0.0,37.648907280755495,0.05
6897,182.60000000000005,94,1.0,0.0,58.19985654672727,0.05
6898,189.80000000000007,102,1.0,0.0,70.06128199332777,0.05
6899,186.20000000000005,98,1.0,0.0,61.59707734794641,0.05
6900,187.60000000000008,104,1.0,0.0,53.049992398788724,0.05
6901,186.20000000000007,98,1.0,0.0,64.56060645105887,0.05
6902,186.50000000000006,105,1.0,0.0,60.21977222256717,0.05
6903,190.00000000000009,100,1.0,0.0,41.39893793582916,0.05
6904,188.00000000000009,100,1.0,0.0,77.04731607019902,0.05
6905,186.9000000000001,101,1.0,0.0,48.43854672247821,0.05
6906,184.50000000000006,105,1.0,0.0,56.51590892516431,0.05
6907,188.7000000000001,103,1.0,0.0,81.58317095562093,0.05
6908,187.60000000000008,104,1.0,0.0,39.1193804023071,0.05
6909,195.0000000000001,110,1.0,0.0,40.40526172755794,0.05
6910,186.5000000000001,105,1.0,0.0,47.10497144212325,0.05
6911,193.70000000000013,113,1.0,0.0,52.319061648661055,0.05
6912,181.90000000000003,91,1.0,0.0,47.05223606444977,0.05
6913,-27.90000000000002,89,0.0,1.0,20.35989815155777,0.05
6914,191.4000000000001,106,1.0,0.0,86.62122587951005,0.05
6915,191.0000000000001,110,1.0,0.0,26.487309918755834,0.05
6916,188.7000000000001,103,1.0,0.0,50.94234173882355,0.05
6917,184.9000000000001,101,1.0,0.0,66.7124075244854,0.05
6918,190.00000000000009,100,1.0,0.0,61.4852832390368,0.05
6919,192.10000000000008,109,1.0,0.0,64.64238877772192,0.05
6920,186.6000000000001,114,1.0,0.0,44.46151065689168,0.05
6921,-55.400000000000034,54,0.0,1.0,60.31399659757261,0.05
6922,183.10000000000008,99,1.0,0.0,69.35890912272112,0.05
6923,181.60000000000005,104,1.0,0.0,20.4940209490462,0.05
6924,186.7000000000001,103,1.0,0.0,42.83121127295263,0.05
6925,191.60000000000008,104,1.0,0.0,30.482057510516963,0.05
6926,185.60000000000022,124,1.0,0.0,59.78751947676703,0.05
6927,184.30000000000007,107,1.0,0.0,52.34947450890719,0.05
6928,-48.00000000000005,60,0.0,1.0,41.789736809084815,0.05
6929,188.00000000000009,100,1.0,0.0,17.48731713190675,0.05
6930,185.80000000000007,102,1.0,0.0,72.56633912567415,0.05
6931,183.60000000000005,104,1.0,0.0,67.43616194106065,0.05
6932,184.20000000000005,98,1.0,0.0,56.51084426661231,0.05
6933,191.4000000000001,106,1.0,0.0,39.32980093753563,0.05
6934,185.60000000000008,104,1.0,0.0,17.49321449619646,0.05
6935,188.7000000000001,103,1.0,0.0,46.655945454226824,0.05
6936,190.4000000000003,136,1.0,0.0,52.96212759277071,0.05
6937,-72.30000000000001,33,0.0,1.0,66.88298769046862,0.05
6938,189.10000000000008,99,1.0,0.0,86.18288481182823,0.05
6939,194.80000000000013,112,1.0,0.0,39.69206443222772,0.05
6940,183.80000000000007,102,1.0,0.0,31.4384021833539,0.05
6941,193.30000000000013,117,1.0,0.0,61.80321208253885,0.05
6942,188.1000000000001,109,1.0,0.0,44.569788994250494,0.05
6943,191.0000000000001,110,1.0,0.0,60.69481706402519,0.05
6944,182.00000000000006,100,1.0,0.0,65.34705185227097,0.05
6945,187.80000000000007,102,1.0,0.0,56.88606268218627,0.05
6946,188.9000000000001,101,1.0,0.0,62.877652578867306,0.05
6947,-59.00000000000002,50,0.0,1.0,59.66566282525659,0.05
6948,186.7000000000001,103,1.0,0.0,63.289856458968906,0.05
6949,183.10000000000005,99,1.0,0.0,48.62426709571872,0.05
6950,198.80000000000015,112,1.0,0.0,47.8488623940918,0.05
6951,194.10000000000014,109,1.0,0.0,39.79628334802772,0.05
6952,191.8000000000001,102,1.0,0.0,105.31338542422243,0.05
6953,-40.60000000000006,66,0.0,1.0,27.32105093833172,0.05
6954,-71.60000000000001,36,0.0,1.0,32.374091217708255,0.05
6955,179.5,115,1.0,0.0,51.65882571096653,0.05
6956,179.70000000000033,153,1.0,0.0,63.65592248562504,0.05
6957,184.70000000000005,103,1.0,0.0,43.165014764637625,0.05
6958,196.60000000000014,114,1.0,0.0,92.88774578155656,0.05
6959,186.10000000000042,169,1.0,0.0,80.42762450432988,0.05
6960,191.70000000000013,113,1.0,0.0,49.23006523987361,0.05
6961,192.5000000000001,105,1.0,0.0,80.05264766145321,0.05
6962,183.70000000000005,133,1.0,0.0,73.2635911657734,0.05
6963,184.00000000000006,100,1.0,0.0,31.161563268229365,0.05
6964,193.5000000000001,115,1.0,0.0,60.73464220107898,0.05
6965,194.20000000000016,118,1.0,0.0,44.38917184539013,0.05
6966,190.1000000000001,109,1.0,0.0,73.19238035667927,0.05
6967,189.30000000000007,137,1.0,0.0,43.368399431561905,0.05
6968,182.5000000000001,105,1.0,0.0,71.70313131426062,0.05
6969,185.10000000000008,99,1.0,0.0,54.60832888971675,0.05
6970,76.00000000000065,200,0.0,0.0,56.753459648266436,0.05
6971,-29.700000000000003,87,0.0,1.0,69.91332875500466,0.05
6972,182.20000000000007,98,1.0,0.0,88.12136586170111,0.05
6973,176.50000000000043,165,1.0,0.0,34.733558766182625,0.05
6974,182.00000000000006,100,1.0,0.0,43.20835249260068,0.05
6975,185.3000000000003,137,1.0,0.0,56.53653591131642,0.05
6976,188.90000000000012,121,1.0,0.0,54.95413383509009,0.05
6977,-46.40000000000005,64,0.0,1.0,50.749554786947556,0.05
6978,188.7000000000001,103,1.0,0.0,50.74364640296084,0.05
6979,187.30000000000007,97,1.0,0.0,52.87516118947071,0.05
6980,182.50000000000009,105,1.0,0.0,62.85545850431635,0.05
6981,188.30000000000007,107,1.0,0.0,71.87660990641496,0.05
6982,184.3000000000001,107,1.0,0.0,45.120262977014356,0.05
6983,179.10000000000008,99,1.0,0.0,44.10706718070338,0.05
6984,189.4000000000001,106,1.0,0.0,60.52310843681389,0.05
6985,188.5000000000001,105,1.0,0.0,52.804593285066744,0.05
6986,196.30000000000018,127,1.0,0.0,47.970686199862186,0.05
6987,183.10000000000014,119,1.0,0.0,44.51360123848715,0.05
6988,184.70000000000007,103,1.0,0.0,64.06294325449802,0.05
6989,199.1000000000002,119,1.0,0.0,55.26025464999325,0.05
6990,185.00000000000009,110,1.0,0.0,53.28458505862138,0.05
6991,190.10000000000014,109,1.0,0.0,70.71762923226444,0.05
6992,183.10000000000008,99,1.0,0.0,38.41452933757594,0.05
6993,189.50000000000009,115,1.0,0.0,59.11854187852663,0.05
6994,187.60000000000008,104,1.0,0.0,27.14559191981187,0.05
6995,187.70000000000016,113,1.0,0.0,86.19204200388847,0.05
6996,192.10000000000014,109,1.0,0.0,53.489455796163014,0.05
6997,180.40000000000003,96,1.0,0.0,26.915801723875727,0.05
6998,189.9000000000001,111,1.0,0.0,53.08120872436074,0.05
6999,191.9000000000001,111,1.0,0.0,32.36288348618928,0.05
7000,188.40000000000015,116,1.0,0.0,70.4109358946825,0.05
7001,183.50000000000006,95,1.0,0.0,55.11068708528029,0.05
7002,-50.600000000000044,66,0.0,1.0,54.09172489313465,0.05
7003,188.80000000000007,112,1.0,0.0,41.05603394238278,0.05
7004,191.2000000000001,108,1.0,0.0,47.027832061604215,0.05
7005,184.5000000000002,125,1.0,0.0,51.81956421917677,0.05
7006,190.10000000000014,109,1.0,0.0,59.45514544174759,0.05
7007,188.10000000000014,109,1.0,0.0,60.3772031944416,0.05
7008,-38.50000000000006,75,0.0,1.0,82.78283140321572,0.05
7009,-39.00000000000006,70,0.0,1.0,53.5360718822905,0.05
7010,184.9000000000001,101,1.0,0.0,55.40279310484334,0.05
7011,185.1000000000001,119,1.0,0.0,75.41808432403232,0.05
7012,184.90000000000006,101,1.0,0.0,29.801850928380937,0.05
7013,186.50000000000006,105,1.0,0.0,74.28634277958245,0.05
7014,187.10000000000008,99,1.0,0.0,57.67527333225566,0.05
7015,183.90000000000006,111,1.0,0.0,45.13461798087165,0.05
7016,184.20000000000007,98,1.0,0.0,19.32289136558467,0.05
7017,187.10000000000008,99,1.0,0.0,24.40071623486401,0.05
7018,185.80000000000007,102,1.0,0.0,42.27928487941915,0.05
7019,186.20000000000013,118,1.0,0.0,66.08341197350647,0.05
7020,187.10000000000008,99,1.0,0.0,64.63276344236701,0.05
7021,183.4000000000002,126,1.0,0.0,62.829198781696576,0.05
7022,184.50000000000006,105,1.0,0.0,48.449099286539216,0.05
7023,187.10000000000008,99,1.0,0.0,48.17969616163861,0.05
7024,182.20000000000005,98,1.0,0.0,63.692188109442284,0.05
7025,179.60000000000002,104,1.0,0.0,61.76622504303948,0.05
7026,-53.600000000000044,56,0.0,1.0,115.02941556381327,0.05
7027,190.5000000000001,105,1.0,0.0,52.01788846005996,0.05
7028,-50.10000000000017,151,0.0,1.0,60.4460590335707,0.05
7029,187.4000000000001,106,1.0,0.0,68.57394344753251,0.05
7030,192.10000000000014,109,1.0,0.0,51.816930962470146,0.05
7031,181.10000000000002,99,1.0,0.0,116.60775795044621,0.05
7032,182.80000000000004,92,1.0,0.0,49.9144087927011,0.05
7033,184.3000000000001,107,1.0,0.0,57.36019717198666,0.05
7034,183.30000000000007,97,1.0,0.0,36.82315767863669,0.05
7035,184.20000000000027,138,1.0,0.0,49.131955910042144,0.05
7036,186.7000000000001,103,1.0,0.0,64.75302009964452,0.05
7037,197.0000000000001,110,1.0,0.0,58.68716816726056,0.05
7038,191.2000000000001,108,1.0,0.0,60.06351923349279,0.05
7039,186.7000000000001,103,1.0,0.0,55.46110422619917,0.05
7040,187.90000000000015,111,1.0,0.0,61.07508467319044,0.05
7041,182.40000000000003,96,1.0,0.0,62.369432146505766,0.05
7042,185.50000000000006,95,1.0,0.0,33.735224399598025,0.05
7043,191.4000000000001,106,1.0,0.0,64.86184992078903,0.05
7044,185.40000000000006,106,1.0,0.0,36.80997125600587,0.05
7045,194.10000000000014,109,1.0,0.0,58.29187956189207,0.05
7046,189.60000000000008,104,1.0,0.0,56.875106444367425,0.05
7047,180.40000000000003,96,1.0,0.0,74.75898456783034,0.05
7048,186.30000000000007,107,1.0,0.0,74.82864523915765,0.05
7049,182.60000000000002,94,1.0,0.0,71.46650996043327,0.05
7050,187.2000000000001,108,1.0,0.0,85.26235178588993,0.05
7051,186.30000000000013,107,1.0,0.0,28.72991457665078,0.05
7052,194.1000000000001,109,1.0,0.0,23.07648227247623,0.05
7053,188.3000000000001,107,1.0,0.0,49.908976957341224,0.05
7054,186.10000000000008,109,1.0,0.0,22.79939881295239,0.05
7055,193.40000000000012,106,1.0,0.0,43.31844102802142,0.05
7056,187.80000000000007,102,1.0,0.0,52.53091019421232,0.05
7057,191.4000000000001,106,1.0,0.0,61.465849900161324,0.05
7058,192.1000000000001,109,1.0,0.0,50.21468695444525,0.05
7059,188.70000000000013,123,1.0,0.0,75.05906022321886,0.05
7060,182.40000000000003,96,1.0,0.0,38.37167210589784,0.05
7061,192.30000000000013,107,1.0,0.0,46.330096281716756,0.05
7062,184.20000000000007,98,1.0,0.0,37.371232277504646,0.05
7063,185.4000000000001,106,1.0,0.0,37.710185851761196,0.05
7064,184.60000000000008,114,1.0,0.0,34.43236010763467,0.05
7065,194.10000000000014,109,1.0,0.0,47.37549323390383,0.05
7066,187.2000000000001,108,1.0,0.0,40.536753789142324,0.05
7067,184.70000000000005,103,1.0,0.0,67.10121671334632,0.05
7068,186.30000000000013,107,1.0,0.0,26.993226135236636,0.05
7069,191.2000000000001,108,1.0,0.0,59.27904490174519,0.05
7070,185.30000000000007,97,1.0,0.0,48.89048249750715,0.05
7071,184.6000000000001,114,1.0,0.0,87.76615124627163,0.05
7072,188.30000000000013,107,1.0,0.0,64.31458645735249,0.05
7073,184.20000000000005,118,1.0,0.0,53.09239883954495,0.05
7074,184.9000000000001,101,1.0,0.0,77.85915351209074,0.05
7075,190.30000000000013,107,1.0,0.0,42.36820327400047,0.05
7076,192.7000000000001,103,1.0,0.0,97.14086061065058,0.05
7077,196.10000000000014,109,1.0,0.0,20.62513171741312,0.05
7078,191.4000000000001,106,1.0,0.0,83.20680443731682,0.05
7079,190.80000000000013,112,1.0,0.0,94.03070536654975,0.05
7080,-38.700000000000074,77,0.0,1.0,19.227622221332865,0.05
7081,181.90000000000003,91,1.0,0.0,37.894336814163154,0.05
7082,-22.099999999999994,91,0.0,1.0,73.93132701704462,0.05
7083,187.4000000000001,106,1.0,0.0,27.764991582564587,0.05
7084,187.5000000000001,115,1.0,0.0,40.66544048112372,0.05
7085,188.10000000000008,109,1.0,0.0,40.72752360295539,0.05
7086,187.2000000000001,108,1.0,0.0,36.741030363434994,0.05
7087,187.20000000000022,128,1.0,0.0,54.381361148669384,0.05
7088,-65.80000000000001,38,0.0,1.0,69.1989168697282,0.05
7089,187.4000000000001,106,1.0,0.0,41.29496159699728,0.05
7090,196.00000000000014,120,1.0,0.0,78.25359986883899,0.05
7091,183.80000000000007,102,1.0,0.0,77.56351651974461,0.05
7092,186.80000000000007,112,1.0,0.0,39.718254507984966,0.05
7093,-57.900000000000034,49,0.0,1.0,39.128971310142354,0.05
7094,190.00000000000009,100,1.0,0.0,73.2420533876121,0.05
7095,185.80000000000007,102,1.0,0.0,41.27129294518747,0.05
7096,-48.90000000000005,59,0.0,1.0,48.967597785137464,0.05
7097,190.3000000000001,107,1.0,0.0,21.27291189524058,0.05
7098,180.80000000000035,152,1.0,0.0,69.77270830383426,0.05
7099,-42.10000000000006,71,0.0,1.0,42.88037624262588,0.05
7100,190.10000000000014,109,1.0,0.0,65.97906766011627,0.05
7101,187.9000000000001,111,1.0,0.0,68.68666402354567,0.05
7102,190.30000000000024,127,1.0,0.0,37.1729892694692,0.05
7103,194.10000000000014,109,1.0,0.0,41.93845224790617,0.05
7104,-83.79999999999998,18,0.0,1.0,34.35312687357267,0.05
7105,78.0000000000006,200,0.0,0.0,48.84394707556814,0.05
7106,184.50000000000009,105,1.0,0.0,48.57561055230243,0.05
7107,191.6000000000001,104,1.0,0.0,29.41202427296398,0.05
7108,189.50000000000009,115,1.0,0.0,17.352550940604313,0.05
7109,-57.80000000000004,58,0.0,1.0,42.65383732729945,0.05
7110,-46.800000000000054,68,0.0,1.0,116.21516160294414,0.05
7111,185.10000000000008,99,1.0,0.0,64.15594808862667,0.05
7112,191.90000000000015,111,1.0,0.0,50.953884663345576,0.05
7113,-55.40000000000004,54,0.0,1.0,35.086661641520486,0.05
7114,185.10000000000008,99,1.0,0.0,53.15627859337161,0.05
7115,190.40000000000012,116,1.0,0.0,42.68443564010848,0.05
7116,182.3000000000001,107,1.0,0.0,51.61182168084327,0.05
7117,188.9000000000001,101,1.0,0.0,47.91178020982459,0.05
7118,-27.100000000000023,81,0.0,1.0,22.949877877202297,0.05
7119,195.90000000000012,111,1.0,0.0,53.4609250220898,0.05
7120,184.70000000000007,103,1.0,0.0,56.08920106783654,0.05
7121,186.10000000000008,109,1.0,0.0,49.27352266874882,0.05
7122,194.40000000000015,116,1.0,0.0,40.0154463348846,0.05
7123,186.50000000000009,105,1.0,0.0,59.95664011332251,0.05
7124,-24.99999999999997,90,0.0,1.0,39.38156983587477,0.05
7125,184.9000000000001,101,1.0,0.0,41.41898805729233,0.05
7126,-66.90000000000002,39,0.0,1.0,29.352219112026386,0.05
7127,192.30000000000013,107,1.0,0.0,64.83312066818509,0.05
7128,187.4000000000001,106,1.0,0.0,43.35388722326958,0.05
7129,183.49999999999997,175,1.0,0.0,62.071275162015645,0.05
7130,191.60000000000008,104,1.0,0.0,78.1050793074358,0.05
7131,195.90000000000012,111,1.0,0.0,48.888731531328986,0.05
7132,184.50000000000009,105,1.0,0.0,60.6823423851104,0.05
7133,186.40000000000015,116,1.0,0.0,46.197682407331364,0.05
7134,185.40000000000003,106,1.0,0.0,49.45282044683425,0.05
7135,76.00000000000064,200,0.0,0.0,48.64613694645465,0.05
7136,192.00000000000017,120,1.0,0.0,60.37307547864815,0.05
7137,187.20000000000007,108,1.0,0.0,25.59105180590241,0.05
7138,187.30000000000013,117,1.0,0.0,35.88468954877721,0.05
7139,193.7000000000001,113,1.0,0.0,52.28462554580342,0.05
7140,196.40000000000015,116,1.0,0.0,52.99972346598475,0.05
7141,191.8000000000001,102,1.0,0.0,69.75412809688086,0.05
7142,185.20000000000005,108,1.0,0.0,41.47144585054506,0.05
7143,186.7000000000001,103,1.0,0.0,44.65521818225824,0.05
7144,-79.60000000000001,36,0.0,1.0,36.420332012905014,0.05
7145,185.10000000000008,99,1.0,0.0,43.73145917976144,0.05
7146,180.60000000000002,94,1.0,0.0,33.38182812493215,0.05
7147,183.2000000000001,108,1.0,0.0,78.59142690345094,0.05
7148,184.70000000000007,103,1.0,0.0,57.480732943030816,0.05
7149,187.30000000000007,97,1.0,0.0,50.11923803834571,0.05
7150,188.70000000000007,103,1.0,0.0,35.666719218480935,0.05
7151,182.00000000000006,100,1.0,0.0,49.07786027520895,0.05
7152,188.90000000000003,141,1.0,0.0,51.36645400006297,0.05
7153,195.80000000000013,122,1.0,0.0,27.918237852940305,0.05
7154,183.4000000000001,106,1.0,0.0,56.45433171283243,0.05
7155,-84.0,20,0.0,1.0,57.044129616767165,0.05
7156,184.90000000000003,101,1.0,0.0,45.98559840244822,0.05
7157,-31.4999999999999,105,0.0,1.0,50.095293517055964,0.05
7158,184.40000000000006,96,1.0,0.0,39.56891182189187,0.05
7159,179.40000000000003,106,1.0,0.0,47.093516784175385,0.05
7160,188.6000000000001,114,1.0,0.0,67.49703011086635,0.05
7161,190.50000000000009,105,1.0,0.0,40.073230475045385,0.05
7162,195.90000000000012,111,1.0,0.0,24.324491958628904,0.05
7163,188.7000000000001,103,1.0,0.0,35.68852608585821,0.05
7164,188.30000000000007,107,1.0,0.0,45.501184592319426,0.05
7165,185.10000000000005,99,1.0,0.0,33.67853360450027,0.05
7166,186.7000000000001,103,1.0,0.0,21.26066260741463,0.05
7167,188.9000000000001,101,1.0,0.0,50.440495698611336,0.05
7168,182.60000000000005,94,1.0,0.0,34.59559545539161,0.05
7169,185.10000000000008,99,1.0,0.0,60.24933824620464,0.05
7170,183.4000000000002,126,1.0,0.0,63.90891258595955,0.05
7171,185.80000000000004,122,1.0,0.0,39.194113437513835,0.05
7172,190.00000000000009,100,1.0,0.0,68.93941479042172,0.05
7173,185.60000000000008,104,1.0,0.0,37.015651660756426,0.05
7174,188.20000000000007,98,1.0,0.0,35.35963650488732,0.05
7175,186.20000000000005,98,1.0,0.0,49.86523947302176,0.05
7176,184.10000000000008,109,1.0,0.0,35.18026888343172,0.05
7177,187.10000000000008,99,1.0,0.0,46.08913236088825,0.05
7178,193.6000000000001,104,1.0,0.0,35.93009473584019,0.05
7179,188.4000000000001,116,1.0,0.0,64.40482414603747,0.05
7180,188.7000000000001,103,1.0,0.0,60.51850044032902,0.05
7181,184.20000000000005,98,1.0,0.0,25.818374274032458,0.05
7182,191.2000000000001,108,1.0,0.0,25.08853074935851,0.05
7183,181.30000000000007,97,1.0,0.0,46.13334257893034,0.05
7184,182.20000000000005,98,1.0,0.0,42.82915285062425,0.05
7185,180.20000000000002,98,1.0,0.0,73.75303118980052,0.05
7186,185.4000000000001,106,1.0,0.0,49.111833105109774,0.05
7187,194.20000000000013,118,1.0,0.0,29.761040828238098,0.05
7188,188.00000000000006,100,1.0,0.0,22.8159430770576,0.05
7189,187.30000000000007,97,1.0,0.0,46.508034701353495,0.05
7190,181.70000000000005,93,1.0,0.0,52.24932877014401,0.05
7191,189.7000000000001,113,1.0,0.0,34.033838673503,0.05
7192,186.70000000000022,123,1.0,0.0,65.89760471450361,0.05
7193,185.7000000000001,113,1.0,0.0,53.51501165884258,0.05
7194,191.60000000000008,104,1.0,0.0,25.98432728003424,0.05
7195,188.50000000000009,105,1.0,0.0,74.75668721085503,0.05
7196,189.80000000000007,102,1.0,0.0,54.00017831496456,0.05
7197,187.2000000000001,108,1.0,0.0,35.4374307927986,0.05
7198,174.3000000000002,127,1.0,0.0,44.57909805145789,0.05
7199,186.30000000000007,107,1.0,0.0,80.90752125524472,0.05
7200,191.9000000000001,111,1.0,0.0,31.3682870425888,0.05
7201,-51.40000000000004,54,0.0,1.0,54.75077102360902,0.05
7202,-30.40000000000002,84,0.0,1.0,55.85967192772244,0.05
7203,189.2000000000001,108,1.0,0.0,40.29799935718378,0.05
7204,187.2000000000001,108,1.0,0.0,44.97152693003968,0.05
7205,180.80000000000004,92,1.0,0.0,28.602938285907324,0.05
7206,193.2000000000001,108,1.0,0.0,43.85211255635928,0.05
7207,-81.3,23,0.0,1.0,0.5382214975745782,0.05
7208,-66.9,39,0.0,1.0,34.98867990229375,0.05
7209,187.60000000000008,104,1.0,0.0,37.64543776486356,0.05
7210,180.60000000000002,94,1.0,0.0,44.162427605783684,0.05
7211,198.60000000000014,114,1.0,0.0,51.64085740903229,0.05
7212,184.20000000000005,98,1.0,0.0,30.026337285431065,0.05
7213,181.50000000000003,95,1.0,0.0,19.228466306626796,0.05
7214,186.20000000000007,98,1.0,0.0,31.22797504979737,0.05
7215,190.30000000000013,107,1.0,0.0,44.44096900258109,0.05
7216,190.00000000000026,140,1.0,0.0,30.930450344617878,0.05
7217,-55.000000000000036,50,0.0,1.0,51.42302341014147,0.05
7218,189.9000000000001,111,1.0,0.0,48.985517259318016,0.05
7219,188.1000000000001,109,1.0,0.0,22.471150804071797,0.05
7220,183.4000000000001,106,1.0,0.0,50.6047077479087,0.05
7221,186.20000000000005,98,1.0,0.0,33.58822836901764,0.05
7222,190.10000000000014,109,1.0,0.0,52.35766281782214,0.05
7223,187.30000000000007,97,1.0,0.0,6.542520351323885,0.05
7224,180.8,92,1.0,0.0,34.17336507587005,0.05
7225,191.70000000000013,113,1.0,0.0,26.52147407849542,0.05
7226,183.70000000000005,93,1.0,0.0,50.01815628909296,0.05
7227,190.5000000000001,105,1.0,0.0,40.21845802118381,0.05
7228,184.60000000000005,94,1.0,0.0,47.680005459075275,0.05
7229,-61.00000000000003,50,0.0,1.0,47.55341909095645,0.05
7230,188.50000000000009,105,1.0,0.0,39.39765891567582,0.05
7231,186.7000000000001,103,1.0,0.0,30.988705192303772,0.05
7232,184.70000000000005,103,1.0,0.0,36.01476515815096,0.05
7233,194.80000000000013,112,1.0,0.0,34.15447401468243,0.05
7234,184.40000000000003,96,1.0,0.0,31.21127022569999,0.05
7235,186.20000000000007,98,1.0,0.0,30.484676456344978,0.05
7236,-57.000000000000036,50,0.0,1.0,58.77008733898401,0.05
7237,189.2000000000001,108,1.0,0.0,38.76272849876572,0.05
7238,-23.399999999999977,94,0.0,1.0,43.229414986486134,0.05
7239,186.50000000000009,105,1.0,0.0,46.61464047729969,0.05
7240,177.3,97,1.0,0.0,40.06081553586979,0.05
7241,186.50000000000009,105,1.0,0.0,44.696876633238226,0.05
7242,188.1000000000001,109,1.0,0.0,29.618680481790403,0.05
7243,181.80000000000004,102,1.0,0.0,34.65395400366362,0.05
7244,-52.20000000000004,62,0.0,1.0,72.95615395507023,0.05
7245,182.90000000000006,101,1.0,0.0,57.28156879249185,0.05
7246,186.30000000000007,107,1.0,0.0,85.7141328719314,0.05
7247,-52.00000000000004,60,0.0,1.0,73.96074493142466,0.05
7248,188.70000000000007,103,1.0,0.0,80.15957179831938,0.05
7249,189.6000000000001,104,1.0,0.0,30.453124878426586,0.05
7250,181.50000000000006,95,1.0,0.0,36.59695117685356,0.05
7251,182.50000000000006,105,1.0,0.0,35.34370201897053,0.05
7252,195.20000000000013,108,1.0,0.0,28.57786475011596,0.05
7253,188.7000000000001,103,1.0,0.0,40.610260413977706,0.05
7254,186.00000000000006,100,1.0,0.0,51.61337984755635,0.05
7255,183.70000000000005,93,1.0,0.0,33.47691466386921,0.05
7256,-23.19999999999999,92,0.0,1.0,29.97833055022942,0.05
7257,-35.10000000000007,81,0.0,1.0,53.626932747938014,0.05
7258,189.70000000000013,113,1.0,0.0,18.792525984149062,0.05
7259,187.60000000000008,104,1.0,0.0,29.22036764355233,0.05
7260,-87.39999999999999,14,0.0,1.0,0.32364073608602795,0.05
7261,188.4000000000001,116,1.0,0.0,30.335360985698884,0.05
7262,192.1000000000001,109,1.0,0.0,43.51282877714262,0.05
7263,197.30000000000018,117,1.0,0.0,61.085512285240185,0.05
7264,188.50000000000009,105,1.0,0.0,42.14838828047117,0.05
7265,186.00000000000006,100,1.0,0.0,21.19938553199172,0.05
7266,194.40000000000015,116,1.0,0.0,70.56674107356832,0.05
7267,-51.600000000000044,56,0.0,1.0,32.1757498163996,0.05
7268,182.90000000000003,101,1.0,0.0,43.39320482129212,0.05
7269,188.5000000000001,105,1.0,0.0,49.01158718324843,0.05
7270,191.6000000000001,104,1.0,0.0,23.051674997863863,0.05
7271,184.9000000000001,101,1.0,0.0,64.94343140920495,0.05
7272,193.70000000000016,113,1.0,0.0,29.009073739492262,0.05
7273,191.70000000000016,113,1.0,0.0,43.302890828423266,0.05
7274,175.0,90,1.0,0.0,79.35980841285652,0.05
7275,189.2000000000001,108,1.0,0.0,43.279599388198996,0.05
7276,186.10000000000008,109,1.0,0.0,55.75457080323762,0.05
7277,192.30000000000013,107,1.0,0.0,33.45296634187069,0.05
7278,-38.50000000000007,75,0.0,1.0,40.608621753156186,0.05
7279,197.20000000000013,108,1.0,0.0,39.285190999300944,0.05
7280,186.20000000000005,98,1.0,0.0,87.3383877215793,0.05
7281,191.70000000000013,113,1.0,0.0,38.62947367530613,0.05
7282,193.90000000000015,111,1.0,0.0,55.66693283771878,0.05
7283,188.50000000000009,105,1.0,0.0,52.01448686896335,0.05
7284,191.0000000000001,110,1.0,0.0,54.62021900598298,0.05
7285,191.60000000000008,104,1.0,0.0,62.00554574639178,0.05
7286,185.80000000000007,102,1.0,0.0,52.900293186160866,0.05
7287,-29.000000000000014,90,0.0,1.0,14.381000877916813,0.05
7288,186.7000000000001,103,1.0,0.0,34.685886439116835,0.05
7289,181.70000000000005,93,1.0,0.0,45.180711209533676,0.05
7290,186.50000000000009,105,1.0,0.0,40.6915742762032,0.05
7291,185.80000000000007,102,1.0,0.0,29.81646311885732,0.05
7292,185.80000000000007,102,1.0,0.0,42.448367697131985,0.05
7293,188.7000000000001,103,1.0,0.0,27.84168257622175,0.05
7294,186.00000000000006,100,1.0,0.0,43.335774985551836,0.05
7295,181.90000000000003,91,1.0,0.0,2.000760565501648,0.05
7296,188.70000000000007,103,1.0,0.0,46.85690935730066,0.05
7297,187.30000000000013,117,1.0,0.0,40.23120577919941,0.05
7298,187.8000000000001,102,1.0,0.0,30.506764562910092,0.05
7299,186.70000000000007,103,1.0,0.0,17.77844732703225,0.05
7300,191.60000000000008,104,1.0,0.0,54.66768163578728,0.05
7301,184.60000000000005,94,1.0,0.0,14.007295532667257,0.05
7302,188.10000000000008,109,1.0,0.0,38.731033387568296,0.05
7303,-22.799999999999997,88,0.0,1.0,29.85360029763119,0.05
7304,-64.00000000000003,40,0.0,1.0,45.79177144486457,0.05
7305,-73.0,30,0.0,1.0,39.268242622539404,0.05
7306,189.0000000000001,110,1.0,0.0,25.94146362861449,0.05
7307,182.70000000000005,103,1.0,0.0,47.338709374075954,0.05
7308,186.00000000000006,100,1.0,0.0,18.133398801609875,0.05
7309,-85.6,16,0.0,1.0,37.81179771060124,0.05
7310,-84.89999999999999,19,0.0,1.0,0.33066410453696,0.05
7311,182.90000000000006,101,1.0,0.0,13.35850130475246,0.05
7312,188.9000000000001,101,1.0,0.0,50.51499092512497,0.05
7313,187.30000000000007,97,1.0,0.0,12.835954337928099,0.05
7314,193.4000000000001,106,1.0,0.0,74.02918443856936,0.05
7315,184.40000000000006,96,1.0,0.0,26.44884377058285,0.05
7316,186.6000000000001,114,1.0,0.0,59.113526861134325,0.05
7317,192.30000000000013,107,1.0,0.0,56.7428855953094,0.05
7318,187.8000000000001,102,1.0,0.0,18.024818245759782,0.05
7319,190.30000000000013,107,1.0,0.0,29.446619607647445,0.05
7320,193.7000000000001,113,1.0,0.0,62.820122357391945,0.05
7321,187.30000000000007,97,1.0,0.0,6.529162070109058,0.05
7322,189.4000000000001,106,1.0,0.0,57.46051449096709,0.05
7323,187.2000000000001,108,1.0,0.0,48.8387549224965,0.05
7324,184.30000000000007,107,1.0,0.0,35.307117525279246,0.05
7325,-89.19999999999999,12,0.0,1.0,49.56670390069485,0.05
7326,187.2000000000001,108,1.0,0.0,56.64611301650466,0.05
7327,189.80000000000007,102,1.0,0.0,29.729367019937317,0.05
7328,187.60000000000008,104,1.0,0.0,39.32767526877041,0.05
7329,-39.40000000000006,74,0.0,1.0,37.204821529571674,0.05
7330,188.50000000000009,105,1.0,0.0,29.283415158447767,0.05
7331,190.90000000000012,121,1.0,0.0,46.53156511282379,0.05
7332,-30.200000000000045,82,0.0,1.0,49.83316544697779,0.05
7333,185.10000000000008,99,1.0,0.0,71.01173445100736,0.05
7334,66.00000000000061,200,0.0,0.0,36.684468226861206,0.05
7335,186.20000000000007,98,1.0,0.0,34.098445451001126,0.05
7336,190.50000000000009,105,1.0,0.0,52.60886348925886,0.05
7337,192.30000000000013,107,1.0,0.0,50.73299143010768,0.05
7338,193.10000000000016,119,1.0,0.0,63.427795666481266,0.05
7339,190.10000000000014,109,1.0,0.0,60.97446984797716,0.05
7340,187.90000000000015,111,1.0,0.0,22.508104386563236,0.05
7341,183.8000000000001,102,1.0,0.0,47.30114511648814,0.05
7342,185.10000000000008,99,1.0,0.0,37.93662015826563,0.05
7343,183.70000000000005,93,1.0,0.0,46.392858698643664,0.05
7344,188.80000000000013,112,1.0,0.0,45.19874946200954,0.05
7345,191.60000000000008,104,1.0,0.0,41.72980771636447,0.05
7346,187.8000000000001,102,1.0,0.0,17.680013251253495,0.05
7347,185.60000000000008,104,1.0,0.0,44.11777358036488,0.05
7348,187.8000000000001,102,1.0,0.0,35.109005183310195,0.05
7349,186.90000000000006,101,1.0,0.0,29.900264433557446,0.05
7350,184.10000000000008,109,1.0,0.0,65.98958744395763,0.05
7351,-47.10000000000005,61,0.0,1.0,39.51917199955368,0.05
7352,192.80000000000013,112,1.0,0.0,70.61430389866499,0.05
7353,189.2000000000001,108,1.0,0.0,35.28063168776808,0.05
7354,195.0000000000001,110,1.0,0.0,31.234309272129426,0.05
7355,183.50000000000006,95,1.0,0.0,44.37534530078502,0.05
7356,190.5000000000001,105,1.0,0.0,50.778830801340796,0.05
7357,-42.30000000000006,73,0.0,1.0,74.2350639680477,0.05
7358,194.80000000000015,112,1.0,0.0,33.059894896444995,0.05
7359,186.00000000000006,100,1.0,0.0,41.00154876280576,0.05
7360,187.10000000000008,99,1.0,0.0,24.62922041114382,0.05
7361,186.9000000000001,101,1.0,0.0,41.53000493207485,0.05
7362,-40.60000000000006,66,0.0,1.0,46.016863236260235,0.05
7363,181.00000000000006,110,1.0,0.0,66.63678733902898,0.05
7364,190.10000000000008,109,1.0,0.0,34.3354324752106,0.05
7365,194.60000000000014,114,1.0,0.0,37.2126398444045,0.05
7366,-46.20000000000005,62,0.0,1.0,30.389480234814748,0.05
7367,183.30000000000007,97,1.0,0.0,63.94705757514103,0.05
7368,182.40000000000003,96,1.0,0.0,33.57933725498151,0.05
7369,182.40000000000003,96,1.0,0.0,12.89586182916537,0.05
7370,182.40000000000003,96,1.0,0.0,18.20651304050504,0.05
7371,186.9000000000001,101,1.0,0.0,35.60973052311652,0.05
7372,188.5000000000001,105,1.0,0.0,41.08608984287296,0.05
7373,-49.600000000000044,56,0.0,1.0,52.15416316727975,0.05
7374,188.10000000000008,109,1.0,0.0,17.694514699041022,0.05
7375,183.50000000000006,95,1.0,0.0,25.351629655533717,0.05
7376,189.8000000000001,102,1.0,0.0,41.12220079309362,0.05
7377,193.2000000000001,108,1.0,0.0,56.10823191412621,0.05
7378,185.60000000000005,104,1.0,0.0,53.3486541899351,0.05
7379,186.30000000000007,107,1.0,0.0,42.010029339483964,0.05
7380,185.60000000000008,104,1.0,0.0,34.23449638414268,0.05
7381,-63.30000000000002,43,0.0,1.0,14.814907373383988,0.05
7382,187.30000000000007,97,1.0,0.0,24.055825796055117,0.05
7383,193.0000000000001,110,1.0,0.0,30.088184303824196,0.05
7384,189.80000000000007,102,1.0,0.0,42.0984316440847,0.05
7385,180.8,92,1.0,0.0,45.471319604341105,0.05
7386,-52.30000000000004,53,0.0,1.0,56.81405449602401,0.05
7387,-57.900000000000034,49,0.0,1.0,62.296588454319505,0.05
7388,195.10000000000014,119,1.0,0.0,36.12946588902914,0.05
7389,186.9000000000001,101,1.0,0.0,78.76747970069104,0.05
7390,189.4000000000001,106,1.0,0.0,36.92848696700245,0.05
7391,190.5000000000001,105,1.0,0.0,47.08758456962449,0.05
7392,185.30000000000007,97,1.0,0.0,48.88972769796695,0.05
7393,189.0000000000001,110,1.0,0.0,66.52412465458566,0.05
7394,183.4000000000001,106,1.0,0.0,46.36710985409061,0.05
7395,195.30000000000013,117,1.0,0.0,30.455251530799856,0.05
7396,188.6000000000001,114,1.0,0.0,74.52935658035832,0.05
7397,189.8000000000001,102,1.0,0.0,46.6297659718742,0.05
7398,180.60000000000002,94,1.0,0.0,25.753372939105365,0.05
7399,182.70000000000005,103,1.0,0.0,53.15025298926726,0.05
7400,195.70000000000016,113,1.0,0.0,38.1843364196541,0.05
7401,187.80000000000007,102,1.0,0.0,46.97029432449855,0.05
7402,184.50000000000009,105,1.0,0.0,61.50867732942459,0.05
7403,193.0000000000001,110,1.0,0.0,22.09976060878147,0.05
7404,189.60000000000008,104,1.0,0.0,15.541111945461195,0.05
7405,184.7000000000001,103,1.0,0.0,68.88013534464882,0.05
7406,188.10000000000014,109,1.0,0.0,53.35358849902629,0.05
7407,-74.10000000000001,31,0.0,1.0,18.43539296090603,0.05
7408,-76.1,31,0.0,1.0,97.62517221007616,0.05
7409,182.80000000000004,92,1.0,0.0,65.73938035851587,0.05
7410,183.30000000000004,97,1.0,0.0,41.3212521301256,0.05
7411,180.20000000000007,98,1.0,0.0,36.33492870606026,0.05
7412,187.7000000000001,113,1.0,0.0,27.588393200881185,0.05
7413,181.80000000000007,102,1.0,0.0,48.659315225321286,0.05
7414,183.30000000000007,97,1.0,0.0,60.84676761810005,0.05
7415,186.30000000000007,107,1.0,0.0,54.37862995312175,0.05
7416,192.5000000000001,105,1.0,0.0,51.26563224373829,0.05
7417,185.30000000000007,97,1.0,0.0,15.559760285983073,0.05
7418,192.6000000000001,114,1.0,0.0,30.896599715706287,0.05
7419,187.60000000000008,104,1.0,0.0,69.41741384107333,0.05
7420,189.70000000000007,113,1.0,0.0,27.903686858054282,0.05
7421,-69.4,34,0.0,1.0,91.80561496711829,0.05
7422,-86.69999999999999,17,0.0,1.0,67.94417662129683,0.05
7423,183.80000000000007,102,1.0,0.0,29.430662617562156,0.05
7424,178.10000000000022,129,1.0,0.0,42.55266412936671,0.05
7425,-59.50000000000003,45,0.0,1.0,73.16468071755436,0.05
7426,187.60000000000008,104,1.0,0.0,28.664477402487627,0.05
7427,187.0000000000001,110,1.0,0.0,27.366705444184216,0.05
7428,187.40000000000006,106,1.0,0.0,38.92475036869072,0.05
7429,187.80000000000007,102,1.0,0.0,23.74087808529536,0.05
7430,189.2000000000001,108,1.0,0.0,28.312716756774872,0.05
7431,191.60000000000008,104,1.0,0.0,79.26978735231722,0.05
7432,197.70000000000016,113,1.0,0.0,21.99129062103091,0.05
7433,188.50000000000009,105,1.0,0.0,52.40099293845041,0.05
7434,-74.30000000000001,33,0.0,1.0,91.9486525916692,0.05
7435,184.50000000000006,105,1.0,0.0,52.28439736029222,0.05
7436,-78.4,24,0.0,1.0,22.20117475433896,0.05
7437,180.8,92,1.0,0.0,19.458010650037423,0.05
7438,189.4000000000001,106,1.0,0.0,47.31395512053145,0.05
7439,81.9999999999999,200,0.0,0.0,53.53952729441225,0.05
7440,187.30000000000007,97,1.0,0.0,60.11847817406212,0.05
7441,-57.90000000000003,49,0.0,1.0,60.17163145526939,0.05
7442,184.40000000000006,96,1.0,0.0,62.1386031373404,0.05
7443,179.0,90,1.0,0.0,53.03573805019259,0.05
7444,189.80000000000007,102,1.0,0.0,33.84531223065421,0.05
7445,-43.20000000000005,72,0.0,1.0,65.71472982172337,0.05
7446,186.70000000000007,103,1.0,0.0,51.78424102371758,0.05
7447,197.50000000000017,115,1.0,0.0,57.67222088309734,0.05
7448,182.20000000000005,98,1.0,0.0,31.000250982538777,0.05
7449,-81.1,21,0.0,1.0,93.1832143494061,0.05
7450,182.90000000000003,101,1.0,0.0,35.667106326853876,0.05
7451,187.10000000000008,99,1.0,0.0,68.5998970293487,0.05
7452,190.10000000000008,109,1.0,0.0,52.5118082259363,0.05
7453,-59.70000000000003,47,0.0,1.0,37.030327414261535,0.05
7454,180.90000000000006,101,1.0,0.0,59.970551057027116,0.05
7455,186.50000000000006,105,1.0,0.0,67.03166959477322,0.05
7456,186.50000000000006,105,1.0,0.0,50.8853957819442,0.05
7457,187.80000000000007,102,1.0,0.0,39.548356104861284,0.05
7458,186.10000000000005,109,1.0,0.0,44.981644880915184,0.05
7459,-64.20000000000002,42,0.0,1.0,14.786009398244676,0.05
7460,188.20000000000007,98,1.0,0.0,58.58967435550021,0.05
7461,185.80000000000007,102,1.0,0.0,31.113910746267614,0.05
7462,184.9000000000001,101,1.0,0.0,48.17295888077357,0.05
7463,182.40000000000006,96,1.0,0.0,36.35765440257577,0.05
7464,181.50000000000003,95,1.0,0.0,70.8851825459223,0.05
7465,187.10000000000008,99,1.0,0.0,29.071488048467373,0.05
7466,184.9000000000001,101,1.0,0.0,46.99199868045231,0.05
7467,181.70000000000005,93,1.0,0.0,39.40496583483232,0.05
7468,184.8,132,1.0,0.0,39.376950529770866,0.05
7469,197.90000000000015,111,1.0,0.0,43.034796961457346,0.05
7470,193.9000000000001,111,1.0,0.0,34.06356827861017,0.05
7471,187.4000000000001,106,1.0,0.0,56.31853625944482,0.05
7472,-42.400000000000055,64,0.0,1.0,28.0464252717793,0.05
7473,-36.50000000000007,75,0.0,1.0,31.176922831137976,0.05
7474,190.5000000000001,105,1.0,0.0,40.40291493435701,0.05
7475,182.20000000000005,98,1.0,0.0,35.434030248954585,0.05
7476,194.5000000000001,105,1.0,0.0,55.929785320553044,0.05
7477,185.30000000000007,97,1.0,0.0,48.94154622467215,0.05
7478,185.00000000000006,110,1.0,0.0,58.869628452780574,0.05
7479,178.8,92,1.0,0.0,31.603353443677012,0.05
7480,183.80000000000007,102,1.0,0.0,42.16811063564291,0.05
7481,180.60000000000002,94,1.0,0.0,37.10152119604197,0.05
7482,185.10000000000005,99,1.0,0.0,54.087166451218756,0.05
7483,181.30000000000004,97,1.0,0.0,36.915790571111074,0.05
7484,-31.300000000000026,83,0.0,1.0,71.4741209428533,0.05
7485,187.60000000000008,104,1.0,0.0,63.404463914366296,0.05
7486,193.6000000000001,104,1.0,0.0,31.000003068564602,0.05
7487,188.50000000000009,105,1.0,0.0,38.88732196972484,0.05
7488,187.10000000000008,99,1.0,0.0,35.77880779947295,0.05
7489,186.50000000000006,105,1.0,0.0,22.553012673237493,0.05
7490,189.80000000000007,102,1.0,0.0,37.85461144865143,0.05
7491,188.00000000000006,100,1.0,0.0,41.65869478963315,0.05
7492,186.9000000000001,101,1.0,0.0,29.35876856685275,0.05
7493,182.40000000000003,96,1.0,0.0,49.38680684465604,0.05
7494,193.5000000000001,115,1.0,0.0,62.47934790480396,0.05
7495,188.1000000000001,109,1.0,0.0,19.79135978495309,0.05
7496,179.5,95,1.0,0.0,80.89664224103878,0.05
7497,181.80000000000007,102,1.0,0.0,56.44366792194984,0.05
7498,188.30000000000007,107,1.0,0.0,47.615735040229055,0.05
7499,-40.60000000000006,66,0.0,1.0,55.197291280622736,0.05
7500,179.50000000000003,95,1.0,0.0,53.40198698522229,0.05
7501,177.7,93,1.0,0.0,37.6418178526945,0.05
7502,179.10000000000005,99,1.0,0.0,63.950359064295434,0.05
7503,186.90000000000006,101,1.0,0.0,58.21489675284022,0.05
7504,185.60000000000008,104,1.0,0.0,6.249651465994807,0.05
7505,191.9000000000001,111,1.0,0.0,61.91718858722094,0.05
7506,-61.300000000000026,43,0.0,1.0,96.71269730357237,0.05
7507,-75.7,27,0.0,1.0,44.89310745867314,0.05
7508,-42.60000000000014,126,0.0,1.0,61.43443148521086,0.05
7509,-37.600000000000065,76,0.0,1.0,49.33759669439965,0.05
7510,-50.200000000000045,62,0.0,1.0,57.12773843638359,0.05
7511,175.29999999999998,97,1.0,0.0,42.892805959299665,0.05
7512,186.00000000000006,100,1.0,0.0,58.7797763273865,0.05
7513,188.3000000000001,107,1.0,0.0,36.71175869415018,0.05
7514,186.70000000000005,103,1.0,0.0,35.665994473163366,0.05
7515,181.90000000000003,91,1.0,0.0,64.14095420885708,0.05
7516,188.50000000000009,105,1.0,0.0,68.52567007321687,0.05
7517,-42.400000000000055,64,0.0,1.0,36.75238780467771,0.05
7518,-68.50000000000001,35,0.0,1.0,67.86039558329753,0.05
7519,181.29999999999995,177,1.0,0.0,66.71402732085036,0.05
7520,190.5000000000001,105,1.0,0.0,36.183729664200825,0.05
7521,193.6000000000001,104,1.0,0.0,28.38215671049861,0.05
7522,179.80000000000007,102,1.0,0.0,63.86677538223711,0.05
7523,190.30000000000013,107,1.0,0.0,44.68787590428212,0.05
7524,185.40000000000043,166,1.0,0.0,75.28841517232807,0.05
7525,189.60000000000008,104,1.0,0.0,54.5335084491481,0.05
7526,185.80000000000007,102,1.0,0.0,58.09424778179941,0.05
7527,187.80000000000007,102,1.0,0.0,34.67339481077358,0.05
7528,-64.00000000000003,40,0.0,1.0,59.898195148259404,0.05
7529,179.00000000000003,90,1.0,0.0,39.017537182403935,0.05
7530,184.5000000000001,105,1.0,0.0,23.496845702472186,0.05
7531,-31.00000000000003,90,0.0,1.0,73.48651814394528,0.05
7532,-49.600000000000044,56,0.0,1.0,42.829598679606406,0.05
7533,187.8000000000001,102,1.0,0.0,47.65064675726143,0.05
7534,-69.60000000000001,36,0.0,1.0,71.17211524190174,0.05
7535,186.00000000000009,100,1.0,0.0,72.74858185760677,0.05
7536,185.20000000000005,108,1.0,0.0,87.43469385485406,0.05
7537,190.10000000000008,109,1.0,0.0,63.09852761570193,0.05
7538,181.10000000000008,99,1.0,0.0,37.65394960362652,0.05
7539,-64.90000000000002,39,0.0,1.0,47.48115396824403,0.05
7540,187.10000000000008,99,1.0,0.0,95.91206583185027,0.05
7541,185.60000000000005,104,1.0,0.0,69.3956400797201,0.05
7542,193.2000000000001,108,1.0,0.0,40.59499765870472,0.05
7543,185.60000000000005,104,1.0,0.0,56.99344066566286,0.05
7544,-89.19999999999999,12,0.0,1.0,50.607282262295485,0.05
7545,-68.20000000000002,42,0.0,1.0,28.987747080890195,0.05
7546,185.80000000000007,102,1.0,0.0,51.64323479915951,0.05
7547,188.80000000000013,112,1.0,0.0,52.689021952184184,0.05
7548,188.7000000000001,103,1.0,0.0,65.52950528133842,0.05
7549,189.2000000000001,108,1.0,0.0,77.30194860127651,0.05
7550,-37.40000000000006,74,0.0,1.0,56.25093165931065,0.05
7551,186.40000000000006,96,1.0,0.0,75.560126630861,0.05
7552,182.00000000000006,100,1.0,0.0,99.51306642629206,0.05
7553,-60.9999999999997,170,0.0,1.0,65.58678844176671,0.05
7554,190.3000000000001,107,1.0,0.0,62.885858580470085,0.05
7555,186.20000000000007,98,1.0,0.0,41.35359657897937,0.05
7556,179.00000000000003,90,1.0,0.0,43.94288665163848,0.05
7557,185.80000000000007,102,1.0,0.0,33.90010528996879,0.05
7558,195.10000000000014,119,1.0,0.0,21.608609336577043,0.05
7559,186.50000000000006,105,1.0,0.0,44.6844609237143,0.05
7560,-24.599999999999994,86,0.0,1.0,65.59000856273396,0.05
7561,184.3000000000001,107,1.0,0.0,58.880946861806315,0.05
7562,187.80000000000007,102,1.0,0.0,64.04330668890593,0.05
7563,195.10000000000014,119,1.0,0.0,67.12563048378259,0.05
7564,186.20000000000005,98,1.0,0.0,69.75427354986266,0.05
7565,185.70000000000007,113,1.0,0.0,56.18769842313718,0.05
7566,183.20000000000007,108,1.0,0.0,49.73544511461147,0.05
7567,189.0000000000001,110,1.0,0.0,65.41518369777636,0.05
7568,188.9000000000001,101,1.0,0.0,70.44956558802636,0.05
7569,-10.399999999999793,124,0.0,1.0,76.61707964869997,0.05
7570,188.7000000000001,103,1.0,0.0,69.85217505657268,0.05
7571,-67.60000000000002,36,0.0,1.0,19.56823407030768,0.05
7572,186.90000000000006,101,1.0,0.0,111.34460687253736,0.05
7573,185.30000000000007,97,1.0,0.0,26.388390825504494,0.05
7574,183.30000000000007,97,1.0,0.0,75.84568148083294,0.05
7575,184.80000000000013,112,1.0,0.0,69.36796782125852,0.05
7576,181.10000000000002,99,1.0,0.0,86.79018916859471,0.05
7577,185.90000000000023,131,1.0,0.0,87.62458341358273,0.05
7578,184.40000000000003,96,1.0,0.0,76.26246434248363,0.05
7579,-38.100000000000065,71,0.0,1.0,26.159917166115534,0.05
7580,186.20000000000005,98,1.0,0.0,48.85753494364266,0.05
7581,186.30000000000007,107,1.0,0.0,42.07116973727384,0.05
7582,185.40000000000003,106,1.0,0.0,47.74966926204989,0.05
7583,188.5000000000001,105,1.0,0.0,74.15144542767888,0.05
7584,186.9000000000001,101,1.0,0.0,96.66660631248857,0.05
7585,188.7000000000001,103,1.0,0.0,58.08955245258883,0.05
7586,187.20000000000007,108,1.0,0.0,59.59433328529337,0.05
7587,182.60000000000002,94,1.0,0.0,82.80917093030949,0.05
7588,186.50000000000006,105,1.0,0.0,30.010939605037372,0.05
7589,188.7000000000001,103,1.0,0.0,56.344595495647596,0.05
7590,189.4000000000001,106,1.0,0.0,72.61888331842592,0.05
7591,181.10000000000002,99,1.0,0.0,58.08983016443072,0.05
7592,190.6000000000001,114,1.0,0.0,93.36804524469271,0.05
7593,186.30000000000007,107,1.0,0.0,22.612677690790637,0.05
7594,189.4000000000001,106,1.0,0.0,53.99986608122598,0.05
7595,187.80000000000007,102,1.0,0.0,56.87781109244508,0.05
7596,191.6000000000001,104,1.0,0.0,58.85130347612385,0.05
7597,186.00000000000006,100,1.0,0.0,33.56270948074758,0.05
7598,184.40000000000006,96,1.0,0.0,75.86078110073383,0.05
7599,189.60000000000008,104,1.0,0.0,39.17452449924671,0.05
7600,-28.299999999999955,93,0.0,1.0,68.647280080985,0.05
7601,-38.40000000000006,84,0.0,1.0,43.292197039439564,0.05
7602,182.9000000000002,121,1.0,0.0,68.83668264346429,0.05
7603,194.4000000000001,116,1.0,0.0,63.32866086489682,0.05
7604,188.30000000000007,107,1.0,0.0,42.46576291956356,0.05
7605,190.10000000000014,109,1.0,0.0,54.42068130358917,0.05
7606,191.0000000000001,110,1.0,0.0,57.94194562496109,0.05
7607,188.10000000000014,109,1.0,0.0,65.9219921512888,0.05
7608,192.30000000000013,107,1.0,0.0,60.9406128122567,0.05
7609,188.00000000000006,100,1.0,0.0,58.18386983603239,0.05
7610,-87.39999999999999,14,0.0,1.0,0.289278690304075,0.05
7611,-27.900000000000006,89,0.0,1.0,108.75518128820015,0.05
7612,193.40000000000012,106,1.0,0.0,40.746114288860895,0.05
7613,188.9000000000001,101,1.0,0.0,93.92416476849282,0.05
7614,183.70000000000005,93,1.0,0.0,63.854060110866385,0.05
7615,179.00000000000003,90,1.0,0.0,39.71243611872196,0.05
7616,192.5000000000001,105,1.0,0.0,45.70223231138218,0.05
7617,180.60000000000002,94,1.0,0.0,60.14466308120718,0.05
7618,191.2000000000001,108,1.0,0.0,35.90966736621879,0.05
7619,-43.900000000000055,69,0.0,1.0,55.16608210750248,0.05
7620,182.90000000000003,101,1.0,0.0,54.99168607186858,0.05
7621,68.00000000000061,200,0.0,0.0,33.74520374827087,0.05
7622,-39.099999999999724,141,0.0,1.0,65.12369385160876,0.05
7623,187.5000000000004,155,1.0,0.0,77.70723612231593,0.05
7624,189.00000000000009,110,1.0,0.0,71.35530426542867,0.05
7625,184.20000000000005,98,1.0,0.0,65.58559999812623,0.05
7626,188.50000000000009,105,1.0,0.0,29.464869158324742,0.05
7627,-66.20000000000002,42,0.0,1.0,98.57258743473461,0.05
7628,186.20000000000007,98,1.0,0.0,38.22506390162268,0.05
7629,186.20000000000007,98,1.0,0.0,76.95234205642221,0.05
7630,182.60000000000005,94,1.0,0.0,33.308245520404675,0.05
7631,78.00000000000061,200,0.0,0.0,50.77770134136081,0.05
7632,187.2000000000001,108,1.0,0.0,71.64364162597943,0.05
7633,184.2000000000004,158,1.0,0.0,45.607275626563194,0.05
7634,185.10000000000005,99,1.0,0.0,62.96449609221232,0.05
7635,193.20000000000013,108,1.0,0.0,50.982456624507904,0.05
7636,179.70000000000033,153,1.0,0.0,49.34687576581742,0.05
7637,188.7000000000001,103,1.0,0.0,63.001535935454,0.05
7638,182.9000000000001,101,1.0,0.0,47.03356176275428,0.05
7639,-47.6000000000001,96,0.0,1.0,79.96762004417057,0.05
7640,191.30000000000013,117,1.0,0.0,47.77552558519901,0.05
7641,186.50000000000006,105,1.0,0.0,76.61517782626407,0.05
7642,187.4000000000001,106,1.0,0.0,78.21398615998761,0.05
7643,188.9000000000001,101,1.0,0.0,39.02425797895925,0.05
7644,185.60000000000005,104,1.0,0.0,41.58109747969474,0.05
7645,-65.70000000000002,47,0.0,1.0,118.3706980393605,0.05
7646,-61.70000000000002,47,0.0,1.0,60.11236046571681,0.05
7647,196.40000000000015,116,1.0,0.0,73.97689631009668,0.05
7648,190.80000000000013,112,1.0,0.0,35.756340300863876,0.05
7649,-80.19999999999999,22,0.0,1.0,0.4017131067812443,0.05
7650,-69.30000000000008,83,0.0,1.0,42.78881445975907,0.05
7651,185.7000000000001,113,1.0,0.0,65.92098648668127,0.05
7652,-37.89999999999987,109,0.0,1.0,64.38166825480144,0.05
7653,187.4000000000001,106,1.0,0.0,54.9000928310572,0.05
7654,193.5000000000001,115,1.0,0.0,33.519379768812136,0.05
7655,190.00000000000028,140,1.0,0.0,50.85070661508611,0.05
7656,181.50000000000003,95,1.0,0.0,131.7321267071523,0.05
7657,192.60000000000016,114,1.0,0.0,38.02537860061254,0.05
7658,193.1000000000001,119,1.0,0.0,46.081950044807265,0.05
7659,191.5000000000001,115,1.0,0.0,72.3542228942332,0.05
7660,183.30000000000007,97,1.0,0.0,44.386326031586556,0.05
7661,188.00000000000009,100,1.0,0.0,76.34273012042046,0.05
7662,184.40000000000026,136,1.0,0.0,44.25261365008705,0.05
7663,184.50000000000006,105,1.0,0.0,69.0879404631399,0.05
7664,192.60000000000008,114,1.0,0.0,72.3003907665741,0.05
7665,186.70000000000007,103,1.0,0.0,58.981118545370194,0.05
7666,182.60000000000005,94,1.0,0.0,37.096844074811706,0.05
7667,187.10000000000008,99,1.0,0.0,44.28554816024773,0.05
7668,183.60000000000008,104,1.0,0.0,94.38691838014012,0.05
7669,186.00000000000006,100,1.0,0.0,57.47331617310643,0.05
7670,186.20000000000007,98,1.0,0.0,59.73626419278432,0.05
7671,-64.50000000000003,55,0.0,1.0,45.11798001256856,0.05
7672,187.20000000000007,108,1.0,0.0,53.146797480544556,0.05
7673,182.40000000000003,96,1.0,0.0,73.86010186374187,0.05
7674,181.70000000000005,93,1.0,0.0,30.69266562548376,0.05
7675,188.70000000000033,143,1.0,0.0,63.44546789071568,0.05
7676,184.9000000000001,101,1.0,0.0,42.32680569087515,0.05
7677,186.10000000000008,109,1.0,0.0,69.67853784861914,0.05
7678,-64.90000000000002,39,0.0,1.0,69.86657448265797,0.05
7679,182.40000000000003,96,1.0,0.0,38.37703726370819,0.05
7680,191.2000000000001,108,1.0,0.0,35.82003149659269,0.05
7681,183.40000000000006,106,1.0,0.0,34.49655667818942,0.05
7682,186.9000000000001,101,1.0,0.0,34.786037715428535,0.05
7683,182.9000000000001,101,1.0,0.0,66.31798795131174,0.05
7684,192.5000000000001,105,1.0,0.0,60.17177330837363,0.05
7685,-31.500000000000057,85,0.0,1.0,33.900111785969315,0.05
7686,184.00000000000028,140,1.0,0.0,65.24859024531075,0.05
7687,192.10000000000014,109,1.0,0.0,49.26141301993657,0.05
7688,186.00000000000006,100,1.0,0.0,85.07604477889836,0.05
7689,181.90000000000003,91,1.0,0.0,40.03523933993919,0.05
7690,188.7000000000001,103,1.0,0.0,63.65465747167185,0.05
7691,195.0000000000001,110,1.0,0.0,66.05421455326406,0.05
7692,191.0000000000001,110,1.0,0.0,61.458013493567705,0.05
7693,186.00000000000006,100,1.0,0.0,55.3990122359246,0.05
7694,187.80000000000007,102,1.0,0.0,63.627165368374655,0.05
7695,186.9000000000001,101,1.0,0.0,71.33297913174817,0.05
7696,186.7000000000001,103,1.0,0.0,98.05252011821976,0.05
7697,195.90000000000015,111,1.0,0.0,96.50198713488676,0.05
7698,193.20000000000013,108,1.0,0.0,51.56338438153681,0.05
7699,186.20000000000007,98,1.0,0.0,84.07517428224793,0.05
7700,181.70000000000005,93,1.0,0.0,50.68566878059859,0.05
7701,186.50000000000009,105,1.0,0.0,44.88850092675005,0.05
7702,189.0000000000001,110,1.0,0.0,49.421233010292056,0.05
7703,-32.700000000000045,77,0.0,1.0,38.3202363896099,0.05
7704,185.50000000000006,95,1.0,0.0,93.40667776230134,0.05
7705,187.9000000000001,111,1.0,0.0,77.25911852395213,0.05
7706,185.80000000000007,102,1.0,0.0,27.433065035106505,0.05
7707,196.60000000000014,114,1.0,0.0,31.84949659614971,0.05
7708,185.50000000000006,95,1.0,0.0,58.07537287395252,0.05
7709,187.20000000000005,108,1.0,0.0,56.58481237568237,0.05
7710,186.30000000000007,107,1.0,0.0,49.32739111509557,0.05
7711,183.10000000000005,99,1.0,0.0,36.37168500843373,0.05
7712,-37.40000000000006,74,0.0,1.0,89.93570075345201,0.05
7713,-72.30000000000001,33,0.0,1.0,55.10144022287744,0.05
7714,187.2000000000001,108,1.0,0.0,40.59057337383705,0.05
7715,189.4000000000001,106,1.0,0.0,81.86482865405533,0.05
7716,186.70000000000007,103,1.0,0.0,25.55211202742405,0.05
7717,191.50000000000014,115,1.0,0.0,79.8992393133433,0.05
7718,189.00000000000009,110,1.0,0.0,51.60372736244039,0.05
7719,189.2000000000001,108,1.0,0.0,84.72357618022296,0.05
7720,188.3000000000001,107,1.0,0.0,51.33798983519044,0.05
7721,189.5000000000001,115,1.0,0.0,67.56623115312794,0.05
7722,193.4000000000001,106,1.0,0.0,46.75640090737703,0.05
7723,189.4000000000001,106,1.0,0.0,81.96798713589614,0.05
7724,188.00000000000006,100,1.0,0.0,55.80702784329653,0.05
7725,182.60000000000005,94,1.0,0.0,50.021918956745175,0.05
7726,-63.70000000000006,67,0.0,1.0,28.83435001035235,0.05
7727,189.4000000000001,106,1.0,0.0,39.0486284836705,0.05
7728,191.4000000000001,106,1.0,0.0,80.39946969472012,0.05
7729,190.8000000000001,112,1.0,0.0,74.64599562017247,0.05
7730,185.30000000000007,97,1.0,0.0,61.05553610484625,0.05
7731,188.60000000000014,114,1.0,0.0,42.8044763304816,0.05
7732,198.20000000000016,118,1.0,0.0,61.4210225039367,0.05
7733,188.20000000000007,98,1.0,0.0,34.71865941911023,0.05
7734,192.1000000000001,109,1.0,0.0,38.66927059548437,0.05
7735,194.30000000000013,107,1.0,0.0,11.649281723337753,0.05
7736,189.10000000000008,99,1.0,0.0,73.26572593692879,0.05
7737,189.60000000000008,104,1.0,0.0,59.02650365763559,0.05
7738,183.10000000000002,99,1.0,0.0,56.52692448498324,0.05
7739,184.60000000000005,94,1.0,0.0,83.3416080554115,0.05
7740,186.9000000000001,101,1.0,0.0,37.47780437413419,0.05
7741,186.80000000000007,112,1.0,0.0,71.22970874634173,0.05
7742,183.60000000000008,104,1.0,0.0,71.80243718008009,0.05
7743,189.1000000000002,119,1.0,0.0,49.801152075977384,0.05
7744,190.5000000000001,105,1.0,0.0,60.41051671292101,0.05
7745,-39.000000000000064,70,0.0,1.0,35.98602181641119,0.05
7746,184.10000000000008,109,1.0,0.0,94.56654530374009,0.05
7747,188.7000000000001,103,1.0,0.0,58.0521271973125,0.05
7748,185.4000000000001,106,1.0,0.0,69.85374485363938,0.05
7749,183.70000000000016,113,1.0,0.0,72.40352146973652,0.05
7750,193.90000000000012,111,1.0,0.0,43.69766631507659,0.05
7751,-53.40000000000004,54,0.0,1.0,44.25555120353346,0.05
7752,179.50000000000003,95,1.0,0.0,37.8455194552478,0.05
7753,189.60000000000008,104,1.0,0.0,23.991073252776495,0.05
7754,187.30000000000007,97,1.0,0.0,53.22435446475277,0.05
7755,181.80000000000007,102,1.0,0.0,77.4703771962839,0.05
7756,-57.70000000000003,47,0.0,1.0,41.0843532652931,0.05
7757,193.90000000000015,111,1.0,0.0,62.793441654996826,0.05
7758,178.90000000000043,161,1.0,0.0,45.79182282950937,0.05
7759,-45.900000000000055,69,0.0,1.0,61.46904344899931,0.05
7760,183.50000000000006,95,1.0,0.0,29.136962266580056,0.05
7761,191.90000000000012,111,1.0,0.0,69.98252686193666,0.05
7762,181.70000000000005,93,1.0,0.0,77.20105469114678,0.05
7763,190.00000000000009,100,1.0,0.0,49.83992561936378,0.05
7764,193.00000000000014,110,1.0,0.0,52.24370262128386,0.05
7765,197.10000000000016,119,1.0,0.0,38.43176295555064,0.05
7766,192.30000000000013,107,1.0,0.0,38.27527004737999,0.05
7767,184.7000000000001,103,1.0,0.0,50.22752975788221,0.05
7768,185.80000000000007,102,1.0,0.0,81.04983565277037,0.05
7769,180.20000000000002,98,1.0,0.0,28.659618788988006,0.05
7770,180.60000000000005,94,1.0,0.0,48.02340572470046,0.05
7771,186.9000000000001,101,1.0,0.0,53.19616170758658,0.05
7772,192.5000000000001,105,1.0,0.0,73.30600676813296,0.05
7773,193.90000000000012,111,1.0,0.0,39.52403886461848,0.05
7774,-46.20000000000005,62,0.0,1.0,41.318599580636906,0.05
7775,185.4000000000001,106,1.0,0.0,76.19094361041515,0.05
7776,191.00000000000009,110,1.0,0.0,78.86730622506954,0.05
7777,-42.60000000000006,66,0.0,1.0,44.98002644300912,0.05
7778,181.70000000000005,93,1.0,0.0,42.11831547808583,0.05
7779,-54.00000000000005,60,0.0,1.0,114.8964521077772,0.05
7780,186.7000000000001,103,1.0,0.0,41.539744342993764,0.05
7781,182.40000000000003,96,1.0,0.0,65.94652582262643,0.05
7782,182.90000000000003,101,1.0,0.0,70.18905603797128,0.05
7783,188.7000000000001,103,1.0,0.0,65.48889377083883,0.05
7784,186.9000000000001,101,1.0,0.0,42.53070188571911,0.05
7785,197.30000000000018,117,1.0,0.0,60.67365012451624,0.05
7786,189.6000000000001,104,1.0,0.0,53.45900064585014,0.05
7787,-55.60000000000004,56,0.0,1.0,44.802981273537235,0.05
7788,178.40000000000003,96,1.0,0.0,103.5550360319515,0.05
7789,189.60000000000008,104,1.0,0.0,35.274504680902915,0.05
7790,-43.20000000000007,72,0.0,1.0,42.057816372770404,0.05
7791,190.1000000000001,109,1.0,0.0,29.608304599898123,0.05
7792,187.10000000000008,99,1.0,0.0,55.85917065661363,0.05
7793,182.20000000000005,98,1.0,0.0,68.15208349407328,0.05
7794,182.60000000000005,94,1.0,0.0,36.34383555731558,0.05
7795,179.90000000000003,91,1.0,0.0,38.562254838072334,0.05
7796,185.30000000000007,97,1.0,0.0,42.25789350109924,0.05
7797,184.00000000000006,100,1.0,0.0,74.54858085528016,0.05
7798,196.80000000000013,112,1.0,0.0,51.09469672305776,0.05
7799,-82.0,20,0.0,1.0,69.7512960523367,0.05
7800,186.7000000000001,103,1.0,0.0,38.01395347164672,0.05
7801,184.3000000000001,107,1.0,0.0,55.63220092514965,0.05
7802,187.30000000000024,137,1.0,0.0,62.76954444187836,0.05
7803,188.5000000000001,105,1.0,0.0,54.80602133621772,0.05
7804,185.30000000000007,97,1.0,0.0,79.11850443789639,0.05
7805,-29.500000000000043,85,0.0,1.0,64.62766120740596,0.05
7806,187.0000000000001,110,1.0,0.0,59.216591947999866,0.05
7807,190.7000000000001,103,1.0,0.0,75.19295469577452,0.05
7808,181.80000000000007,102,1.0,0.0,85.58248371966914,0.05
7809,191.40000000000012,106,1.0,0.0,60.14702734337101,0.05
7810,184.00000000000006,100,1.0,0.0,51.69682099565863,0.05
7811,185.60000000000008,104,1.0,0.0,40.43085095863073,0.05
7812,184.30000000000007,107,1.0,0.0,25.373930720037947,0.05
7813,188.7000000000001,103,1.0,0.0,90.82574679666352,0.05
7814,184.90000000000006,101,1.0,0.0,43.802632480933525,0.05
7815,193.20000000000013,108,1.0,0.0,67.1518830753587,0.05
7816,182.00000000000003,100,1.0,0.0,46.33116445288062,0.05
7817,189.60000000000008,104,1.0,0.0,33.270239036888455,0.05
7818,-31.70000000000006,87,0.0,1.0,53.75088274294789,0.05
7819,193.20000000000013,108,1.0,0.0,36.91769000549835,0.05
7820,188.4000000000001,116,1.0,0.0,50.90534644708808,0.05
7821,64.00000000000048,200,0.0,0.0,57.277664608880876,0.05
7822,189.2000000000001,108,1.0,0.0,63.934723043952275,0.05
7823,186.9000000000001,101,1.0,0.0,72.6445523996902,0.05
7824,184.7000000000001,103,1.0,0.0,46.34286884601834,0.05
7825,190.7000000000001,103,1.0,0.0,30.96852946758849,0.05
7826,189.00000000000006,110,1.0,0.0,52.80243267295035,0.05
7827,194.80000000000013,112,1.0,0.0,79.61682240282451,0.05
7828,186.7000000000001,103,1.0,0.0,63.206971796898586,0.05
7829,189.10000000000008,99,1.0,0.0,84.06810911180395,0.05
7830,186.30000000000007,107,1.0,0.0,47.92442242717632,0.05
7831,192.0000000000001,120,1.0,0.0,67.95674983008455,0.05
7832,192.80000000000013,112,1.0,0.0,42.40632413018362,0.05
7833,181.3,97,1.0,0.0,43.060293063521385,0.05
7834,184.60000000000014,114,1.0,0.0,51.75368502487739,0.05
7835,-64.00000000000003,40,0.0,1.0,30.392896073684096,0.05
7836,184.20000000000005,98,1.0,0.0,26.1833523333985,0.05
7837,184.50000000000006,105,1.0,0.0,50.25206190801802,0.05
7838,195.90000000000012,111,1.0,0.0,55.62536392354213,0.05
7839,-79.7,27,0.0,1.0,47.960450705002856,0.05
7840,191.9000000000001,111,1.0,0.0,50.70865191280976,0.05
7841,190.50000000000009,105,1.0,0.0,58.87320816048554,0.05
7842,182.90000000000006,101,1.0,0.0,56.685596479195176,0.05
7843,-61.50000000000002,45,0.0,1.0,52.75742527974977,0.05
7844,184.20000000000005,98,1.0,0.0,41.43856365172839,0.05
7845,68.00000000000063,200,0.0,0.0,40.9074197274819,0.05
7846,185.10000000000028,139,1.0,0.0,67.39080041856002,0.05
7847,181.30000000000007,97,1.0,0.0,42.47916525886538,0.05
7848,192.5000000000001,105,1.0,0.0,78.11615638938689,0.05
7849,199.50000000000017,115,1.0,0.0,63.17408853860005,0.05
7850,187.4000000000001,106,1.0,0.0,76.97593188356116,0.05
7851,187.4000000000001,106,1.0,0.0,74.30249148255811,0.05
7852,186.10000000000005,109,1.0,0.0,68.75354334144691,0.05
7853,192.60000000000014,114,1.0,0.0,83.59734239756015,0.05
7854,196.0000000000002,120,1.0,0.0,33.40141556027035,0.05
7855,193.0000000000001,110,1.0,0.0,61.73701221170751,0.05
7856,194.70000000000022,123,1.0,0.0,58.240581942161896,0.05
7857,187.9000000000001,111,1.0,0.0,74.55802368533773,0.05
7858,184.90000000000006,101,1.0,0.0,44.205694220665066,0.05
7859,181.30000000000007,97,1.0,0.0,59.021294432817044,0.05
7860,188.9000000000001,101,1.0,0.0,27.583043077720863,0.05
7861,192.80000000000013,112,1.0,0.0,38.32975302869454,0.05
7862,187.60000000000008,104,1.0,0.0,80.35983768291771,0.05
7863,184.40000000000006,96,1.0,0.0,45.64642315885673,0.05
7864,190.4000000000001,116,1.0,0.0,54.01696143973747,0.05
7865,181.10000000000002,99,1.0,0.0,32.757683694061605,0.05
7866,197.30000000000018,117,1.0,0.0,48.827801273355625,0.05
7867,185.4000000000001,106,1.0,0.0,29.951594262612314,0.05
7868,186.20000000000007,98,1.0,0.0,44.53084800240337,0.05
7869,181.00000000000003,90,1.0,0.0,79.01573758696516,0.05
7870,186.20000000000007,98,1.0,0.0,59.25484343177202,0.05
7871,192.20000000000016,118,1.0,0.0,60.30829886688014,0.05
7872,-89.39999999999999,14,0.0,1.0,1.2116409444383212,0.05
7873,188.7000000000001,103,1.0,0.0,51.97264909303015,0.05
7874,186.50000000000006,105,1.0,0.0,70.24676849416323,0.05
7875,189.7000000000001,113,1.0,0.0,54.647024234707374,0.05
7876,194.40000000000018,116,1.0,0.0,57.8213911657061,0.05
7877,190.7000000000001,103,1.0,0.0,78.28197668782137,0.05
7878,191.90000000000012,111,1.0,0.0,76.73435058021867,0.05
7879,194.20000000000016,118,1.0,0.0,64.21877793576253,0.05
7880,188.70000000000007,103,1.0,0.0,40.72623121955441,0.05
7881,187.60000000000008,104,1.0,0.0,42.15513881238607,0.05
7882,186.00000000000006,100,1.0,0.0,52.78757126539946,0.05
7883,183.4000000000001,106,1.0,0.0,62.974761795393135,0.05
7884,192.3000000000001,107,1.0,0.0,39.90644871171947,0.05
7885,186.70000000000007,103,1.0,0.0,58.58063328150406,0.05
7886,191.4000000000001,106,1.0,0.0,47.72868296981982,0.05
7887,187.10000000000008,99,1.0,0.0,66.9892239188305,0.05
7888,191.0000000000001,110,1.0,0.0,51.021661785786804,0.05
7889,180.10000000000002,89,1.0,0.0,72.38881076386805,0.05
7890,184.00000000000006,100,1.0,0.0,63.4684913238883,0.05
7891,184.10000000000002,109,1.0,0.0,61.73995491500021,0.05
7892,190.30000000000007,107,1.0,0.0,34.61182376491689,0.05
7893,196.80000000000015,112,1.0,0.0,45.31791219281565,0.05
7894,184.7000000000001,103,1.0,0.0,57.46184476566257,0.05
7895,184.40000000000003,96,1.0,0.0,54.404701629032694,0.05
7896,-85.6,16,0.0,1.0,70.41373414453119,0.05
7897,188.8000000000001,112,1.0,0.0,59.68802356374051,0.05
7898,189.70000000000016,113,1.0,0.0,46.2189989866013,0.05
7899,-36.60000000000007,86,0.0,1.0,105.59544787729202,0.05
7900,193.0000000000001,110,1.0,0.0,94.33412717926231,0.05
7901,191.0000000000001,110,1.0,0.0,59.9978369103914,0.05
7902,186.50000000000006,105,1.0,0.0,57.35884715141285,0.05
7903,190.3000000000001,107,1.0,0.0,56.22051069920308,0.05
7904,181.10000000000005,99,1.0,0.0,28.85406602670749,0.05
7905,187.60000000000008,104,1.0,0.0,40.69501836039126,0.05
7906,195.50000000000017,115,1.0,0.0,48.7596772607254,0.05
7907,189.00000000000009,110,1.0,0.0,56.406379184939645,0.05
7908,183.5000000000001,115,1.0,0.0,56.41914614918439,0.05
7909,188.10000000000008,109,1.0,0.0,53.61538344628494,0.05
7910,194.2000000000001,118,1.0,0.0,39.26898862784571,0.05
7911,188.9000000000001,101,1.0,0.0,39.80978762395311,0.05
7912,184.00000000000006,100,1.0,0.0,73.94901964828372,0.05
7913,186.9000000000001,101,1.0,0.0,35.78947209861904,0.05
7914,180.20000000000005,98,1.0,0.0,25.9294502966258,0.05
7915,185.80000000000007,102,1.0,0.0,73.52424314325931,0.05
7916,181.9000000000001,111,1.0,0.0,35.82755996273445,0.05
7917,181.10000000000002,99,1.0,0.0,72.61590257746101,0.05
7918,186.20000000000005,98,1.0,0.0,54.55053946748376,0.05
7919,183.80000000000007,102,1.0,0.0,47.04056539591036,0.05
7920,185.9000000000001,111,1.0,0.0,66.20540642792041,0.05
7921,187.60000000000008,104,1.0,0.0,62.308075725244215,0.05
7922,184.90000000000006,101,1.0,0.0,66.33552071031663,0.05
7923,188.3000000000001,107,1.0,0.0,56.44935315889176,0.05
7924,189.00000000000009,110,1.0,0.0,35.90939698266712,0.05
7925,195.2000000000001,108,1.0,0.0,6.994398190398459,0.05
7926,185.30000000000007,97,1.0,0.0,16.959396050302022,0.05
7927,-44.20000000000005,62,0.0,1.0,98.51081467239607,0.05
7928,176.7,103,1.0,0.0,64.37766970780868,0.05
7929,190.00000000000009,100,1.0,0.0,40.029818248152736,0.05
7930,181.70000000000005,93,1.0,0.0,41.5194070153339,0.05
7931,181.50000000000006,95,1.0,0.0,47.52896637602856,0.05
7932,-37.80000000000007,78,0.0,1.0,53.30694388779692,0.05
7933,188.30000000000013,107,1.0,0.0,84.48260424432354,0.05
7934,187.30000000000007,97,1.0,0.0,52.67727969640616,0.05
7935,184.90000000000006,101,1.0,0.0,43.695442231722396,0.05
7936,190.3000000000001,107,1.0,0.0,19.716804887716457,0.05
7937,184.00000000000006,100,1.0,0.0,55.62419445335865,0.05
7938,-21.19999999999999,92,0.0,1.0,26.92937564258666,0.05
7939,-41.50000000000006,65,0.0,1.0,40.92913125547079,0.05
7940,188.50000000000009,105,1.0,0.0,56.70679221763497,0.05
7941,189.0000000000001,110,1.0,0.0,55.969126109237024,0.05
7942,183.30000000000007,97,1.0,0.0,51.01775599693514,0.05
7943,186.00000000000006,100,1.0,0.0,35.15980609253049,0.05
7944,194.80000000000015,112,1.0,0.0,34.03635363427124,0.05
7945,186.00000000000006,100,1.0,0.0,35.39494152128697,0.05
7946,181.50000000000006,95,1.0,0.0,41.834072225501664,0.05
7947,196.40000000000015,116,1.0,0.0,23.006668959455244,0.05
7948,189.0000000000001,110,1.0,0.0,50.126401181654494,0.05
7949,182.90000000000003,101,1.0,0.0,46.194276636927434,0.05
7950,191.4000000000001,106,1.0,0.0,48.140654646281924,0.05
7951,194.80000000000013,112,1.0,0.0,56.77359973319939,0.05
7952,188.30000000000007,107,1.0,0.0,22.781580840315772,0.05
7953,-51.60000000000004,56,0.0,1.0,86.25512584564942,0.05
7954,184.40000000000003,96,1.0,0.0,71.09576426337783,0.05
7955,182.60000000000005,94,1.0,0.0,71.21513566771087,0.05
7956,184.90000000000003,101,1.0,0.0,85.45802574744908,0.05
7957,187.4000000000001,106,1.0,0.0,26.41779627187072,0.05
7958,184.60000000000008,114,1.0,0.0,31.93291755935602,0.05
7959,187.00000000000009,110,1.0,0.0,44.17356663752686,0.05
7960,190.5000000000001,105,1.0,0.0,23.56881008730048,0.05
7961,179.3,97,1.0,0.0,51.404780537658134,0.05
7962,184.20000000000005,98,1.0,0.0,64.81990316464585,0.05
7963,-83.1,21,0.0,1.0,57.92859339997882,0.05
7964,190.30000000000007,107,1.0,0.0,56.740568331608145,0.05
7965,181.80000000000004,102,1.0,0.0,51.04578726198159,0.05
7966,-39.000000000000064,70,0.0,1.0,60.44358958580664,0.05
7967,188.30000000000007,107,1.0,0.0,53.17788504105862,0.05
7968,188.00000000000006,100,1.0,0.0,42.86637581974268,0.05
7969,189.4000000000001,106,1.0,0.0,28.044976397435057,0.05
7970,182.90000000000006,101,1.0,0.0,36.44054982479256,0.05
7971,188.70000000000007,103,1.0,0.0,35.841706736429224,0.05
7972,194.40000000000012,116,1.0,0.0,49.90287292035746,0.05
7973,181.5000000000001,115,1.0,0.0,30.9542254085774,0.05
7974,-53.40000000000004,54,0.0,1.0,82.11907025067894,0.05
7975,195.90000000000015,111,1.0,0.0,52.210210013631226,0.05
7976,188.30000000000007,107,1.0,0.0,45.43522146385964,0.05
7977,187.30000000000007,97,1.0,0.0,52.29687927371448,0.05
7978,189.90000000000015,111,1.0,0.0,34.10668029173,0.05
7979,191.2000000000001,108,1.0,0.0,51.15006906490911,0.05
7980,194.10000000000014,109,1.0,0.0,44.74727826818414,0.05
7981,-80.19999999999999,22,0.0,1.0,56.63505354489792,0.05
7982,186.90000000000006,101,1.0,0.0,61.23382595786364,0.05
7983,181.3,97,1.0,0.0,51.447687923600995,0.05
7984,183.80000000000007,102,1.0,0.0,30.555353039839105,0.05
7985,189.9000000000001,111,1.0,0.0,44.66589651169541,0.05
7986,-59.50000000000003,45,0.0,1.0,92.07012651711702,0.05
7987,189.70000000000016,113,1.0,0.0,48.11454037926366,0.05
7988,179.70000000000002,93,1.0,0.0,51.02081489795318,0.05
7989,-43.500000000000085,85,0.0,1.0,68.9629708603901,0.05
7990,189.60000000000008,104,1.0,0.0,46.22280612630913,0.05
7991,188.00000000000006,100,1.0,0.0,54.47295500598848,0.05
7992,192.10000000000014,109,1.0,0.0,56.648908348668606,0.05
7993,182.40000000000003,96,1.0,0.0,64.30004849735026,0.05
7994,-27.100000000000023,81,0.0,1.0,62.03347507928625,0.05
7995,181.70000000000005,93,1.0,0.0,27.489874615944842,0.05
7996,193.0000000000001,110,1.0,0.0,37.92689234316349,0.05
7997,191.2000000000001,108,1.0,0.0,49.09300164595522,0.05
7998,-19.29999999999997,103,0.0,1.0,41.393844906132195,0.05
7999,184.00000000000006,100,1.0,0.0,57.93070789113641,0.05
8000,186.40000000000015,116,1.0,0.0,26.77762425639506,0.05
8001,191.60000000000008,104,1.0,0.0,74.20742470384218,0.05
8002,183.30000000000004,97,1.0,0.0,44.073773395923,0.05
8003,187.60000000000008,104,1.0,0.0,46.805664215021984,0.05
8004,189.10000000000008,99,1.0,0.0,70.37653326758682,0.05
8005,177.5000000000006,195,1.0,0.0,47.502407987033706,0.05
8006,189.8000000000001,102,1.0,0.0,49.24742883085912,0.05
8007,186.30000000000007,107,1.0,0.0,39.502598927956875,0.05
8008,179.50000000000003,95,1.0,0.0,87.8157242314596,0.05
8009,191.8000000000001,102,1.0,0.0,33.822215341323734,0.05
8010,184.70000000000007,103,1.0,0.0,35.24285989016005,0.05
8011,182.50000000000003,105,1.0,0.0,19.99425662514709,0.05
8012,186.9000000000001,101,1.0,0.0,24.370768051852686,0.05
8013,-69.80000000000001,38,0.0,1.0,65.23280294337555,0.05
8014,196.60000000000014,114,1.0,0.0,36.945800141153626,0.05
8015,191.00000000000009,110,1.0,0.0,38.07534862255508,0.05
8016,189.80000000000007,102,1.0,0.0,20.92777284680336,0.05
8017,189.40000000000012,106,1.0,0.0,53.015743480679,0.05
8018,190.30000000000007,107,1.0,0.0,38.50878356689605,0.05
8019,192.80000000000013,112,1.0,0.0,32.28503483693515,0.05
8020,185.70000000000005,113,1.0,0.0,47.98823789573085,0.05
8021,-27.300000000000026,83,0.0,1.0,48.066284685519086,0.05
8022,-74.50000000000001,35,0.0,1.0,0.28568667535270964,0.05
8023,180.50000000000006,105,1.0,0.0,40.67391838239772,0.05
8024,191.6000000000001,104,1.0,0.0,51.89829075472573,0.05
8025,188.30000000000007,107,1.0,0.0,35.65144893513104,0.05
8026,180.40000000000003,96,1.0,0.0,55.29574319083864,0.05
8027,187.80000000000007,102,1.0,0.0,35.642261132451836,0.05
8028,183.70000000000005,93,1.0,0.0,66.41874595587292,0.05
8029,182.70000000000005,103,1.0,0.0,21.009039262255417,0.05
8030,193.2000000000001,108,1.0,0.0,41.49517646273253,0.05
8031,188.20000000000007,98,1.0,0.0,49.29428922164501,0.05
8032,183.80000000000007,102,1.0,0.0,47.43842272869512,0.05
8033,192.30000000000013,107,1.0,0.0,35.03960915063029,0.05
8034,184.7000000000001,103,1.0,0.0,45.67913150863306,0.05
8035,192.80000000000013,112,1.0,0.0,52.11245538254401,0.05
8036,185.80000000000007,102,1.0,0.0,35.390697228557926,0.05
8037,183.30000000000007,97,1.0,0.0,71.75190779697343,0.05
8038,-41.00000000000009,90,0.0,1.0,58.9142128235764,0.05
8039,194.10000000000014,109,1.0,0.0,50.18426356963608,0.05
8040,198.20000000000016,118,1.0,0.0,31.009267003164958,0.05
8041,188.20000000000007,98,1.0,0.0,81.13049970688868,0.05
8042,193.2000000000001,108,1.0,0.0,35.19426371164068,0.05
8043,189.30000000000007,117,1.0,0.0,56.05762167319528,0.05
8044,192.5000000000001,105,1.0,0.0,17.316474204971676,0.05
8045,197.00000000000014,110,1.0,0.0,18.52288756038655,0.05
8046,186.9000000000001,101,1.0,0.0,62.43388346929361,0.05
8047,193.30000000000013,117,1.0,0.0,56.95939281098863,0.05
8048,188.5000000000001,105,1.0,0.0,18.57373602886995,0.05
8049,187.10000000000008,99,1.0,0.0,38.94553487894662,0.05
8050,183.40000000000003,106,1.0,0.0,26.486492737495112,0.05
8051,184.20000000000005,98,1.0,0.0,26.882868203657623,0.05
8052,184.70000000000005,103,1.0,0.0,34.98391708558046,0.05
8053,187.80000000000007,102,1.0,0.0,35.4615571217648,0.05
8054,190.1000000000001,109,1.0,0.0,41.1563933935324,0.05
8055,195.20000000000013,108,1.0,0.0,23.826173406577222,0.05
8056,-52.90000000000004,59,0.0,1.0,30.72963848558523,0.05
8057,185.10000000000008,99,1.0,0.0,59.30284912199384,0.05
8058,194.00000000000014,120,1.0,0.0,65.14508186383173,0.05
8059,185.80000000000007,102,1.0,0.0,29.505410878316443,0.05
8060,191.0000000000001,110,1.0,0.0,55.505456959828734,0.05
8061,187.60000000000008,104,1.0,0.0,51.16517026693775,0.05
8062,187.10000000000008,99,1.0,0.0,67.79573365985745,0.05
8063,189.80000000000007,102,1.0,0.0,31.374426860873605,0.05
8064,182.9000000000001,101,1.0,0.0,61.6934347946455,0.05
8065,186.70000000000007,103,1.0,0.0,34.933755743272094,0.05
8066,190.1000000000001,109,1.0,0.0,16.98774628894865,0.05
8067,183.30000000000004,97,1.0,0.0,37.62905817471214,0.05
8068,185.50000000000006,95,1.0,0.0,46.78203661857467,0.05
8069,187.60000000000008,104,1.0,0.0,20.931200355291367,0.05
8070,191.60000000000008,104,1.0,0.0,70.63972969990797,0.05
8071,182.90000000000003,101,1.0,0.0,40.76430287935061,0.05
8072,183.30000000000004,97,1.0,0.0,56.25500795176041,0.05
8073,-42.80000000000006,68,0.0,1.0,45.82606758451199,0.05
8074,-34.00000000000006,80,0.0,1.0,53.26083761584014,0.05
8075,193.90000000000015,111,1.0,0.0,27.683469163337808,0.05
8076,182.7000000000001,103,1.0,0.0,29.59500042891618,0.05
8077,186.30000000000007,107,1.0,0.0,17.56215098771815,0.05
8078,185.60000000000008,104,1.0,0.0,51.22543534844254,0.05
8079,177.89999999999995,131,1.0,0.0,32.643848559954236,0.05
8080,180.60000000000002,94,1.0,0.0,40.791538827596824,0.05
8081,192.40000000000012,116,1.0,0.0,49.2031702395079,0.05
8082,185.60000000000008,104,1.0,0.0,30.85476855045328,0.05
8083,-82.19999999999999,22,0.0,1.0,67.77279111742973,0.05
8084,188.00000000000009,100,1.0,0.0,18.534817688576876,0.05
8085,-58.800000000000026,48,0.0,1.0,50.43049978542452,0.05
8086,189.7000000000001,113,1.0,0.0,58.266572815522686,0.05
8087,191.9000000000001,111,1.0,0.0,80.67067473858326,0.05
8088,182.40000000000003,96,1.0,0.0,35.292321371263824,0.05
8089,-76.10000000000001,31,0.0,1.0,38.513095201503845,0.05
8090,185.60000000000008,104,1.0,0.0,58.43749783997639,0.05
8091,-92.1,11,0.0,1.0,0.34309577264569024,0.05
8092,193.1000000000001,119,1.0,0.0,50.77284069553393,0.05
8093,193.30000000000013,117,1.0,0.0,39.90997714243638,0.05
8094,-85.6,16,0.0,1.0,39.02332081273198,0.05
8095,190.50000000000009,105,1.0,0.0,69.15881210402364,0.05
8096,189.10000000000008,99,1.0,0.0,18.102461016990922,0.05
8097,187.80000000000007,102,1.0,0.0,42.411778325543686,0.05
8098,184.90000000000003,101,1.0,0.0,23.7339567586337,0.05
8099,195.0000000000001,110,1.0,0.0,38.13446594503793,0.05
8100,195.70000000000016,113,1.0,0.0,53.83301042211531,0.05
8101,176.9999999999999,190,1.0,0.0,38.86693249407568,0.05
8102,190.30000000000013,107,1.0,0.0,51.967162123071816,0.05
8103,188.00000000000009,100,1.0,0.0,55.77079313196242,0.05
8104,-63.300000000000026,43,0.0,1.0,43.512884866186354,0.05
8105,187.2000000000001,108,1.0,0.0,19.06351942506929,0.05
8106,190.3000000000001,107,1.0,0.0,51.34795229293615,0.05
8107,182.00000000000006,100,1.0,0.0,31.164063522964717,0.05
8108,189.60000000000008,104,1.0,0.0,34.54107338039634,0.05
8109,182.40000000000003,96,1.0,0.0,39.880193281297885,0.05
8110,189.6000000000001,104,1.0,0.0,63.347830499092545,0.05
8111,181.60000000000008,104,1.0,0.0,20.809519259474026,0.05
8112,182.9000000000001,101,1.0,0.0,45.19989067175896,0.05
8113,187.10000000000008,99,1.0,0.0,48.90291364852226,0.05
8114,188.70000000000007,103,1.0,0.0,29.598472488230293,0.05
8115,178.8,92,1.0,0.0,44.87730003010643,0.05
8116,188.3000000000001,107,1.0,0.0,29.18244171052057,0.05
8117,180.20000000000005,98,1.0,0.0,66.60538214840452,0.05
8118,191.50000000000014,115,1.0,0.0,53.141853801970896,0.05
8119,-82.0,20,0.0,1.0,66.3854491200298,0.05
8120,179.5,95,1.0,0.0,46.92662104595649,0.05
8121,196.80000000000015,112,1.0,0.0,54.033103248570114,0.05
8122,194.10000000000014,109,1.0,0.0,34.644425825719985,0.05
8123,184.40000000000003,96,1.0,0.0,51.85270952091863,0.05
8124,190.7000000000001,103,1.0,0.0,46.858897241356885,0.05
8125,185.60000000000008,104,1.0,0.0,29.817298339464916,0.05
8126,189.60000000000008,104,1.0,0.0,35.30328249716415,0.05
8127,-59.50000000000003,45,0.0,1.0,52.31437233206299,0.05
8128,192.5000000000001,105,1.0,0.0,56.74348364585922,0.05
8129,190.7000000000001,103,1.0,0.0,57.21800548959415,0.05
8130,190.7000000000001,103,1.0,0.0,48.45136229216474,0.05
8131,184.50000000000006,105,1.0,0.0,40.49658303338857,0.05
8132,186.5000000000001,105,1.0,0.0,34.3922829253333,0.05
8133,184.60000000000005,94,1.0,0.0,45.25300923314818,0.05
8134,189.30000000000013,117,1.0,0.0,50.97740075437941,0.05
8135,185.30000000000007,97,1.0,0.0,49.33595062415932,0.05
8136,181.90000000000003,91,1.0,0.0,37.45059499991955,0.05
8137,179.20000000000002,88,1.0,0.0,42.15434413513338,0.05
8138,182.40000000000003,96,1.0,0.0,27.3728953950728,0.05
8139,183.70000000000005,93,1.0,0.0,51.14661925822817,0.05
8140,184.3000000000001,107,1.0,0.0,46.11258004710218,0.05
8141,181.70000000000005,93,1.0,0.0,64.10990214083463,0.05
8142,184.00000000000006,100,1.0,0.0,31.206883909329772,0.05
8143,-53.10000000000005,61,0.0,1.0,58.411815735160324,0.05
8144,189.0000000000001,110,1.0,0.0,44.6645301068371,0.05
8145,183.60000000000005,104,1.0,0.0,44.413272019690616,0.05
8146,177.70000000000002,93,1.0,0.0,70.28827226506446,0.05
8147,177.7,93,1.0,0.0,18.858713223568856,0.05
8148,184.00000000000006,100,1.0,0.0,29.79070488549769,0.05
8149,195.0000000000001,110,1.0,0.0,15.92459876273166,0.05
8150,191.40000000000012,106,1.0,0.0,62.45149608469516,0.05
8151,186.70000000000007,103,1.0,0.0,36.962830292730075,0.05
8152,185.20000000000005,108,1.0,0.0,39.07299455365649,0.05
8153,182.9000000000001,101,1.0,0.0,49.202770273652995,0.05
8154,191.2000000000001,108,1.0,0.0,39.985216422696354,0.05
8155,189.60000000000008,104,1.0,0.0,35.002425573551314,0.05
8156,-36.50000000000007,75,0.0,1.0,24.929327518542607,0.05
8157,-73.4,34,0.0,1.0,87.18534798613366,0.05
8158,188.7000000000001,103,1.0,0.0,42.72508474576821,0.05
8159,189.60000000000008,104,1.0,0.0,23.889826336374078,0.05
8160,190.3000000000001,107,1.0,0.0,22.911463452485677,0.05
8161,185.80000000000007,102,1.0,0.0,50.64702209903329,0.05
8162,184.40000000000003,96,1.0,0.0,44.339716542201735,0.05
8163,196.10000000000014,109,1.0,0.0,25.525908544659615,0.05
8164,188.3000000000001,107,1.0,0.0,46.33043531948161,0.05
8165,186.00000000000006,100,1.0,0.0,40.069489704445004,0.05
8166,185.50000000000006,95,1.0,0.0,25.208289936224098,0.05
8167,185.10000000000008,99,1.0,0.0,64.0227130978848,0.05
8168,191.40000000000012,106,1.0,0.0,25.05535460516529,0.05
8169,186.20000000000007,98,1.0,0.0,60.852645187733735,0.05
8170,184.50000000000006,105,1.0,0.0,28.9660482359784,0.05
8171,191.6000000000001,104,1.0,0.0,41.69694474278591,0.05
8172,193.5000000000001,115,1.0,0.0,22.08786698424298,0.05
8173,189.80000000000007,102,1.0,0.0,23.722947246303747,0.05
8174,190.1000000000001,109,1.0,0.0,53.2690559705258,0.05
8175,189.00000000000009,110,1.0,0.0,34.11264912079681,0.05
8176,-62.40000000000002,44,0.0,1.0,58.36608168118718,0.05
8177,186.20000000000005,98,1.0,0.0,44.28682063329889,0.05
8178,195.00000000000014,110,1.0,0.0,32.02587739242749,0.05
8179,184.20000000000007,98,1.0,0.0,31.505455047006205,0.05
8180,186.00000000000009,100,1.0,0.0,78.45594540674239,0.05
8181,185.30000000000007,97,1.0,0.0,12.547703863419208,0.05
8182,-68.00000000000003,40,0.0,1.0,23.059880569018425,0.05
8183,185.30000000000007,97,1.0,0.0,44.600450988666914,0.05
8184,187.60000000000008,104,1.0,0.0,42.28406549374071,0.05
8185,195.50000000000014,115,1.0,0.0,31.637103332060835,0.05
8186,-21.89999999999999,89,0.0,1.0,63.30416969138752,0.05
8187,190.5000000000001,105,1.0,0.0,28.410107099087465,0.05
8188,189.90000000000015,111,1.0,0.0,28.494508701334667,0.05
8189,185.30000000000007,97,1.0,0.0,50.63361151044055,0.05
8190,188.2000000000001,118,1.0,0.0,26.485108556257465,0.05
8191,184.00000000000006,100,1.0,0.0,36.74193681508303,0.05
8192,185.80000000000007,102,1.0,0.0,28.488712669003245,0.05
8193,186.00000000000006,100,1.0,0.0,30.11677799064666,0.05
8194,-59.10000000000008,81,0.0,1.0,53.13548720582032,0.05
8195,186.10000000000008,109,1.0,0.0,31.7417413747502,0.05
8196,188.50000000000009,105,1.0,0.0,69.12589103721437,0.05
8197,-30.90000000000005,79,0.0,1.0,8.252470846040339,0.05
8198,189.60000000000008,104,1.0,0.0,51.446908017405526,0.05
8199,184.40000000000006,96,1.0,0.0,44.03560209212204,0.05
8200,193.7000000000001,113,1.0,0.0,106.51936094205728,0.05
8201,186.50000000000006,105,1.0,0.0,37.55582274787483,0.05
8202,188.50000000000009,105,1.0,0.0,34.57886678250063,0.05
8203,186.70000000000007,103,1.0,0.0,52.36932433888461,0.05
8204,193.50000000000014,115,1.0,0.0,46.94002442930056,0.05
8205,188.9000000000001,101,1.0,0.0,39.37354835572809,0.05
8206,191.6000000000001,104,1.0,0.0,58.401166701761,0.05
8207,182.40000000000003,96,1.0,0.0,23.733239778278705,0.05
8208,194.20000000000013,118,1.0,0.0,31.25838216267905,0.05
8209,187.80000000000007,102,1.0,0.0,30.14375120573038,0.05
8210,185.80000000000007,102,1.0,0.0,29.018452704244968,0.05
8211,188.00000000000009,100,1.0,0.0,42.50520782839507,0.05
8212,184.9000000000001,101,1.0,0.0,35.73899789608203,0.05
8213,195.50000000000014,115,1.0,0.0,47.91902416361415,0.05
8214,188.20000000000007,98,1.0,0.0,30.92064200288483,0.05
8215,186.50000000000009,105,1.0,0.0,45.29698623830364,0.05
8216,183.30000000000007,97,1.0,0.0,60.59734828301619,0.05
8217,185.4000000000001,106,1.0,0.0,34.30557398406683,0.05
8218,185.7000000000001,113,1.0,0.0,37.733472891481576,0.05
8219,186.5000000000001,105,1.0,0.0,11.842254220729782,0.05
8220,194.5000000000001,105,1.0,0.0,34.33306786219279,0.05
8221,182.40000000000003,96,1.0,0.0,44.28723374792995,0.05
8222,186.70000000000007,103,1.0,0.0,29.66273889328959,0.05
8223,185.80000000000007,102,1.0,0.0,83.04340618096438,0.05
8224,193.40000000000012,106,1.0,0.0,24.830831830723668,0.05
8225,194.30000000000013,107,1.0,0.0,17.522234993003238,0.05
8226,-41.20000000000006,72,0.0,1.0,66.57671526136498,0.05
8227,189.10000000000008,99,1.0,0.0,73.97520394239461,0.05
8228,187.60000000000008,104,1.0,0.0,52.68925584265246,0.05
8229,187.00000000000009,110,1.0,0.0,33.75363879119131,0.05
8230,185.20000000000007,108,1.0,0.0,63.25395890958262,0.05
8231,188.3000000000001,107,1.0,0.0,44.14978737711349,0.05
8232,185.80000000000007,102,1.0,0.0,25.200684013100815,0.05
8233,187.80000000000007,102,1.0,0.0,55.38231064675047,0.05
8234,191.2000000000001,108,1.0,0.0,21.91645532125538,0.05
8235,191.2000000000001,108,1.0,0.0,26.539641261342222,0.05
8236,184.70000000000005,103,1.0,0.0,47.53351499306635,0.05
8237,184.00000000000006,100,1.0,0.0,47.90834696661681,0.05
8238,185.10000000000008,99,1.0,0.0,37.47867584522023,0.05
8239,187.10000000000008,99,1.0,0.0,55.295795094861525,0.05
8240,193.2000000000001,108,1.0,0.0,17.16532831614906,0.05
8241,185.30000000000007,97,1.0,0.0,38.98245808762527,0.05
8242,189.9000000000001,111,1.0,0.0,27.22186521632043,0.05
8243,184.20000000000005,98,1.0,0.0,18.645219570443945,0.05
8244,192.30000000000013,107,1.0,0.0,60.89091274462571,0.05
8245,-47.100000000000044,61,0.0,1.0,10.335613565000354,0.05
8246,190.30000000000013,107,1.0,0.0,46.88552207311737,0.05
8247,-20.49999999999997,95,0.0,1.0,37.993839596368765,0.05
8248,185.10000000000005,99,1.0,0.0,43.30745984087087,0.05
8249,188.30000000000007,107,1.0,0.0,39.864281891906096,0.05
8250,194.30000000000013,107,1.0,0.0,58.52799812975888,0.05
8251,185.10000000000008,99,1.0,0.0,32.01211366606782,0.05
8252,192.80000000000007,132,1.0,0.0,42.04393557058365,0.05
8253,197.30000000000013,117,1.0,0.0,63.51894836060894,0.05
8254,181.50000000000003,95,1.0,0.0,46.30121735463801,0.05
8255,191.0000000000001,110,1.0,0.0,18.661890061606062,0.05
8256,193.70000000000016,113,1.0,0.0,42.12769342909476,0.05
8257,190.7000000000001,103,1.0,0.0,39.51295136530133,0.05
8258,189.2000000000001,108,1.0,0.0,55.525936943444385,0.05
8259,189.80000000000007,102,1.0,0.0,40.38371510664914,0.05
8260,191.4000000000001,106,1.0,0.0,31.548640638800723,0.05
8261,189.60000000000008,104,1.0,0.0,51.23058865348307,0.05
8262,190.80000000000013,112,1.0,0.0,42.59729607213688,0.05
8263,-37.30000000000008,83,0.0,1.0,20.709370971264608,0.05
8264,180.80000000000004,92,1.0,0.0,52.10067355102333,0.05
8265,183.80000000000007,102,1.0,0.0,53.20883908082603,0.05
8266,187.10000000000008,99,1.0,0.0,24.46379121731628,0.05
8267,193.2000000000001,108,1.0,0.0,44.91463339542625,0.05
8268,181.30000000000007,97,1.0,0.0,24.98998268720569,0.05
8269,188.70000000000007,103,1.0,0.0,29.849291742535183,0.05
8270,189.60000000000008,104,1.0,0.0,57.60697436705232,0.05
8271,185.50000000000006,95,1.0,0.0,32.42410292429359,0.05
8272,189.9000000000001,111,1.0,0.0,26.796109835978026,0.05
8273,-70.90000000000002,39,0.0,1.0,0.18116921874193045,0.05
8274,189.4000000000001,106,1.0,0.0,41.13716593026271,0.05
8275,188.10000000000008,109,1.0,0.0,16.491496586984177,0.05
8276,189.2000000000001,108,1.0,0.0,12.763786775853347,0.05
8277,194.30000000000013,107,1.0,0.0,24.321953331233463,0.05
8278,195.5000000000001,115,1.0,0.0,47.80768308892198,0.05
8279,184.60000000000005,94,1.0,0.0,25.10185740305547,0.05
8280,186.20000000000007,98,1.0,0.0,43.52806222997606,0.05
8281,187.10000000000008,99,1.0,0.0,35.937509538662255,0.05
8282,187.4000000000001,106,1.0,0.0,34.13651602455187,0.05
8283,184.7000000000001,103,1.0,0.0,53.066900317819375,0.05
8284,186.70000000000005,103,1.0,0.0,53.498269140575694,0.05
8285,192.5000000000001,105,1.0,0.0,36.27262928947097,0.05
8286,186.7000000000001,103,1.0,0.0,83.91073898471964,0.05
8287,-84.69999999999999,17,0.0,1.0,1.264790699324187,0.05
8288,195.0000000000001,110,1.0,0.0,22.06667686338452,0.05
8289,193.4000000000001,106,1.0,0.0,41.503008842960284,0.05
8290,187.80000000000007,102,1.0,0.0,46.86298691789967,0.05
8291,-55.40000000000004,54,0.0,1.0,33.99525926407013,0.05
8292,189.8000000000001,102,1.0,0.0,58.733726987542184,0.05
8293,188.70000000000007,103,1.0,0.0,34.92244356335367,0.05
8294,-53.20000000000004,52,0.0,1.0,23.613821883256044,0.05
8295,188.10000000000008,109,1.0,0.0,11.371933146901087,0.05
8296,181.10000000000002,99,1.0,0.0,24.426458617804027,0.05
8297,188.7000000000001,103,1.0,0.0,28.462271340661548,0.05
8298,190.5000000000001,105,1.0,0.0,50.072066079363935,0.05
8299,190.50000000000009,105,1.0,0.0,51.469375623372336,0.05
8300,183.50000000000006,95,1.0,0.0,63.74894520377642,0.05
8301,197.50000000000017,115,1.0,0.0,21.577666316213815,0.05
8302,192.80000000000013,112,1.0,0.0,53.7877758479278,0.05
8303,184.20000000000005,98,1.0,0.0,57.22600781974592,0.05
8304,189.60000000000008,104,1.0,0.0,38.37441283654278,0.05
8305,-60.60000000000003,46,0.0,1.0,0.2209155776578447,0.05
8306,-36.30000000000007,73,0.0,1.0,35.33284415682293,0.05
8307,-50.90000000000004,59,0.0,1.0,0.14762942253027933,0.05
8308,182.20000000000005,98,1.0,0.0,43.608708247922515,0.05
8309,191.90000000000015,111,1.0,0.0,46.002602340267586,0.05
8310,185.30000000000007,97,1.0,0.0,44.84235633160804,0.05
8311,-57.20000000000003,52,0.0,1.0,46.70064916848563,0.05
8312,188.7000000000001,103,1.0,0.0,6.008791149747603,0.05
8313,184.70000000000007,103,1.0,0.0,41.38376762793915,0.05
8314,185.60000000000008,104,1.0,0.0,36.876829305018944,0.05
8315,183.80000000000007,102,1.0,0.0,41.82814479469523,0.05
8316,187.6000000000001,104,1.0,0.0,34.13244461465197,0.05
8317,-47.50000000000005,65,0.0,1.0,56.532188495993616,0.05
8318,187.9000000000001,111,1.0,0.0,26.668941108862292,0.05
8319,186.20000000000007,98,1.0,0.0,37.423334092662046,0.05
8320,181.50000000000003,95,1.0,0.0,34.248343061616545,0.05
8321,186.40000000000006,96,1.0,0.0,42.87711828392154,0.05
8322,183.30000000000004,97,1.0,0.0,43.995672034771786,0.05
8323,191.8000000000001,102,1.0,0.0,36.62891336833584,0.05
8324,193.4000000000001,106,1.0,0.0,46.61671311527772,0.05
8325,186.90000000000006,101,1.0,0.0,48.087212357559416,0.05
8326,188.50000000000009,105,1.0,0.0,16.547068662338315,0.05
8327,190.50000000000009,105,1.0,0.0,55.13757203150363,0.05
8328,188.7000000000001,103,1.0,0.0,30.0865411441954,0.05
8329,187.80000000000007,102,1.0,0.0,36.69103477354727,0.05
8330,184.60000000000008,114,1.0,0.0,50.62579295797306,0.05
8331,183.30000000000007,97,1.0,0.0,25.495338178479795,0.05
8332,189.10000000000008,99,1.0,0.0,29.76390823989053,0.05
8333,191.2000000000001,108,1.0,0.0,44.644534569233656,0.05
8334,184.90000000000006,101,1.0,0.0,72.64250285425547,0.05
8335,186.70000000000007,103,1.0,0.0,35.50973653576328,0.05
8336,-25.900000000000006,89,0.0,1.0,32.75706323968728,0.05
8337,186.90000000000006,101,1.0,0.0,60.81667248128296,0.05
8338,184.00000000000006,100,1.0,0.0,30.396421781629325,0.05
8339,185.80000000000007,102,1.0,0.0,28.855639593383554,0.05
8340,188.00000000000006,100,1.0,0.0,30.04376879736781,0.05
8341,190.9000000000001,101,1.0,0.0,16.575037395526277,0.05
8342,182.40000000000003,96,1.0,0.0,32.81417336691326,0.05
8343,-77.5,25,0.0,1.0,90.97971941322088,0.05
8344,188.50000000000009,105,1.0,0.0,40.57583662640481,0.05
8345,189.4000000000001,106,1.0,0.0,40.572440862620496,0.05
8346,196.00000000000017,120,1.0,0.0,46.314110795004915,0.05
8347,190.30000000000013,107,1.0,0.0,31.80643768768723,0.05
8348,176.10000000000002,89,1.0,0.0,40.88521223063214,0.05
8349,192.7000000000001,103,1.0,0.0,53.38981930137549,0.05
8350,195.90000000000012,111,1.0,0.0,13.73078027860941,0.05
8351,-48.20000000000005,62,0.0,1.0,10.187330861966457,0.05
8352,191.4000000000001,106,1.0,0.0,33.6030182434984,0.05
8353,-30.000000000000043,80,0.0,1.0,22.978467827057464,0.05
8354,180.40000000000003,96,1.0,0.0,26.185802082259517,0.05
8355,183.70000000000005,93,1.0,0.0,72.34526194740207,0.05
8356,185.80000000000007,102,1.0,0.0,35.82086381378273,0.05
8357,-55.400000000000034,54,0.0,1.0,22.99010466425507,0.05
8358,186.7000000000001,103,1.0,0.0,51.41476596000342,0.05
8359,189.80000000000007,102,1.0,0.0,47.269315641775144,0.05
8360,191.2000000000001,108,1.0,0.0,16.917675026416504,0.05
8361,189.4000000000001,106,1.0,0.0,40.27998516339598,0.05
8362,-83.99999999999999,20,0.0,1.0,58.96267210934311,0.05
8363,188.7000000000001,103,1.0,0.0,40.943298133723076,0.05
8364,182.60000000000002,94,1.0,0.0,26.172611578783773,0.05
8365,193.0000000000001,110,1.0,0.0,36.43036337769167,0.05
8366,193.6000000000001,104,1.0,0.0,42.448025135824885,0.05
8367,184.30000000000004,107,1.0,0.0,46.02357801377216,0.05
8368,190.80000000000013,112,1.0,0.0,43.84598140588163,0.05
8369,183.30000000000007,97,1.0,0.0,41.67609790770202,0.05
8370,185.80000000000007,102,1.0,0.0,21.07401405731399,0.05
8371,194.60000000000014,114,1.0,0.0,29.08113876838041,0.05
8372,194.6000000000001,114,1.0,0.0,74.6035267572131,0.05
8373,181.30000000000007,97,1.0,0.0,29.570699064905956,0.05
8374,182.00000000000006,100,1.0,0.0,12.002560601644218,0.05
8375,186.9000000000001,101,1.0,0.0,34.55216890883328,0.05
8376,-65.10000000000002,41,0.0,1.0,43.18963313856867,0.05
8377,188.00000000000006,100,1.0,0.0,63.71851965650916,0.05
8378,190.00000000000009,100,1.0,0.0,36.842610614858565,0.05
8379,185.30000000000007,97,1.0,0.0,48.8464540814616,0.05
8380,194.30000000000013,107,1.0,0.0,57.6228511369674,0.05
8381,191.0000000000001,110,1.0,0.0,22.043876286799257,0.05
8382,191.6000000000001,104,1.0,0.0,30.3178335599458,0.05
8383,187.30000000000007,97,1.0,0.0,12.31423358154512,0.05
8384,-39.40000000000007,74,0.0,1.0,64.50617205512685,0.05
8385,189.60000000000008,104,1.0,0.0,31.118492958601564,0.05
8386,192.1000000000001,109,1.0,0.0,49.40125383323896,0.05
8387,190.3000000000001,107,1.0,0.0,53.800151846850305,0.05
8388,193.4000000000001,106,1.0,0.0,15.95077392188305,0.05
8389,186.9000000000001,101,1.0,0.0,30.550827067013426,0.05
8390,189.20000000000007,108,1.0,0.0,51.34587805987232,0.05
8391,184.40000000000003,96,1.0,0.0,42.73384117047923,0.05
8392,184.70000000000005,103,1.0,0.0,74.66666544539837,0.05
8393,193.2000000000001,108,1.0,0.0,76.92498481301246,0.05
8394,179.3,97,1.0,0.0,40.51778178293373,0.05
8395,-41.50000000000006,65,0.0,1.0,35.16966428676477,0.05
8396,187.10000000000008,99,1.0,0.0,85.97573023522743,0.05
8397,188.3000000000001,107,1.0,0.0,55.69077058919819,0.05
8398,192.10000000000014,109,1.0,0.0,55.356278011524076,0.05
8399,190.8000000000001,112,1.0,0.0,46.97301518687579,0.05
8400,179.70000000000002,93,1.0,0.0,44.29416459049749,0.05
8401,192.80000000000013,112,1.0,0.0,32.48285720307779,0.05
8402,189.80000000000007,102,1.0,0.0,45.613390578212694,0.05
8403,194.30000000000013,107,1.0,0.0,66.72868353490517,0.05
8404,192.40000000000015,116,1.0,0.0,31.367151517902727,0.05
8405,184.00000000000006,100,1.0,0.0,47.5385991628468,0.05
8406,-41.90000000000006,69,0.0,1.0,48.24570726921809,0.05
8407,193.80000000000013,122,1.0,0.0,24.252077341079712,0.05
8408,-32.200000000000045,82,0.0,1.0,21.613550414944566,0.05
8409,193.20000000000013,108,1.0,0.0,44.27883372038465,0.05
8410,182.50000000000003,105,1.0,0.0,54.623303624242546,0.05
8411,186.20000000000007,98,1.0,0.0,38.63280105598423,0.05
8412,180.8,92,1.0,0.0,38.08261764381567,0.05
8413,186.8000000000001,112,1.0,0.0,52.40812533185817,0.05
8414,188.40000000000012,116,1.0,0.0,47.03791973357699,0.05
8415,191.2000000000001,108,1.0,0.0,59.051485918841706,0.05
8416,191.5000000000001,115,1.0,0.0,41.335155961435774,0.05
8417,179.90000000000003,91,1.0,0.0,42.56959708595833,0.05
8418,191.8000000000001,102,1.0,0.0,50.336742280745035,0.05
8419,188.00000000000006,100,1.0,0.0,23.823201587870717,0.05
8420,187.9000000000001,111,1.0,0.0,40.24396506388177,0.05
8421,185.80000000000007,102,1.0,0.0,31.477412764567372,0.05
8422,188.20000000000007,98,1.0,0.0,29.94951345072109,0.05
8423,178.70000000000005,103,1.0,0.0,55.58859923122071,0.05
8424,189.60000000000008,104,1.0,0.0,35.25245856891315,0.05
8425,186.70000000000007,103,1.0,0.0,6.13987768622278,0.05
8426,192.8000000000001,112,1.0,0.0,53.530204015151995,0.05
8427,189.7000000000001,113,1.0,0.0,48.92050525977944,0.05
8428,186.70000000000005,103,1.0,0.0,11.23598977098766,0.05
8429,185.4000000000001,106,1.0,0.0,50.80840116447576,0.05
8430,193.70000000000016,113,1.0,0.0,25.154550908314707,0.05
8431,188.60000000000008,114,1.0,0.0,16.630189559863584,0.05
8432,-51.600000000000044,56,0.0,1.0,43.62264422619982,0.05
8433,183.30000000000007,97,1.0,0.0,32.57180316108711,0.05
8434,195.00000000000014,110,1.0,0.0,27.88628537299281,0.05
8435,189.4000000000001,106,1.0,0.0,43.77756319992807,0.05
8436,191.4000000000001,106,1.0,0.0,22.556350140357917,0.05
8437,185.10000000000008,99,1.0,0.0,41.0357751689776,0.05
8438,181.30000000000004,97,1.0,0.0,51.25570086954335,0.05
8439,-49.10000000000005,61,0.0,1.0,124.15323728628334,0.05
8440,189.7000000000001,113,1.0,0.0,47.75668714479008,0.05
8441,182.20000000000005,98,1.0,0.0,31.034456338809463,0.05
8442,178.70000000000002,103,1.0,0.0,34.51131022958428,0.05
8443,180.50000000000006,105,1.0,0.0,53.77608349922867,0.05
8444,185.30000000000007,97,1.0,0.0,30.494905456055687,0.05
8445,188.50000000000009,105,1.0,0.0,59.638250631945475,0.05
8446,184.40000000000003,96,1.0,0.0,35.51314966675515,0.05
8447,-79.5,25,0.0,1.0,45.468987869024275,0.05
8448,188.9000000000001,101,1.0,0.0,46.4436587325786,0.05
8449,180.20000000000005,98,1.0,0.0,31.85459425541743,0.05
8450,182.90000000000003,101,1.0,0.0,32.76457405697075,0.05
8451,189.10000000000008,99,1.0,0.0,33.87576109840713,0.05
8452,-54.30000000000004,53,0.0,1.0,62.35411073675133,0.05
8453,197.50000000000014,115,1.0,0.0,72.59057914604959,0.05
8454,180.80000000000004,92,1.0,0.0,40.66602710464402,0.05
8455,190.10000000000014,109,1.0,0.0,16.361389909896555,0.05
8456,190.00000000000009,100,1.0,0.0,46.20960799958557,0.05
8457,184.20000000000005,98,1.0,0.0,25.5088267248428,0.05
8458,-29.500000000000043,85,0.0,1.0,37.920800871270544,0.05
8459,187.90000000000015,111,1.0,0.0,20.33444129199058,0.05
8460,187.60000000000008,104,1.0,0.0,41.78024136142518,0.05
8461,190.5000000000001,105,1.0,0.0,70.16143623955902,0.05
8462,185.10000000000008,99,1.0,0.0,25.08865752135112,0.05
8463,184.00000000000006,100,1.0,0.0,43.183981184065345,0.05
8464,188.50000000000009,105,1.0,0.0,30.5653075913943,0.05
8465,189.80000000000007,102,1.0,0.0,22.075677150750863,0.05
8466,182.20000000000005,98,1.0,0.0,36.239386109901325,0.05
8467,192.30000000000013,107,1.0,0.0,28.43695761291223,0.05
8468,184.00000000000009,100,1.0,0.0,20.207242343574762,0.05
8469,189.6000000000001,104,1.0,0.0,34.92941045445892,0.05
8470,-32.00000000000004,80,0.0,1.0,22.820156949246304,0.05
8471,195.00000000000014,110,1.0,0.0,42.459680399874394,0.05
8472,177.5,95,1.0,0.0,108.97966183243614,0.05
8473,179.50000000000003,95,1.0,0.0,46.266696876444314,0.05
8474,186.9000000000001,101,1.0,0.0,29.32240129483513,0.05
8475,183.30000000000007,97,1.0,0.0,34.13098284244998,0.05
8476,187.60000000000008,104,1.0,0.0,62.56216688350273,0.05
8477,185.2000000000001,108,1.0,0.0,24.687415351815247,0.05
8478,183.70000000000005,93,1.0,0.0,37.88708469844473,0.05
8479,186.70000000000007,103,1.0,0.0,76.80569285038605,0.05
8480,192.5000000000001,105,1.0,0.0,37.88449756538584,0.05
8481,188.20000000000007,98,1.0,0.0,28.427596616653762,0.05
8482,183.60000000000005,104,1.0,0.0,41.54152036601534,0.05
8483,186.20000000000007,98,1.0,0.0,19.821049229070848,0.05
8484,189.80000000000007,102,1.0,0.0,41.67776226186577,0.05
8485,190.9000000000001,101,1.0,0.0,34.000667073496494,0.05
8486,-80.6,26,0.0,1.0,47.16242708781591,0.05
8487,184.20000000000005,98,1.0,0.0,29.442370451682685,0.05
8488,183.10000000000002,99,1.0,0.0,31.615010414761727,0.05
8489,189.20000000000007,108,1.0,0.0,56.51813908017896,0.05
8490,183.40000000000006,106,1.0,0.0,51.0961640996261,0.05
8491,182.9000000000001,101,1.0,0.0,64.66570378072781,0.05
8492,-72.30000000000001,33,0.0,1.0,18.352570946469452,0.05
8493,185.50000000000006,95,1.0,0.0,26.87481366709659,0.05
8494,193.90000000000012,111,1.0,0.0,49.12675933308295,0.05
8495,182.70000000000005,103,1.0,0.0,23.506890651272627,0.05
8496,187.4000000000001,106,1.0,0.0,39.73719682874826,0.05
8497,184.00000000000006,100,1.0,0.0,51.52695771951228,0.05
8498,184.00000000000017,120,1.0,0.0,38.472027164014676,0.05
8499,189.60000000000008,104,1.0,0.0,40.32322971705491,0.05
8500,185.80000000000007,102,1.0,0.0,54.259029695143305,0.05
8501,186.10000000000008,109,1.0,0.0,56.69303780137946,0.05
8502,182.60000000000005,94,1.0,0.0,36.206957789098325,0.05
8503,188.20000000000007,98,1.0,0.0,58.417035475449296,0.05
8504,182.50000000000006,105,1.0,0.0,43.042349448835566,0.05
8505,190.50000000000009,105,1.0,0.0,17.695690590036765,0.05
8506,184.90000000000006,101,1.0,0.0,59.01795621821196,0.05
8507,188.00000000000009,100,1.0,0.0,6.416894613318146,0.05
8508,183.30000000000007,97,1.0,0.0,37.53368439844128,0.05
8509,187.60000000000008,104,1.0,0.0,18.751203475018535,0.05
8510,186.30000000000007,107,1.0,0.0,20.729146458173744,0.05
8511,184.20000000000005,98,1.0,0.0,50.69716813000945,0.05
8512,187.60000000000008,104,1.0,0.0,31.66713319446605,0.05
8513,-15.599999999999952,96,0.0,1.0,12.800261267771324,0.05
8514,188.7000000000001,103,1.0,0.0,40.659892694247,0.05
8515,192.10000000000014,109,1.0,0.0,38.754910869370086,0.05
8516,193.2000000000001,108,1.0,0.0,58.226089888286815,0.05
8517,-39.00000000000006,70,0.0,1.0,48.37171378955245,0.05
8518,193.90000000000012,111,1.0,0.0,48.01132326891965,0.05
8519,193.5000000000001,115,1.0,0.0,64.3383090780481,0.05
8520,188.9000000000001,101,1.0,0.0,40.03812979722377,0.05
8521,181.50000000000006,95,1.0,0.0,44.88131881999342,0.05
8522,194.10000000000014,109,1.0,0.0,11.072387481364634,0.05
8523,186.00000000000006,100,1.0,0.0,33.74511008381844,0.05
8524,188.8000000000001,112,1.0,0.0,21.753387099597603,0.05
8525,184.40000000000006,96,1.0,0.0,59.609507406169236,0.05
8526,185.10000000000008,99,1.0,0.0,61.06819463318045,0.05
8527,190.7000000000001,103,1.0,0.0,36.31677286572827,0.05
8528,190.1000000000001,109,1.0,0.0,39.269450650576054,0.05
8529,188.10000000000008,109,1.0,0.0,14.529800585206223,0.05
8530,184.70000000000007,103,1.0,0.0,50.99664246182419,0.05
8531,182.50000000000006,105,1.0,0.0,25.897973570156665,0.05
8532,186.30000000000007,107,1.0,0.0,19.505947416526414,0.05
8533,190.7000000000001,103,1.0,0.0,34.66218160344197,0.05
8534,-78.4,24,0.0,1.0,0.2991810481374462,0.05
8535,187.4000000000001,106,1.0,0.0,45.61393374162463,0.05
8536,187.40000000000006,106,1.0,0.0,39.20049313476907,0.05
8537,190.10000000000014,109,1.0,0.0,39.16145568590509,0.05
8538,194.6000000000001,114,1.0,0.0,12.584652644729143,0.05
8539,184.9000000000001,101,1.0,0.0,52.43942716168147,0.05
8540,184.90000000000006,101,1.0,0.0,14.247869780526893,0.05
8541,182.9000000000001,101,1.0,0.0,27.18404415102288,0.05
8542,188.10000000000014,109,1.0,0.0,32.25799666505751,0.05
8543,186.00000000000009,100,1.0,0.0,53.92237566981465,0.05
8544,189.2000000000001,108,1.0,0.0,21.68661897443235,0.05
8545,192.80000000000013,112,1.0,0.0,53.82470605918206,0.05
8546,191.8000000000001,102,1.0,0.0,34.28311852990266,0.05
8547,191.8000000000001,102,1.0,0.0,35.90824641473591,0.05
8548,186.90000000000006,101,1.0,0.0,47.41807580849912,0.05
8549,183.70000000000005,93,1.0,0.0,36.4125234473056,0.05
8550,74.00000000000064,200,0.0,0.0,32.324971202407035,0.05
8551,186.80000000000013,112,1.0,0.0,47.27624470211698,0.05
8552,186.00000000000009,100,1.0,0.0,32.44479441221804,0.05
8553,191.0000000000001,110,1.0,0.0,74.88668601103127,0.05
8554,186.20000000000005,98,1.0,0.0,30.36935448867022,0.05
8555,180.80000000000004,92,1.0,0.0,20.08317186553841,0.05
8556,-82.0,20,0.0,1.0,80.23050427138806,0.05
8557,189.2000000000001,108,1.0,0.0,23.433125736157375,0.05
8558,192.5000000000001,105,1.0,0.0,28.25859783213763,0.05
8559,191.6000000000001,104,1.0,0.0,36.42823471705644,0.05
8560,191.60000000000008,104,1.0,0.0,43.73538025998725,0.05
8561,185.10000000000008,99,1.0,0.0,43.71515148938304,0.05
8562,181.70000000000005,93,1.0,0.0,31.579621755508004,0.05
8563,186.70000000000007,103,1.0,0.0,39.85383616724205,0.05
8564,183.30000000000007,97,1.0,0.0,54.1795309127222,0.05
8565,184.40000000000006,96,1.0,0.0,40.06571483965187,0.05
8566,187.80000000000007,102,1.0,0.0,64.33243350034543,0.05
8567,188.7000000000001,103,1.0,0.0,26.455332452630245,0.05
8568,186.00000000000009,100,1.0,0.0,29.613868149407207,0.05
8569,183.50000000000006,95,1.0,0.0,45.722143021618066,0.05
8570,189.9000000000001,111,1.0,0.0,48.431749833663844,0.05
8571,191.9000000000001,111,1.0,0.0,19.03333964856627,0.05
8572,190.80000000000013,112,1.0,0.0,42.37258178860481,0.05
8573,192.10000000000014,109,1.0,0.0,34.34772487005236,0.05
8574,-53.60000000000004,56,0.0,1.0,38.44663649551304,0.05
8575,-89.39999999999999,14,0.0,1.0,87.96573693518128,0.05
8576,187.40000000000006,106,1.0,0.0,33.32571363898943,0.05
8577,186.00000000000006,100,1.0,0.0,36.73974526308477,0.05
8578,-61.200000000000024,52,0.0,1.0,70.24138560848168,0.05
8579,187.60000000000008,104,1.0,0.0,32.7214817734471,0.05
8580,192.40000000000015,116,1.0,0.0,53.93192254090361,0.05
8581,190.60000000000008,114,1.0,0.0,31.06889020955484,0.05
8582,186.90000000000006,101,1.0,0.0,23.45483823057891,0.05
8583,182.90000000000003,101,1.0,0.0,13.52687029949952,0.05
8584,189.1000000000001,119,1.0,0.0,41.695608387442945,0.05
8585,191.4000000000001,106,1.0,0.0,38.41411807451327,0.05
8586,183.70000000000005,93,1.0,0.0,19.746477416165735,0.05
8587,192.80000000000013,112,1.0,0.0,32.36873708119882,0.05
8588,190.30000000000013,107,1.0,0.0,25.911225516523157,0.05
8589,181.70000000000002,113,1.0,0.0,41.29649560552387,0.05
8590,185.50000000000006,95,1.0,0.0,31.92681299259788,0.05
8591,192.30000000000013,107,1.0,0.0,37.14650187606566,0.05
8592,186.50000000000009,105,1.0,0.0,56.344334557546034,0.05
8593,185.30000000000007,97,1.0,0.0,20.56075225447871,0.05
8594,185.50000000000006,95,1.0,0.0,28.74686889009256,0.05
8595,187.10000000000008,99,1.0,0.0,23.918591890032545,0.05
8596,180.8,92,1.0,0.0,27.60940858701487,0.05
8597,193.00000000000014,110,1.0,0.0,17.776908908107064,0.05
8598,179.3,97,1.0,0.0,37.11645018524423,0.05
8599,190.30000000000013,107,1.0,0.0,34.63349202223053,0.05
8600,185.80000000000007,102,1.0,0.0,35.42223984744473,0.05
8601,191.0000000000001,110,1.0,0.0,52.545934748040004,0.05
8602,183.30000000000007,97,1.0,0.0,25.215386429206305,0.05
8603,186.7000000000001,103,1.0,0.0,16.82548407573723,0.05
8604,189.80000000000007,102,1.0,0.0,31.820626218310174,0.05
8605,184.50000000000006,105,1.0,0.0,48.80583002169927,0.05
8606,186.7000000000001,103,1.0,0.0,35.014019574427486,0.05
8607,185.90000000000006,111,1.0,0.0,33.75395775717255,0.05
8608,183.70000000000005,93,1.0,0.0,13.280031914752657,0.05
8609,183.60000000000005,104,1.0,0.0,40.98368664608839,0.05
8610,183.30000000000004,97,1.0,0.0,19.144833500199404,0.05
8611,189.4000000000001,106,1.0,0.0,16.270429367410404,0.05
8612,181.90000000000003,91,1.0,0.0,35.246392989715375,0.05
8613,188.30000000000007,107,1.0,0.0,46.2589810166125,0.05
8614,186.00000000000006,100,1.0,0.0,41.02969555020332,0.05
8615,195.30000000000013,117,1.0,0.0,31.10850163584209,0.05
8616,-75.7,27,0.0,1.0,45.59439429171659,0.05
8617,190.7000000000001,103,1.0,0.0,41.15088593764502,0.05
8618,181.50000000000003,95,1.0,0.0,14.868860113032554,0.05
8619,191.60000000000008,104,1.0,0.0,28.882661799398754,0.05
8620,198.40000000000015,116,1.0,0.0,21.686232182422074,0.05
8621,187.60000000000008,104,1.0,0.0,39.74641032670983,0.05
8622,193.90000000000015,111,1.0,0.0,45.055428186414744,0.05
8623,187.60000000000008,104,1.0,0.0,41.56724620327497,0.05
8624,182.80000000000004,92,1.0,0.0,26.895966099858608,0.05
8625,180.60000000000002,94,1.0,0.0,49.55958976858157,0.05
8626,179.90000000000003,91,1.0,0.0,32.89231435684385,0.05
8627,192.60000000000014,114,1.0,0.0,28.371048034348508,0.05
8628,180.20000000000002,98,1.0,0.0,26.011588967158175,0.05
8629,193.6000000000001,104,1.0,0.0,46.36206513428344,0.05
8630,182.60000000000005,94,1.0,0.0,45.06574441922551,0.05
8631,-36.200000000000074,82,0.0,1.0,52.173925767357396,0.05
8632,182.00000000000006,100,1.0,0.0,18.909619400575757,0.05
8633,-63.10000000000002,41,0.0,1.0,29.785148722187774,0.05
8634,190.30000000000013,107,1.0,0.0,40.58876831387387,0.05
8635,192.80000000000013,112,1.0,0.0,22.634299742856197,0.05
8636,184.9000000000001,101,1.0,0.0,30.67514382302761,0.05
8637,184.50000000000006,105,1.0,0.0,46.040047782127345,0.05
8638,182.50000000000009,105,1.0,0.0,22.103074416163423,0.05
8639,181.00000000000003,90,1.0,0.0,29.37131107755833,0.05
8640,186.9000000000001,101,1.0,0.0,61.07711925147341,0.05
8641,192.30000000000013,107,1.0,0.0,20.59212076719676,0.05
8642,195.90000000000015,111,1.0,0.0,35.55522725298195,0.05
8643,186.20000000000007,98,1.0,0.0,13.048609308366265,0.05
8644,183.30000000000007,97,1.0,0.0,54.89644469409106,0.05
8645,189.9000000000001,111,1.0,0.0,40.011098528532564,0.05
8646,182.40000000000003,96,1.0,0.0,25.92271060081354,0.05
8647,194.80000000000013,112,1.0,0.0,32.32210628957754,0.05
8648,-46.60000000000005,66,0.0,1.0,17.280037655805547,0.05
8649,192.4000000000001,116,1.0,0.0,44.529014785356566,0.05
8650,192.30000000000013,107,1.0,0.0,17.34581929441785,0.05
8651,-44.60000000000005,66,0.0,1.0,28.24036573003413,0.05
8652,182.80000000000004,92,1.0,0.0,14.455806402590774,0.05
8653,183.30000000000007,97,1.0,0.0,37.69440178922618,0.05
8654,191.6000000000001,104,1.0,0.0,27.672570727084977,0.05
8655,189.20000000000007,108,1.0,0.0,48.30202860536951,0.05
8656,183.30000000000007,97,1.0,0.0,7.203153927877699,0.05
8657,183.30000000000007,97,1.0,0.0,40.20513007394278,0.05
8658,193.0000000000001,110,1.0,0.0,16.632808320054952,0.05
8659,187.60000000000008,104,1.0,0.0,28.030770532536106,0.05
8660,193.90000000000012,111,1.0,0.0,22.8634505088332,0.05
8661,190.00000000000009,100,1.0,0.0,31.54359393309802,0.05
8662,183.80000000000007,102,1.0,0.0,67.07718399481153,0.05
8663,179.70000000000005,93,1.0,0.0,20.914169419156288,0.05
8664,185.30000000000007,97,1.0,0.0,35.22747938050745,0.05
8665,180.8,92,1.0,0.0,33.99392628564459,0.05
8666,-33.600000000000065,76,0.0,1.0,36.459261676688726,0.05
8667,187.10000000000008,99,1.0,0.0,22.016924775534807,0.05
8668,178.60000000000002,94,1.0,0.0,19.933285743949263,0.05
8669,-64.90000000000002,39,0.0,1.0,48.01408477662466,0.05
8670,189.5000000000001,115,1.0,0.0,16.234266102216814,0.05
8671,192.1000000000001,109,1.0,0.0,44.58727739681276,0.05
8672,194.80000000000013,112,1.0,0.0,42.378466594465344,0.05
8673,181.10000000000002,99,1.0,0.0,35.94316435255336,0.05
8674,-57.20000000000003,52,0.0,1.0,30.340014064254667,0.05
8675,189.9000000000001,111,1.0,0.0,17.01487572685824,0.05
8676,-65.10000000000002,41,0.0,1.0,34.00344009670179,0.05
8677,190.50000000000009,105,1.0,0.0,40.27135914539297,0.05
8678,187.10000000000008,99,1.0,0.0,30.961693627552854,0.05
8679,-69.80000000000001,38,0.0,1.0,80.2415909747544,0.05
8680,190.6000000000001,114,1.0,0.0,38.81596082063359,0.05
8681,186.70000000000007,103,1.0,0.0,38.38375143793601,0.05
8682,186.30000000000007,107,1.0,0.0,33.10934119187644,0.05
8683,195.30000000000013,117,1.0,0.0,32.76432703470445,0.05
8684,193.90000000000012,111,1.0,0.0,57.663378708601535,0.05
8685,187.4000000000001,106,1.0,0.0,40.428184661557374,0.05
8686,182.40000000000003,96,1.0,0.0,25.699587367358617,0.05
8687,197.20000000000013,108,1.0,0.0,33.878996297889564,0.05
8688,188.7000000000001,103,1.0,0.0,32.09644234041204,0.05
8689,186.20000000000007,98,1.0,0.0,33.964646975148696,0.05
8690,191.0000000000001,110,1.0,0.0,44.08238386450844,0.05
8691,190.7000000000001,103,1.0,0.0,29.239497684340165,0.05
8692,182.60000000000014,134,1.0,0.0,32.197720489562,0.05
8693,190.5000000000001,105,1.0,0.0,27.434996481913895,0.05
8694,188.9000000000001,101,1.0,0.0,40.36177654007431,0.05
8695,183.30000000000007,97,1.0,0.0,24.987242579613763,0.05
8696,-73.4,34,0.0,1.0,0.2744035739451647,0.05
8697,187.20000000000007,108,1.0,0.0,41.496722681620334,0.05
8698,186.40000000000006,96,1.0,0.0,51.3919517621786,0.05
8699,185.90000000000012,111,1.0,0.0,29.017998198668163,0.05
8700,184.90000000000006,101,1.0,0.0,36.39752102444078,0.05
8701,184.00000000000006,100,1.0,0.0,23.204721119217574,0.05
8702,188.50000000000009,105,1.0,0.0,39.68697276974008,0.05
8703,187.80000000000007,102,1.0,0.0,21.053711106891143,0.05
8704,-30.700000000000045,77,0.0,1.0,27.363588079616623,0.05
8705,-41.50000000000006,65,0.0,1.0,35.67822830327428,0.05
8706,181.80000000000007,102,1.0,0.0,68.41798842515723,0.05
8707,191.00000000000009,110,1.0,0.0,42.17708064439622,0.05
8708,188.30000000000013,107,1.0,0.0,39.56665977981881,0.05
8709,-47.30000000000005,63,0.0,1.0,10.143944378410067,0.05
8710,184.60000000000005,94,1.0,0.0,32.84720927441215,0.05
8711,187.20000000000007,108,1.0,0.0,35.06017789520599,0.05
8712,-71.4,34,0.0,1.0,18.698670349138624,0.05
8713,186.50000000000006,105,1.0,0.0,16.660245553900797,0.05
8714,186.70000000000007,103,1.0,0.0,37.93739666659566,0.05
8715,-29.000000000000043,90,0.0,1.0,31.830913697597055,0.05
8716,187.30000000000007,97,1.0,0.0,21.588373181707773,0.05
8717,-30.000000000000043,80,0.0,1.0,38.64016999909654,0.05
8718,185.80000000000007,102,1.0,0.0,50.041127060631325,0.05
8719,-27.700000000000017,87,0.0,1.0,20.203755579674723,0.05
8720,189.9000000000001,111,1.0,0.0,43.608743427875076,0.05
8721,189.8000000000001,102,1.0,0.0,42.79854633779649,0.05
8722,186.70000000000005,103,1.0,0.0,52.77276450236445,0.05
8723,196.10000000000014,109,1.0,0.0,57.81764520154497,0.05
8724,185.10000000000008,99,1.0,0.0,36.965580485309616,0.05
8725,192.30000000000013,107,1.0,0.0,70.22944021799437,0.05
8726,193.5000000000001,115,1.0,0.0,49.33010847027535,0.05
8727,183.8000000000001,102,1.0,0.0,49.83677161517827,0.05
8728,-60.49999999999977,155,0.0,1.0,29.34077631201475,0.05
8729,-40.10000000000006,71,0.0,1.0,42.692807324073264,0.05
8730,184.10000000000008,109,1.0,0.0,36.811209653119704,0.05
8731,-83.79999999999998,18,0.0,1.0,0.16454671302603352,0.05
8732,192.10000000000008,109,1.0,0.0,38.568545201878756,0.05
8733,181.10000000000005,99,1.0,0.0,36.388829399690486,0.05
8734,187.40000000000012,106,1.0,0.0,29.320458557316154,0.05
8735,185.4000000000001,106,1.0,0.0,55.491503991256906,0.05
8736,188.9000000000001,101,1.0,0.0,52.98111995187874,0.05
8737,189.80000000000007,102,1.0,0.0,29.065157195005348,0.05
8738,192.30000000000013,107,1.0,0.0,46.380314806911436,0.05
8739,-90.19999999999999,42,0.0,1.0,29.92617011655654,0.05
8740,-49.20000000000002,112,0.0,1.0,37.20625199008334,0.05
8741,186.00000000000006,100,1.0,0.0,24.1056887742877,0.05
8742,-31.300000000000082,103,0.0,1.0,39.832508725304045,0.05
8743,-38.70000000000007,77,0.0,1.0,13.92542405895792,0.05
8744,185.10000000000008,99,1.0,0.0,34.601696581702036,0.05
8745,192.3000000000001,107,1.0,0.0,39.26057221482847,0.05
8746,191.4000000000001,106,1.0,0.0,23.561119097689133,0.05
8747,188.5000000000001,105,1.0,0.0,68.43405219163922,0.05
8748,-22.699999999999818,117,0.0,1.0,48.57324840488215,0.05
8749,194.80000000000013,112,1.0,0.0,44.17678746612676,0.05
8750,182.20000000000005,98,1.0,0.0,70.30503299303962,0.05
8751,188.7000000000001,103,1.0,0.0,53.7091564445675,0.05
8752,184.20000000000005,98,1.0,0.0,43.168560597589426,0.05
8753,186.90000000000006,101,1.0,0.0,39.301168462999236,0.05
8754,-69.4,34,0.0,1.0,35.39219034791869,0.05
8755,186.9000000000001,101,1.0,0.0,48.475016812139216,0.05
8756,184.60000000000005,94,1.0,0.0,34.330663126259246,0.05
8757,190.10000000000014,109,1.0,0.0,47.061838101288046,0.05
8758,-25.099999999999824,121,0.0,1.0,59.56482799508232,0.05
8759,-44.60000000000006,66,0.0,1.0,33.717259378059566,0.05
8760,-49.80000000000004,58,0.0,1.0,32.12820594314614,0.05
8761,183.60000000000002,104,1.0,0.0,71.7621569598022,0.05
8762,186.7000000000001,103,1.0,0.0,40.772465069280955,0.05
8763,-32.20000000000006,82,0.0,1.0,27.496274658092638,0.05
8764,182.20000000000005,98,1.0,0.0,40.63955827114381,0.05
8765,-40.60000000000006,66,0.0,1.0,18.488613451972153,0.05
8766,-67.80000000000003,118,0.0,1.0,71.15321334306213,0.05
8767,-36.30000000000007,73,0.0,1.0,33.09880780500092,0.05
8768,-55.80000000000004,58,0.0,1.0,63.056637294462014,0.05
8769,193.5000000000001,115,1.0,0.0,65.45333428042738,0.05
8770,-41.799999999999976,98,0.0,1.0,35.946126930111525,0.05
8771,186.90000000000006,101,1.0,0.0,49.20131152527093,0.05
8772,-68.50000000000001,35,0.0,1.0,34.64767115499292,0.05
8773,193.0000000000001,110,1.0,0.0,53.83788503198461,0.05
8774,191.10000000000014,119,1.0,0.0,54.44306252708956,0.05
8775,182.20000000000005,98,1.0,0.0,58.33151427200254,0.05
8776,195.90000000000015,111,1.0,0.0,56.253342739449025,0.05
8777,-38.30000000000007,73,0.0,1.0,36.33549646670892,0.05
8778,187.4000000000001,106,1.0,0.0,59.38723154155151,0.05
8779,187.9000000000001,111,1.0,0.0,43.7325167866709,0.05
8780,-36.40000000000008,84,0.0,1.0,44.70903794318881,0.05
8781,185.10000000000008,99,1.0,0.0,32.041543586988645,0.05
8782,191.4000000000001,106,1.0,0.0,79.47555929974143,0.05
8783,189.60000000000008,104,1.0,0.0,64.09126700450165,0.05
8784,186.00000000000006,100,1.0,0.0,49.682811716422435,0.05
8785,189.8000000000001,102,1.0,0.0,43.66185185817235,0.05
8786,-54.10000000000004,51,0.0,1.0,24.20033388698072,0.05
8787,188.10000000000008,109,1.0,0.0,42.44452755826465,0.05
8788,183.50000000000006,95,1.0,0.0,31.322540480290588,0.05
8789,-23.0,90,0.0,1.0,29.26383470683876,0.05
8790,190.40000000000012,116,1.0,0.0,48.40233370343801,0.05
8791,-23.99999999999963,160,0.0,1.0,65.46537557747214,0.05
8792,188.60000000000048,174,1.0,0.0,31.522570058339458,0.05
8793,-41.30000000000011,123,0.0,1.0,55.216624192590636,0.05
8794,-36.500000000000064,75,0.0,1.0,49.34143739074469,0.05
8795,186.50000000000006,105,1.0,0.0,35.64858177172996,0.05
8796,189.2000000000001,108,1.0,0.0,74.5544759126173,0.05
8797,187.00000000000006,110,1.0,0.0,60.2297008543868,0.05
8798,-43.70000000000005,67,0.0,1.0,69.03522575340831,0.05
8799,180.60000000000002,94,1.0,0.0,72.60903202124099,0.05
8800,186.10000000000005,109,1.0,0.0,33.903712844800786,0.05
8801,-22.699999999999747,137,0.0,1.0,74.71564933894216,0.05
8802,185.30000000000007,97,1.0,0.0,56.18595807799666,0.05
8803,188.70000000000007,103,1.0,0.0,69.83711886015332,0.05
8804,188.10000000000008,109,1.0,0.0,51.58820268334052,0.05
8805,186.70000000000007,103,1.0,0.0,58.282903027838294,0.05
8806,187.60000000000008,104,1.0,0.0,90.12887241748663,0.05
8807,194.10000000000014,109,1.0,0.0,57.90409097102804,0.05
8808,-90.1,11,0.0,1.0,57.35194004597989,0.05
8809,189.60000000000008,104,1.0,0.0,51.56483554352935,0.05
8810,179.90000000000003,91,1.0,0.0,67.45326679073028,0.05
8811,182.90000000000003,101,1.0,0.0,95.24718260270829,0.05
8812,188.80000000000013,112,1.0,0.0,77.90481640149041,0.05
8813,190.1000000000001,109,1.0,0.0,45.081496750918824,0.05
8814,188.9000000000001,101,1.0,0.0,42.84917940778455,0.05
8815,183.30000000000004,97,1.0,0.0,18.35787686855369,0.05
8816,186.70000000000007,103,1.0,0.0,32.82168107107282,0.05
8817,189.2000000000001,108,1.0,0.0,55.58135713091879,0.05
8818,-29.000000000000043,90,0.0,1.0,54.3548223045965,0.05
8819,188.5000000000001,105,1.0,0.0,52.96414879840754,0.05
8820,187.7000000000001,113,1.0,0.0,55.03393619939421,0.05
8821,186.80000000000007,112,1.0,0.0,79.48227839398065,0.05
8822,181.10000000000002,99,1.0,0.0,49.29543607049819,0.05
8823,-50.600000000000044,66,0.0,1.0,49.19126276846862,0.05
8824,183.50000000000006,95,1.0,0.0,25.88825411227973,0.05
8825,180.50000000000003,105,1.0,0.0,47.58645370567129,0.05
8826,194.80000000000015,112,1.0,0.0,72.48371397321378,0.05
8827,-53.00000000000006,70,0.0,1.0,50.64957378953695,0.05
8828,-63.10000000000002,41,0.0,1.0,92.10008881822591,0.05
8829,180.60000000000002,94,1.0,0.0,90.85352397951833,0.05
8830,179.90000000000003,91,1.0,0.0,92.98944169332037,0.05
8831,191.0000000000001,110,1.0,0.0,79.92725150111046,0.05
8832,186.6,154,1.0,0.0,47.72876508558145,0.05
8833,184.00000000000006,100,1.0,0.0,114.90320325795561,0.05
8834,189.2000000000001,108,1.0,0.0,34.51790880460154,0.05
8835,185.6000000000001,104,1.0,0.0,59.341423664313666,0.05
8836,-34.70000000000006,77,0.0,1.0,72.02378877000763,0.05
8837,186.9000000000001,101,1.0,0.0,54.279388824311816,0.05
8838,189.4000000000001,106,1.0,0.0,89.85127514207139,0.05
8839,183.30000000000007,97,1.0,0.0,63.22222549337702,0.05
8840,189.7000000000001,113,1.0,0.0,65.15404134596476,0.05
8841,-67.99999999999983,160,0.0,1.0,50.077939055138266,0.05
8842,180.8,92,1.0,0.0,43.897422782995775,0.05
8843,-40.50000000000007,75,0.0,1.0,72.49968840608994,0.05
8844,188.4000000000001,116,1.0,0.0,16.492076554207195,0.05
8845,192.5000000000001,105,1.0,0.0,29.39764517847271,0.05
8846,190.80000000000013,112,1.0,0.0,54.26105747877487,0.05
8847,191.6000000000001,104,1.0,0.0,104.22061049945366,0.05
8848,186.60000000000008,114,1.0,0.0,26.92430880146199,0.05
8849,34.00000000000005,200,0.0,0.0,46.35712696139701,0.05
8850,189.00000000000006,110,1.0,0.0,54.289748682488096,0.05
8851,187.80000000000007,102,1.0,0.0,58.19539561305268,0.05
8852,188.00000000000006,100,1.0,0.0,39.310720676332714,0.05
8853,-86.69999999999999,17,0.0,1.0,72.64187035753446,0.05
8854,-19.19999999999996,92,0.0,1.0,76.99650836250056,0.05
8855,191.2000000000001,108,1.0,0.0,79.9320594639069,0.05
8856,-71.4,34,0.0,1.0,86.92918579137938,0.05
8857,-41.70000000000011,107,0.0,1.0,39.84862861987725,0.05
8858,193.90000000000015,111,1.0,0.0,30.46617045928095,0.05
8859,184.00000000000006,100,1.0,0.0,60.923663343675436,0.05
8860,181.30000000000004,97,1.0,0.0,57.2472814716706,0.05
8861,187.80000000000007,102,1.0,0.0,51.48853866244648,0.05
8862,183.10000000000008,99,1.0,0.0,51.07139522841934,0.05
8863,188.00000000000006,100,1.0,0.0,26.889827171713115,0.05
8864,187.60000000000008,104,1.0,0.0,91.49322339752689,0.05
8865,181.10000000000002,99,1.0,0.0,41.91376392069188,0.05
8866,193.0000000000001,110,1.0,0.0,85.96371733255008,0.05
8867,187.10000000000008,99,1.0,0.0,54.752717517993666,0.05
8868,188.30000000000007,107,1.0,0.0,61.613266781042114,0.05
8869,195.70000000000016,113,1.0,0.0,54.94419438698519,0.05
8870,187.80000000000007,102,1.0,0.0,36.07116210007784,0.05
8871,191.7000000000001,113,1.0,0.0,62.17916419231786,0.05
8872,186.00000000000006,100,1.0,0.0,41.028361814245585,0.05
8873,189.7000000000001,113,1.0,0.0,55.1834598234731,0.05
8874,190.30000000000013,107,1.0,0.0,24.26591391610765,0.05
8875,186.10000000000008,109,1.0,0.0,75.06634038286882,0.05
8876,175.90000000000003,91,1.0,0.0,37.810898628372414,0.05
8877,189.4000000000001,106,1.0,0.0,76.80943307421117,0.05
8878,195.30000000000013,117,1.0,0.0,52.24815130443909,0.05
8879,192.30000000000013,107,1.0,0.0,65.2589527415895,0.05
8880,188.5000000000001,105,1.0,0.0,46.47412056227525,0.05
8881,187.9000000000001,111,1.0,0.0,59.678289798734426,0.05
8882,184.3000000000001,107,1.0,0.0,40.282097524850165,0.05
8883,187.00000000000006,110,1.0,0.0,53.265010789985006,0.05
8884,190.9000000000001,101,1.0,0.0,72.13905060424072,0.05
8885,189.80000000000007,102,1.0,0.0,67.01259244967471,0.05
8886,195.20000000000013,108,1.0,0.0,59.23012770764116,0.05
8887,185.30000000000007,97,1.0,0.0,61.21795093014683,0.05
8888,189.9000000000001,111,1.0,0.0,51.7478648323465,0.05
8889,185.10000000000008,99,1.0,0.0,44.90803070896954,0.05
8890,191.4000000000001,106,1.0,0.0,34.101658005443106,0.05
8891,194.2000000000001,118,1.0,0.0,35.997112598017615,0.05
8892,183.80000000000007,102,1.0,0.0,62.20947603640311,0.05
8893,186.50000000000009,105,1.0,0.0,34.08717239516832,0.05
8894,179.3,97,1.0,0.0,47.10713623306647,0.05
8895,193.40000000000012,106,1.0,0.0,59.760529361278664,0.05
8896,190.9000000000001,101,1.0,0.0,61.302399950599906,0.05
8897,187.40000000000006,106,1.0,0.0,58.57848386824975,0.05
8898,-44.400000000000055,64,0.0,1.0,50.41232821077574,0.05
8899,189.9000000000001,111,1.0,0.0,62.551238288616275,0.05
8900,189.90000000000015,111,1.0,0.0,50.88085238789922,0.05
8901,181.70000000000005,93,1.0,0.0,45.67378320865413,0.05
8902,-28.800000000000026,88,0.0,1.0,19.7743337826634,0.05
8903,189.6000000000001,104,1.0,0.0,67.48970077380251,0.05
8904,188.70000000000007,103,1.0,0.0,60.065200325571794,0.05
8905,179.8,102,1.0,0.0,73.8534806960938,0.05
8906,-34.099999999999966,111,0.0,1.0,32.67347333301698,0.05
8907,184.7000000000001,103,1.0,0.0,37.17218988934911,0.05
8908,-49.600000000000044,56,0.0,1.0,51.69871672628714,0.05
8909,-35.40000000000007,74,0.0,1.0,68.27209342432184,0.05
8910,186.20000000000007,98,1.0,0.0,36.24790064275873,0.05
8911,186.5000000000001,105,1.0,0.0,70.68521232835593,0.05
8912,182.60000000000002,94,1.0,0.0,57.07647156770876,0.05
8913,-35.70000000000009,87,0.0,1.0,27.723685783987072,0.05
8914,184.40000000000006,96,1.0,0.0,57.02002608853703,0.05
8915,187.60000000000008,104,1.0,0.0,80.56438560500884,0.05
8916,184.40000000000003,96,1.0,0.0,54.73703133640811,0.05
8917,181.90000000000003,91,1.0,0.0,37.76124573187841,0.05
8918,192.7000000000001,103,1.0,0.0,55.3957742077199,0.05
8919,186.10000000000008,109,1.0,0.0,50.61373848495407,0.05
8920,189.8000000000001,102,1.0,0.0,103.05739632062614,0.05
8921,191.4000000000001,106,1.0,0.0,53.33014657197274,0.05
8922,190.7000000000001,103,1.0,0.0,6.301232455027046,0.05
8923,190.30000000000007,107,1.0,0.0,13.246924835666318,0.05
8924,182.40000000000003,96,1.0,0.0,71.53998775310659,0.05
8925,191.6000000000001,104,1.0,0.0,64.30981828333236,0.05
8926,180.90000000000003,101,1.0,0.0,57.91182807867996,0.05
8927,-71.20000000000002,32,0.0,1.0,36.96089175459929,0.05
8928,-40.90000000000006,79,0.0,1.0,80.13186088355282,0.05
8929,188.7000000000001,103,1.0,0.0,73.73571023070117,0.05
8930,191.60000000000008,104,1.0,0.0,47.71308231919717,0.05
8931,186.10000000000008,109,1.0,0.0,57.607619222321915,0.05
8932,78.00000000000057,200,0.0,0.0,87.4007681408152,0.05
8933,189.80000000000007,102,1.0,0.0,84.11549453327761,0.05
8934,-46.90000000000005,59,0.0,1.0,86.47479390971742,0.05
8935,188.7000000000001,103,1.0,0.0,88.06193843176499,0.05
8936,184.00000000000006,100,1.0,0.0,59.10111609198153,0.05
8937,184.9000000000001,101,1.0,0.0,42.52834103466703,0.05
8938,-82.89999999999999,19,0.0,1.0,158.40271879144404,0.05
8939,-30.400000000000034,84,0.0,1.0,43.96593595318319,0.05
8940,72.00000000000063,200,0.0,0.0,55.89526342665776,0.05
8941,-32.60000000000005,86,0.0,1.0,60.565896299342775,0.05
8942,186.50000000000009,105,1.0,0.0,53.298501351475714,0.05
8943,-29.59999999999998,96,0.0,1.0,84.85059552585396,0.05
8944,-9.59999999999981,136,0.0,1.0,55.86478075004347,0.05
8945,195.20000000000013,108,1.0,0.0,81.16908945012148,0.05
8946,-22.299999999999855,113,0.0,1.0,51.6220412550049,0.05
8947,182.9000000000001,101,1.0,0.0,89.79193287859164,0.05
8948,-30.299999999999912,113,0.0,1.0,67.54634517160929,0.05
8949,-81.1,21,0.0,1.0,85.1984241026498,0.05
8950,185.80000000000007,102,1.0,0.0,26.575604303283434,0.05
8951,186.70000000000007,103,1.0,0.0,36.98232392905262,0.05
8952,185.8000000000001,102,1.0,0.0,84.87894534706777,0.05
8953,186.40000000000006,96,1.0,0.0,45.379964025206085,0.05
8954,-22.499999999999844,115,0.0,1.0,60.20336692206885,0.05
8955,191.6000000000001,104,1.0,0.0,41.94631129016097,0.05
8956,185.80000000000007,102,1.0,0.0,67.7822395207397,0.05
8957,-24.699999999999832,117,0.0,1.0,61.416512688255715,0.05
8958,187.10000000000008,99,1.0,0.0,31.681167345418775,0.05
8959,196.80000000000013,112,1.0,0.0,64.90910830242294,0.05
8960,185.60000000000005,104,1.0,0.0,56.75989779507598,0.05
8961,184.90000000000006,101,1.0,0.0,40.99362524270569,0.05
8962,181.10000000000002,99,1.0,0.0,60.41944003218051,0.05
8963,182.60000000000005,94,1.0,0.0,34.56112743109623,0.05
8964,191.2000000000001,108,1.0,0.0,64.22508706956135,0.05
8965,187.80000000000007,102,1.0,0.0,48.78694591963408,0.05
8966,-18.799999999999443,188,0.0,1.0,79.82914213447812,0.05
8967,-77.9,29,0.0,1.0,111.75041207722549,0.05
8968,185.20000000000005,108,1.0,0.0,60.6607450655903,0.05
8969,-30.699999999999832,117,0.0,1.0,88.71468747009197,0.05
8970,-24.399999999999892,104,0.0,1.0,64.6173348908241,0.05
8971,-36.0000000000001,100,0.0,1.0,64.34477252859622,0.05
8972,188.7000000000001,103,1.0,0.0,71.73435028419983,0.05
8973,-15.899999999999878,109,0.0,1.0,46.969633075793126,0.05
8974,188.10000000000008,109,1.0,0.0,78.24248577247656,0.05
8975,72.00000000000063,200,0.0,0.0,69.27807603951544,0.05
8976,-19.499999999999886,105,0.0,1.0,65.73224148420351,0.05
8977,-21.29999999999994,103,0.0,1.0,68.66063137934769,0.05
8978,-19.9999999999998,120,0.0,1.0,92.58719150424004,0.05
8979,-13.99999999999983,120,0.0,1.0,49.43638605096688,0.05
8980,185.80000000000007,102,1.0,0.0,111.80007757476585,0.05
8981,176.60000000000002,94,1.0,0.0,74.71212967814125,0.05
8982,-20.9999999999999,110,0.0,1.0,95.94479045790027,0.05
8983,74.00000000000065,200,0.0,0.0,90.85173521792517,0.05
8984,182.40000000000006,96,1.0,0.0,40.883219114271924,0.05
8985,72.00000000000054,200,0.0,0.0,69.65457199275494,0.05
8986,-16.199999999999818,122,0.0,1.0,52.36921995737758,0.05
8987,-22.699999999999662,157,0.0,1.0,63.21633409632809,0.05
8988,-11.799999999999827,118,0.0,1.0,54.671672075292314,0.05
8989,189.40000000000012,106,1.0,0.0,115.5923324429061,0.05
8990,189.70000000000013,113,1.0,0.0,57.477600674647675,0.05
8991,186.5000000000001,105,1.0,0.0,82.16723021981971,0.05
8992,187.60000000000008,104,1.0,0.0,67.3714644075013,0.05
8993,184.40000000000003,96,1.0,0.0,58.886347492380686,0.05
8994,186.30000000000007,107,1.0,0.0,78.73124510673023,0.05
8995,-26.499999999999858,115,0.0,1.0,76.97203541048195,0.05
8996,-18.899999999999693,139,0.0,1.0,41.931831666998725,0.05
8997,60.00000000000024,200,0.0,0.0,88.37792561445386,0.05
8998,-29.799999999999898,118,0.0,1.0,49.02939519008338,0.05
8999,181.80000000000004,102,1.0,0.0,82.88037844966439,0.05
9000,196.40000000000026,136,1.0,0.0,77.31295573957922,0.05
9001,64.00000000000031,200,0.0,0.0,89.67497475350275,0.05
9002,172.7000000000005,183,1.0,0.0,67.22263295712366,0.05
9003,-25.89999999999999,89,0.0,1.0,80.93464891646016,0.05
9004,180.3000000000003,147,1.0,0.0,85.91889411005742,0.05
9005,74.00000000000064,200,0.0,0.0,63.409354928750545,0.05
9006,178.4,96,1.0,0.0,46.713978125015274,0.05
9007,68.00000000000063,200,0.0,0.0,91.55452419213951,0.05
9008,188.2000000000002,138,1.0,0.0,92.8659567280902,0.05
9009,-12.599999999999696,146,0.0,1.0,73.60704928605932,0.05
9010,185.4000000000001,106,1.0,0.0,84.93421119423408,0.05
9011,185.0000000000001,110,1.0,0.0,64.0609672552144,0.05
9012,191.6000000000001,104,1.0,0.0,106.36444530714877,0.05
9013,188.50000000000006,125,1.0,0.0,89.75976016801596,0.05
9014,191.50000000000014,115,1.0,0.0,60.74078940839871,0.05
9015,182.70000000000007,103,1.0,0.0,90.74870963000411,0.05
9016,183.60000000000008,104,1.0,0.0,96.46364675369114,0.05
9017,184.7000000000001,103,1.0,0.0,92.03280168062854,0.05
9018,192.80000000000013,112,1.0,0.0,73.60388692421839,0.05
9019,186.9000000000001,101,1.0,0.0,83.07744736582188,0.05
9020,191.2000000000001,108,1.0,0.0,66.98815766694369,0.05
9021,189.90000000000012,111,1.0,0.0,56.2099971941731,0.05
9022,74.00000000000065,200,0.0,0.0,79.15832210946829,0.05
9023,177.5,95,1.0,0.0,68.12458691200928,0.05
9024,190.30000000000013,107,1.0,0.0,76.29252255464269,0.05
9025,186.6000000000001,114,1.0,0.0,55.08967690588089,0.05
9026,188.3000000000001,107,1.0,0.0,82.95466539765073,0.05
9027,190.7000000000001,103,1.0,0.0,114.20815698788005,0.05
9028,184.50000000000006,105,1.0,0.0,79.5545056252962,0.05
9029,191.50000000000017,115,1.0,0.0,60.85309594020895,0.05
9030,193.0000000000001,110,1.0,0.0,68.54159007370473,0.05
9031,189.2000000000001,108,1.0,0.0,97.50801168706406,0.05
9032,184.20000000000005,98,1.0,0.0,65.4924137263882,0.05
9033,192.5000000000001,105,1.0,0.0,59.66654997042247,0.05
9034,62.0000000000005,200,0.0,0.0,44.74002028480172,0.05
9035,185.80000000000007,102,1.0,0.0,34.4618817661688,0.05
9036,188.7000000000001,103,1.0,0.0,59.30846461234162,0.05
9037,74.00000000000065,200,0.0,0.0,99.6649459624663,0.05
9038,-52.90000000000004,59,0.0,1.0,120.4990516882074,0.05
9039,181.60000000000008,104,1.0,0.0,76.8620535095867,0.05
9040,70.00000000000064,200,0.0,0.0,41.459894336238506,0.05
9041,190.3000000000001,107,1.0,0.0,96.6048099890212,0.05
9042,181.10000000000005,99,1.0,0.0,105.25512277673592,0.05
9043,181.30000000000007,97,1.0,0.0,76.45264300942114,0.05
9044,-35.499999999999574,165,0.0,1.0,66.43210335940574,0.05
9045,190.5000000000001,105,1.0,0.0,66.07291072465125,0.05
9046,189.10000000000008,99,1.0,0.0,69.77089321824035,0.05
9047,185.30000000000007,97,1.0,0.0,91.07594660435295,0.05
9048,186.20000000000005,98,1.0,0.0,93.85309341321795,0.05
9049,189.0000000000001,110,1.0,0.0,81.78511380133304,0.05
9050,181.10000000000008,99,1.0,0.0,53.42737615334265,0.05
9051,184.00000000000006,100,1.0,0.0,68.90293609395623,0.05
9052,184.60000000000008,114,1.0,0.0,92.04692526965549,0.05
9053,-53.100000000000044,61,0.0,1.0,87.59218891868827,0.05
9054,193.70000000000013,113,1.0,0.0,89.9908242625209,0.05
9055,185.10000000000008,99,1.0,0.0,57.26629553810515,0.05
9056,188.9000000000001,101,1.0,0.0,42.92679560745116,0.05
9057,190.3000000000001,107,1.0,0.0,54.706653340397594,0.05
9058,184.60000000000005,94,1.0,0.0,58.0274639594111,0.05
9059,179.0,90,1.0,0.0,71.70518891960383,0.05
9060,185.10000000000008,99,1.0,0.0,46.34978048307727,0.05
9061,72.00000000000057,200,0.0,0.0,65.89334460500628,0.05
9062,-37.60000000000007,76,0.0,1.0,67.43322892506656,0.05
9063,183.60000000000008,104,1.0,0.0,86.74461986432568,0.05
9064,188.5000000000001,105,1.0,0.0,77.17360740871656,0.05
9065,183.60000000000008,104,1.0,0.0,80.21475969426908,0.05
9066,187.90000000000012,111,1.0,0.0,86.5599037916945,0.05
9067,187.30000000000007,97,1.0,0.0,76.14902906442425,0.05
9068,186.7000000000001,103,1.0,0.0,38.1388570843174,0.05
9069,181.10000000000002,99,1.0,0.0,59.38242946828556,0.05
9070,181.90000000000003,91,1.0,0.0,132.55780148080416,0.05
9071,180.20000000000005,98,1.0,0.0,76.80054306254095,0.05
9072,185.20000000000005,108,1.0,0.0,59.46713162275652,0.05
9073,184.10000000000008,109,1.0,0.0,84.3359862624095,0.05
9074,183.60000000000005,104,1.0,0.0,48.09469226733423,0.05
9075,179.8000000000003,142,1.0,0.0,80.32620123075978,0.05
9076,177.1,99,1.0,0.0,99.5645471976863,0.05
9077,183.4000000000002,126,1.0,0.0,66.44145696651604,0.05
9078,185.60000000000005,104,1.0,0.0,87.68860351953369,0.05
9079,183.80000000000007,102,1.0,0.0,64.60418597521151,0.05
9080,-72.10000000000001,31,0.0,1.0,20.24434054835189,0.05
9081,190.7000000000001,103,1.0,0.0,80.92660505331835,0.05
9082,194.80000000000013,112,1.0,0.0,62.93021827344118,0.05
9083,191.20000000000013,108,1.0,0.0,109.39067181123903,0.05
9084,-31.599999999999966,96,0.0,1.0,58.61318495031446,0.05
9085,185.4000000000001,106,1.0,0.0,123.66433237387605,0.05
9086,187.7000000000001,113,1.0,0.0,96.21112972952886,0.05
9087,78.00000000000064,200,0.0,0.0,88.1910675548017,0.05
9088,72.00000000000061,200,0.0,0.0,82.54138152020052,0.05
9089,189.3000000000001,117,1.0,0.0,93.26213989495976,0.05
9090,187.60000000000008,104,1.0,0.0,50.95274816188388,0.05
9091,-42.800000000000054,68,0.0,1.0,129.92280699794784,0.05
9092,193.4000000000001,106,1.0,0.0,79.06443739092012,0.05
9093,189.40000000000012,106,1.0,0.0,58.215379136561786,0.05
9094,188.00000000000009,100,1.0,0.0,110.85572759643198,0.05
9095,187.30000000000007,97,1.0,0.0,62.649622975935024,0.05
9096,-51.600000000000044,56,0.0,1.0,84.56907981261611,0.05
9097,184.9000000000001,101,1.0,0.0,78.4031240535107,0.05
9098,78.00000000000065,200,0.0,0.0,71.36485772717744,0.05
9099,-38.50000000000007,75,0.0,1.0,85.43372964153687,0.05
9100,193.6000000000001,104,1.0,0.0,115.38338769700091,0.05
9101,185.10000000000008,99,1.0,0.0,104.78181613891414,0.05
9102,187.10000000000008,99,1.0,0.0,80.01638134501196,0.05
9103,-54.10000000000006,71,0.0,1.0,128.42315203119333,0.05
9104,186.30000000000007,107,1.0,0.0,122.82324944673297,0.05
9105,181.8,102,1.0,0.0,80.37584674372977,0.05
9106,186.50000000000006,105,1.0,0.0,74.91143508404494,0.05
9107,74.0000000000006,200,0.0,0.0,69.18749599765987,0.05
9108,190.1000000000001,109,1.0,0.0,89.04360802293917,0.05
9109,186.50000000000006,105,1.0,0.0,61.82487038146882,0.05
9110,187.4000000000001,106,1.0,0.0,58.63724018380327,0.05
9111,187.10000000000008,99,1.0,0.0,47.94905438070948,0.05
9112,189.4000000000001,106,1.0,0.0,65.15779072685905,0.05
9113,180.90000000000003,101,1.0,0.0,62.90184474751206,0.05
9114,184.40000000000006,96,1.0,0.0,63.103225206645824,0.05
9115,185.80000000000007,102,1.0,0.0,89.07111803887814,0.05
9116,184.50000000000009,105,1.0,0.0,35.682007373230796,0.05
9117,183.10000000000005,99,1.0,0.0,80.67331324209168,0.05
9118,187.60000000000008,104,1.0,0.0,96.54294021979261,0.05
9119,188.80000000000007,112,1.0,0.0,85.02484734582582,0.05
9120,186.00000000000006,100,1.0,0.0,87.20435170203447,0.05
9121,182.00000000000006,100,1.0,0.0,102.06698501296341,0.05
9122,184.70000000000005,103,1.0,0.0,56.35953051430508,0.05
9123,187.10000000000008,99,1.0,0.0,46.42138225479861,0.05
9124,187.8000000000001,102,1.0,0.0,85.28049534610382,0.05
9125,178.8,92,1.0,0.0,58.467832382606424,0.05
9126,193.50000000000017,115,1.0,0.0,82.32598924345297,0.05
9127,182.00000000000006,100,1.0,0.0,74.62357608251274,0.05
9128,190.30000000000013,107,1.0,0.0,77.94441550301615,0.05
9129,187.30000000000007,97,1.0,0.0,43.28674358221674,0.05
9130,194.60000000000016,114,1.0,0.0,73.92539496144704,0.05
9131,192.10000000000008,109,1.0,0.0,56.30015664588694,0.05
9132,187.30000000000007,97,1.0,0.0,67.1191049577649,0.05
9133,187.9000000000001,111,1.0,0.0,86.14844419424598,0.05
9134,194.40000000000018,116,1.0,0.0,63.53446782521647,0.05
9135,-28.900000000000034,79,0.0,1.0,109.85282502332821,0.05
9136,186.50000000000006,125,1.0,0.0,52.453415683746336,0.05
9137,190.9000000000001,101,1.0,0.0,91.17443478203352,0.05
9138,179.60000000000002,104,1.0,0.0,90.80409734466902,0.05
9139,191.0000000000001,110,1.0,0.0,96.15635731287978,0.05
9140,-53.30000000000005,63,0.0,1.0,66.68096053576659,0.05
9141,191.2000000000001,108,1.0,0.0,73.58953934162855,0.05
9142,193.0000000000001,110,1.0,0.0,99.10808069868521,0.05
9143,185.60000000000008,104,1.0,0.0,50.9884008587553,0.05
9144,187.80000000000007,102,1.0,0.0,53.82670489866652,0.05
9145,184.00000000000006,100,1.0,0.0,105.17683603577316,0.05
9146,179.3,137,1.0,0.0,53.03631264036589,0.05
9147,184.00000000000006,100,1.0,0.0,18.84338784053922,0.05
9148,187.2000000000001,108,1.0,0.0,88.3971006045187,0.05
9149,192.6000000000001,114,1.0,0.0,65.60303919298346,0.05
9150,189.00000000000006,110,1.0,0.0,78.54252067919482,0.05
9151,187.60000000000008,104,1.0,0.0,83.52362537828202,0.05
9152,187.60000000000008,104,1.0,0.0,89.44869386798774,0.05
9153,182.80000000000004,92,1.0,0.0,87.80410471607162,0.05
9154,187.80000000000007,102,1.0,0.0,74.1178558056115,0.05
9155,196.80000000000013,112,1.0,0.0,52.42761161683926,0.05
9156,180.40000000000003,96,1.0,0.0,101.06882350255425,0.05
9157,190.80000000000013,112,1.0,0.0,61.09655655840678,0.05
9158,189.60000000000008,104,1.0,0.0,71.95525326880698,0.05
9159,-42.30000000000007,73,0.0,1.0,90.02160145648539,0.05
9160,-44.200000000000074,82,0.0,1.0,60.348847353058616,0.05
9161,193.0000000000001,110,1.0,0.0,107.9521770791574,0.05
9162,189.9000000000001,111,1.0,0.0,59.5004160325001,0.05
9163,186.50000000000009,105,1.0,0.0,37.03768927625247,0.05
9164,196.40000000000015,116,1.0,0.0,112.48608340361508,0.05
9165,189.3000000000001,117,1.0,0.0,35.87515984501085,0.05
9166,-76.10000000000001,31,0.0,1.0,57.699820814113465,0.05
9167,-53.40000000000004,54,0.0,1.0,48.252361821907535,0.05
9168,193.70000000000016,113,1.0,0.0,83.40421561455041,0.05
9169,189.0000000000001,110,1.0,0.0,82.43439434468746,0.05
9170,195.70000000000016,113,1.0,0.0,82.16431280298043,0.05
9171,189.4000000000001,106,1.0,0.0,47.223493204996835,0.05
9172,187.60000000000008,104,1.0,0.0,69.80950454063714,0.05
9173,182.60000000000002,94,1.0,0.0,59.55797164157984,0.05
9174,74.00000000000055,200,0.0,0.0,89.53715865440667,0.05
9175,192.5000000000001,105,1.0,0.0,64.27169365925448,0.05
9176,188.7000000000001,103,1.0,0.0,95.53905870613542,0.05
9177,185.60000000000005,104,1.0,0.0,79.820453692944,0.05
9178,184.50000000000006,105,1.0,0.0,62.65728377196051,0.05
9179,185.8000000000001,102,1.0,0.0,44.95147279065613,0.05
9180,184.00000000000006,100,1.0,0.0,66.34510151878,0.05
9181,190.3000000000001,107,1.0,0.0,62.899348252774956,0.05
9182,179.5,95,1.0,0.0,40.45623038646422,0.05
9183,189.80000000000007,102,1.0,0.0,93.7862074829492,0.05
9184,191.30000000000018,117,1.0,0.0,93.19683850715812,0.05
9185,184.20000000000007,98,1.0,0.0,69.75199119275322,0.05
9186,190.10000000000008,109,1.0,0.0,86.67805833396835,0.05
9187,178.40000000000003,96,1.0,0.0,68.41351511119865,0.05
9188,184.30000000000007,107,1.0,0.0,44.15252691207924,0.05
9189,183.20000000000005,108,1.0,0.0,41.39180306276238,0.05
9190,187.7000000000001,113,1.0,0.0,35.969237339773535,0.05
9191,190.30000000000013,107,1.0,0.0,65.41257505132774,0.05
9192,191.4000000000001,106,1.0,0.0,64.00265759314006,0.05
9193,189.2000000000001,108,1.0,0.0,53.54556257843419,0.05
9194,194.30000000000013,107,1.0,0.0,64.75733521552843,0.05
9195,-75.4,34,0.0,1.0,0.49436238320434794,0.05
9196,190.3000000000001,107,1.0,0.0,87.80514636426885,0.05
9197,190.5000000000001,105,1.0,0.0,55.65690644582113,0.05
9198,186.70000000000007,103,1.0,0.0,95.38104924602995,0.05
9199,183.40000000000015,126,1.0,0.0,62.68943995994235,0.05
9200,187.4000000000001,106,1.0,0.0,82.28760002033329,0.05
9201,-63.00000000000003,50,0.0,1.0,76.57731561422348,0.05
9202,189.0000000000001,110,1.0,0.0,61.188453030857175,0.05
9203,185.60000000000008,104,1.0,0.0,107.11659756775659,0.05
9204,188.5000000000001,105,1.0,0.0,110.51754761607874,0.05
9205,192.8000000000001,112,1.0,0.0,67.92627781064117,0.05
9206,180.60000000000002,94,1.0,0.0,32.12436109939788,0.05
9207,186.70000000000007,103,1.0,0.0,38.05854869937723,0.05
9208,191.2000000000001,108,1.0,0.0,75.9975763099889,0.05
9209,191.4000000000001,106,1.0,0.0,52.91714476484735,0.05
9210,182.00000000000006,100,1.0,0.0,68.36256423406303,0.05
9211,185.80000000000007,102,1.0,0.0,62.678541650155594,0.05
9212,180.00000000000006,100,1.0,0.0,103.99720709122717,0.05
9213,191.40000000000012,106,1.0,0.0,77.32796978114068,0.05
9214,185.80000000000007,102,1.0,0.0,71.48980143081909,0.05
9215,-55.000000000000036,50,0.0,1.0,108.08289125800133,0.05
9216,183.60000000000005,104,1.0,0.0,62.15187142846676,0.05
9217,195.5000000000001,115,1.0,0.0,76.68697695226773,0.05
9218,68.00000000000063,200,0.0,0.0,91.70970209755004,0.05
9219,187.10000000000008,99,1.0,0.0,34.71198299602427,0.05
9220,181.60000000000008,104,1.0,0.0,56.794577188789845,0.05
9221,187.10000000000008,99,1.0,0.0,63.63551211597944,0.05
9222,188.30000000000013,107,1.0,0.0,78.52301549159478,0.05
9223,192.30000000000013,107,1.0,0.0,104.73517741464845,0.05
9224,184.40000000000006,96,1.0,0.0,40.39526211190969,0.05
9225,187.60000000000008,104,1.0,0.0,15.751296860882295,0.05
9226,186.20000000000005,98,1.0,0.0,64.89951950463714,0.05
9227,187.00000000000006,110,1.0,0.0,57.151784964041276,0.05
9228,188.50000000000009,105,1.0,0.0,56.39386433561643,0.05
9229,187.90000000000003,151,1.0,0.0,54.3316595218829,0.05
9230,183.70000000000005,93,1.0,0.0,49.935767344729875,0.05
9231,74.00000000000064,200,0.0,0.0,70.2156320347637,0.05
9232,190.10000000000014,109,1.0,0.0,71.78260787590108,0.05
9233,197.30000000000013,117,1.0,0.0,92.97152225068237,0.05
9234,192.5000000000001,105,1.0,0.0,74.77526994021166,0.05
9235,-67.10000000000002,41,0.0,1.0,44.86229957331245,0.05
9236,183.4000000000001,106,1.0,0.0,59.916430486612164,0.05
9237,191.40000000000015,126,1.0,0.0,78.8891440891912,0.05
9238,-29.500000000000014,85,0.0,1.0,52.967040358571445,0.05
9239,82.00000000000063,200,0.0,0.0,70.79468825906515,0.05
9240,191.90000000000015,111,1.0,0.0,85.38732882783756,0.05
9241,-91.19999999999999,12,0.0,1.0,102.20413160075744,0.05
9242,195.5000000000001,115,1.0,0.0,34.511589676724824,0.05
9243,194.80000000000013,112,1.0,0.0,72.91634136198887,0.05
9244,192.6000000000001,114,1.0,0.0,102.50782571367004,0.05
9245,188.0000000000001,120,1.0,0.0,88.30456528862318,0.05
9246,191.90000000000015,111,1.0,0.0,56.34012699583629,0.05
9247,190.00000000000009,100,1.0,0.0,43.590220734775066,0.05
9248,-54.700000000000074,77,0.0,1.0,67.03482915286894,0.05
9249,181.60000000000008,104,1.0,0.0,66.72561505071532,0.05
9250,189.60000000000008,104,1.0,0.0,54.353992631945474,0.05
9251,185.80000000000007,102,1.0,0.0,47.29811601012069,0.05
9252,190.50000000000009,105,1.0,0.0,64.04049077033997,0.05
9253,193.2000000000001,108,1.0,0.0,94.25098326760862,0.05
9254,189.60000000000008,104,1.0,0.0,37.24293549158252,0.05
9255,184.00000000000006,100,1.0,0.0,90.16422252446414,0.05
9256,195.30000000000018,117,1.0,0.0,55.966189292378914,0.05
9257,183.60000000000005,104,1.0,0.0,34.679736834592546,0.05
9258,-57.000000000000036,50,0.0,1.0,62.67907071918249,0.05
9259,191.2000000000001,108,1.0,0.0,68.25469402203129,0.05
9260,187.80000000000007,102,1.0,0.0,47.93489121470381,0.05
9261,188.70000000000007,103,1.0,0.0,42.45249015020514,0.05
9262,188.50000000000009,105,1.0,0.0,35.559492889898166,0.05
9263,190.80000000000013,112,1.0,0.0,64.37791591689789,0.05
9264,-52.700000000000045,57,0.0,1.0,26.276199145013827,0.05
9265,180.20000000000002,98,1.0,0.0,41.04987674297727,0.05
9266,194.00000000000014,120,1.0,0.0,68.34783414856841,0.05
9267,184.90000000000003,101,1.0,0.0,34.926044429145236,0.05
9268,188.5000000000001,105,1.0,0.0,55.206271915634474,0.05
9269,74.00000000000064,200,0.0,0.0,56.10610713992268,0.05
9270,187.10000000000008,99,1.0,0.0,58.694760496191904,0.05
9271,186.50000000000009,105,1.0,0.0,49.61462297950472,0.05
9272,-73.0,30,0.0,1.0,40.07694750179847,0.05
9273,187.30000000000013,117,1.0,0.0,60.81764673422544,0.05
9274,185.8000000000001,102,1.0,0.0,62.885363308603274,0.05
9275,-23.89999999999945,189,0.0,1.0,74.25372209372344,0.05
9276,191.20000000000013,108,1.0,0.0,28.28013805658729,0.05
9277,185.4000000000001,106,1.0,0.0,64.77315345617397,0.05
9278,181.50000000000006,95,1.0,0.0,40.95029007165056,0.05
9279,191.0000000000001,110,1.0,0.0,59.373636132749645,0.05
9280,186.5000000000001,105,1.0,0.0,68.14426905136733,0.05
9281,185.10000000000008,99,1.0,0.0,42.79277766345426,0.05
9282,184.60000000000005,94,1.0,0.0,75.40104424224255,0.05
9283,187.10000000000008,99,1.0,0.0,43.297757583811425,0.05
9284,-88.3,13,0.0,1.0,168.29381349224312,0.05
9285,-55.20000000000004,52,0.0,1.0,30.12335446018439,0.05
9286,-71.30000000000005,63,0.0,1.0,68.11846307842504,0.05
9287,187.10000000000008,99,1.0,0.0,36.50944169016198,0.05
9288,184.90000000000006,101,1.0,0.0,71.92360238878443,0.05
9289,198.20000000000016,118,1.0,0.0,64.89702641370438,0.05
9290,187.90000000000006,111,1.0,0.0,47.3727918990829,0.05
9291,193.50000000000017,115,1.0,0.0,72.6995320154273,0.05
9292,184.30000000000007,107,1.0,0.0,37.6413145370294,0.05
9293,181.80000000000007,102,1.0,0.0,61.10348580098327,0.05
9294,-36.400000000000084,84,0.0,1.0,62.62771580634372,0.05
9295,181.50000000000006,95,1.0,0.0,49.958357691137415,0.05
9296,181.00000000000003,90,1.0,0.0,64.79054263681174,0.05
9297,192.5000000000001,105,1.0,0.0,27.805936930151212,0.05
9298,188.50000000000009,105,1.0,0.0,60.25102262482757,0.05
9299,191.60000000000008,104,1.0,0.0,40.78256818315444,0.05
9300,190.10000000000008,109,1.0,0.0,30.58411077170744,0.05
9301,185.60000000000008,104,1.0,0.0,54.00437684228214,0.05
9302,188.30000000000013,107,1.0,0.0,30.509265100148237,0.05
9303,186.7000000000001,103,1.0,0.0,56.32464841847281,0.05
9304,185.10000000000008,99,1.0,0.0,73.51023523118158,0.05
9305,70.0000000000006,200,0.0,0.0,57.743555566072466,0.05
9306,189.20000000000013,108,1.0,0.0,57.02038987077497,0.05
9307,191.2000000000001,108,1.0,0.0,64.04000722285774,0.05
9308,189.40000000000012,106,1.0,0.0,70.83561608624065,0.05
9309,183.60000000000005,104,1.0,0.0,80.77073720470071,0.05
9310,-86.49999999999999,15,0.0,1.0,35.29728307922681,0.05
9311,192.10000000000014,109,1.0,0.0,47.48420219191718,0.05
9312,189.2000000000001,108,1.0,0.0,59.79978111551868,0.05
9313,185.4000000000001,106,1.0,0.0,43.87690368322831,0.05
9314,183.80000000000004,102,1.0,0.0,59.07759163572508,0.05
9315,181.70000000000005,93,1.0,0.0,48.58389000987174,0.05
9316,185.8000000000001,102,1.0,0.0,63.96363750472665,0.05
9317,183.4000000000001,106,1.0,0.0,47.42148918510889,0.05
9318,188.20000000000007,98,1.0,0.0,36.39318663383625,0.05
9319,187.8000000000001,102,1.0,0.0,51.215610815759966,0.05
9320,184.5000000000001,105,1.0,0.0,61.15202874250355,0.05
9321,192.6000000000001,114,1.0,0.0,58.97012879202763,0.05
9322,186.5000000000001,105,1.0,0.0,43.41589702282633,0.05
9323,190.10000000000008,109,1.0,0.0,65.6302447148146,0.05
9324,-40.500000000000064,75,0.0,1.0,65.42207100143035,0.05
9325,185.10000000000005,99,1.0,0.0,80.73443880692275,0.05
9326,-37.40000000000006,74,0.0,1.0,64.18870217071192,0.05
9327,-22.099999999999852,111,0.0,1.0,60.687081177962256,0.05
9328,193.6000000000001,104,1.0,0.0,59.381440562052795,0.05
9329,187.2000000000001,108,1.0,0.0,80.18422708067077,0.05
9330,-75.9,29,0.0,1.0,21.97656435596532,0.05
9331,185.10000000000008,99,1.0,0.0,53.382192742041866,0.05
9332,186.20000000000007,98,1.0,0.0,62.020341007837224,0.05
9333,-24.899999999999466,179,0.0,1.0,58.731128148443204,0.05
9334,183.80000000000007,102,1.0,0.0,50.427772007006055,0.05
9335,72.00000000000064,200,0.0,0.0,56.385781305879355,0.05
9336,-14.199999999999804,122,0.0,1.0,47.90727481966624,0.05
9337,192.20000000000013,118,1.0,0.0,37.95142664482533,0.05
9338,189.10000000000008,99,1.0,0.0,46.798434342474046,0.05
9339,187.4000000000001,106,1.0,0.0,66.01294881864538,0.05
9340,-64.40000000000002,44,0.0,1.0,21.758033619685605,0.05
9341,185.00000000000006,110,1.0,0.0,86.2619179792025,0.05
9342,187.4000000000001,106,1.0,0.0,49.29216847357885,0.05
9343,191.50000000000014,115,1.0,0.0,57.899335697682005,0.05
9344,182.40000000000003,96,1.0,0.0,56.48559715303903,0.05
9345,192.5000000000001,105,1.0,0.0,60.206290250307035,0.05
9346,76.00000000000065,200,0.0,0.0,53.62674207448959,0.05
9347,74.00000000000065,200,0.0,0.0,43.17122746631503,0.05
9348,-29.999999999999375,200,0.0,1.0,56.13664024963975,0.05
9349,188.60000000000014,114,1.0,0.0,79.39357549533771,0.05
9350,-20.49999999999983,115,0.0,1.0,40.638733713911925,0.05
9351,66.00000000000063,200,0.0,0.0,54.860693213269116,0.05
9352,186.70000000000007,103,1.0,0.0,71.3581766729216,0.05
9353,187.4000000000001,106,1.0,0.0,70.28893456024663,0.05
9354,188.6000000000001,114,1.0,0.0,72.97231497955427,0.05
9355,188.9000000000001,101,1.0,0.0,58.30450040883947,0.05
9356,187.0000000000001,110,1.0,0.0,55.2956416411156,0.05
9357,74.00000000000063,200,0.0,0.0,47.93568687904626,0.05
9358,-15.299999999999798,123,0.0,1.0,50.42241990966041,0.05
9359,72.00000000000061,200,0.0,0.0,58.531180251687765,0.05
9360,76.00000000000065,200,0.0,0.0,67.33933682978153,0.05
9361,76.0000000000006,200,0.0,0.0,72.46541702583433,0.05
9362,184.20000000000005,98,1.0,0.0,48.791267079662305,0.05
9363,183.30000000000007,97,1.0,0.0,64.58655440822704,0.05
9364,189.10000000000008,99,1.0,0.0,63.69256921368416,0.05
9365,182.9000000000001,101,1.0,0.0,77.42690662383148,0.05
9366,185.2000000000001,108,1.0,0.0,43.5578206817585,0.05
9367,188.5000000000001,105,1.0,0.0,57.29622443020344,0.05
9368,191.2000000000001,108,1.0,0.0,55.54086055979133,0.05
9369,188.7000000000001,103,1.0,0.0,62.6077830930358,0.05
9370,182.20000000000007,98,1.0,0.0,45.9538029791141,0.05
9371,188.1000000000001,109,1.0,0.0,50.177996035426034,0.05
9372,185.20000000000007,108,1.0,0.0,59.08726708384024,0.05
9373,187.4000000000001,106,1.0,0.0,66.66894720747786,0.05
9374,186.9000000000001,101,1.0,0.0,42.66524103401911,0.05
9375,180.60000000000002,94,1.0,0.0,30.354850615751236,0.05
9376,181.80000000000004,102,1.0,0.0,64.71057232352449,0.05
9377,184.30000000000007,107,1.0,0.0,56.11685707434037,0.05
9378,189.10000000000008,99,1.0,0.0,43.447151601766095,0.05
9379,68.00000000000063,200,0.0,0.0,40.09141799665988,0.05
9380,183.30000000000004,97,1.0,0.0,41.9822222025124,0.05
9381,188.7000000000001,103,1.0,0.0,31.32109967611947,0.05
9382,187.00000000000006,110,1.0,0.0,30.076098662072962,0.05
9383,184.40000000000006,96,1.0,0.0,69.46160558393846,0.05
9384,178.60000000000002,94,1.0,0.0,41.47989552705846,0.05
9385,184.20000000000005,138,1.0,0.0,45.8174004877607,0.05
9386,182.90000000000006,101,1.0,0.0,72.54417881723678,0.05
9387,186.50000000000009,105,1.0,0.0,31.335994909916604,0.05
9388,189.4000000000001,106,1.0,0.0,63.454911628281174,0.05
9389,72.00000000000065,200,0.0,0.0,77.12461447060109,0.05
9390,188.50000000000009,105,1.0,0.0,55.58478231330712,0.05
9391,-22.49999999999983,115,0.0,1.0,37.509629065187085,0.05
9392,185.7000000000001,113,1.0,0.0,57.23311014855857,0.05
9393,191.5000000000001,115,1.0,0.0,43.582998333677004,0.05
9394,-23.89999999999965,149,0.0,1.0,43.047862690167136,0.05
9395,-48.90000000000005,59,0.0,1.0,58.130816307360845,0.05
9396,-22.899999999999693,139,0.0,1.0,68.6386510946339,0.05
9397,184.8000000000001,112,1.0,0.0,45.163232216611505,0.05
9398,80.00000000000063,200,0.0,0.0,51.34836826659739,0.05
9399,66.00000000000064,200,0.0,0.0,37.902644015476106,0.05
9400,187.80000000000007,102,1.0,0.0,67.4075792379239,0.05
9401,62.0000000000003,200,0.0,0.0,40.82223277367652,0.05
9402,182.00000000000006,100,1.0,0.0,34.03454677581787,0.05
9403,185.60000000000008,104,1.0,0.0,36.40668683298505,0.05
9404,-51.70000000000005,67,0.0,1.0,22.51161145029673,0.05
9405,70.00000000000065,200,0.0,0.0,42.091562658175825,0.05
9406,-58.800000000000026,48,0.0,1.0,17.27930727787316,0.05
9407,184.7000000000001,103,1.0,0.0,51.35826355537164,0.05
9408,186.10000000000008,109,1.0,0.0,47.219330325585986,0.05
9409,177.9,91,1.0,0.0,70.97274381249815,0.05
9410,186.00000000000009,100,1.0,0.0,90.23485612645746,0.05
9411,189.60000000000008,104,1.0,0.0,14.72691305898703,0.05
9412,178.60000000000002,94,1.0,0.0,62.820458347017464,0.05
9413,185.60000000000008,104,1.0,0.0,36.60442766676155,0.05
9414,76.0000000000006,200,0.0,0.0,48.14357730537653,0.05
9415,187.6000000000001,104,1.0,0.0,12.00480459157664,0.05
9416,176.90000000000003,101,1.0,0.0,27.982301997518775,0.05
9417,-31.800000000000054,78,0.0,1.0,45.11784622302422,0.05
9418,70.00000000000064,200,0.0,0.0,56.12536379154771,0.05
9419,188.00000000000006,100,1.0,0.0,33.782807946056124,0.05
9420,188.00000000000009,100,1.0,0.0,47.58209402143955,0.05
9421,191.5000000000001,115,1.0,0.0,52.58060747773751,0.05
9422,187.60000000000008,104,1.0,0.0,46.136636154153024,0.05
9423,-60.700000000000024,57,0.0,1.0,14.341513984036027,0.05
9424,-58.80000000000003,48,0.0,1.0,34.52564045072844,0.05
9425,187.80000000000007,102,1.0,0.0,42.39770238043047,0.05
9426,183.80000000000004,102,1.0,0.0,67.28655320435178,0.05
9427,177.0,90,1.0,0.0,58.27765623082717,0.05
9428,-36.89999999999945,199,0.0,1.0,40.98450593530533,0.05
9429,190.00000000000009,100,1.0,0.0,33.91544057428837,0.05
9430,-33.59999999999985,116,0.0,1.0,32.638231042258695,0.05
9431,186.10000000000008,109,1.0,0.0,33.866112562221126,0.05
9432,183.20000000000007,108,1.0,0.0,25.13002333148486,0.05
9433,-46.10000000000006,71,0.0,1.0,26.701892886783035,0.05
9434,193.6000000000001,104,1.0,0.0,26.6953586994742,0.05
9435,-75.7,27,0.0,1.0,4.205726305643718,0.05
9436,-30.600000000000023,86,0.0,1.0,34.338210970163345,0.05
9437,195.20000000000013,108,1.0,0.0,84.27204639850943,0.05
9438,-54.500000000000036,55,0.0,1.0,26.58731392594901,0.05
9439,186.50000000000009,105,1.0,0.0,37.146713167358016,0.05
9440,181.50000000000006,95,1.0,0.0,38.0744163164967,0.05
9441,178.60000000000002,94,1.0,0.0,60.0558037623129,0.05
9442,177.40000000000003,106,1.0,0.0,44.359784190525424,0.05
9443,-48.00000000000005,60,0.0,1.0,36.85018935079376,0.05
9444,184.60000000000005,94,1.0,0.0,41.24897254115724,0.05
9445,184.20000000000005,98,1.0,0.0,58.651086160114836,0.05
9446,183.80000000000004,102,1.0,0.0,33.575108092351286,0.05
9447,-104.89999999999999,19,0.0,1.0,33.20025829578701,0.05
9448,186.10000000000008,109,1.0,0.0,30.46767501109237,0.05
9449,189.10000000000008,99,1.0,0.0,59.639971014074604,0.05
9450,-66.70000000000002,37,0.0,1.0,30.36027122429899,0.05
9451,-60.60000000000002,46,0.0,1.0,80.09510466067687,0.05
9452,188.10000000000008,109,1.0,0.0,36.56808834687012,0.05
9453,190.5000000000001,105,1.0,0.0,58.661746310478165,0.05
9454,192.30000000000013,107,1.0,0.0,22.54944438215728,0.05
9455,188.70000000000007,103,1.0,0.0,22.049156151350264,0.05
9456,189.60000000000008,104,1.0,0.0,75.16013010548285,0.05
9457,190.9000000000001,101,1.0,0.0,5.174904918906712,0.05
9458,187.80000000000004,142,1.0,0.0,54.01700201704049,0.05
9459,189.80000000000007,102,1.0,0.0,51.15639156431836,0.05
9460,189.80000000000007,102,1.0,0.0,86.02183939896378,0.05
9461,-39.70000000000006,67,0.0,1.0,48.28556887605297,0.05
9462,-71.4,34,0.0,1.0,22.36525136933607,0.05
9463,187.60000000000008,104,1.0,0.0,34.73921904268746,0.05
9464,191.2000000000001,108,1.0,0.0,58.89124510630413,0.05
9465,184.00000000000009,100,1.0,0.0,40.33047676950693,0.05
9466,-38.80000000000006,68,0.0,1.0,38.74660633986487,0.05
9467,184.00000000000006,100,1.0,0.0,4.739536428749561,0.05
9468,184.20000000000005,98,1.0,0.0,40.818137346937945,0.05
9469,194.30000000000013,107,1.0,0.0,48.39837848067841,0.05
9470,186.20000000000005,98,1.0,0.0,51.88460704152073,0.05
9471,187.4000000000001,106,1.0,0.0,15.326786446472946,0.05
9472,187.80000000000007,102,1.0,0.0,37.98730410021894,0.05
9473,187.8000000000001,102,1.0,0.0,33.23457727157602,0.05
9474,185.60000000000008,104,1.0,0.0,56.770913849656395,0.05
9475,184.60000000000005,94,1.0,0.0,48.3755441587022,0.05
9476,184.20000000000005,98,1.0,0.0,61.48672934165415,0.05
9477,194.60000000000014,114,1.0,0.0,60.62778401989163,0.05
9478,189.4000000000001,106,1.0,0.0,34.32124360833528,0.05
9479,184.10000000000008,109,1.0,0.0,51.369807470008865,0.05
9480,182.00000000000006,100,1.0,0.0,37.920476453453304,0.05
9481,187.6000000000001,104,1.0,0.0,32.44755697493943,0.05
9482,187.30000000000007,97,1.0,0.0,45.96133462600794,0.05
9483,194.60000000000016,114,1.0,0.0,29.182892998451727,0.05
9484,193.90000000000012,111,1.0,0.0,46.16429845451772,0.05
9485,186.20000000000007,98,1.0,0.0,43.51383747996724,0.05
9486,179.30000000000007,97,1.0,0.0,33.17278733895611,0.05
9487,185.80000000000007,102,1.0,0.0,45.94915753588373,0.05
9488,188.30000000000013,107,1.0,0.0,52.39415519064832,0.05
9489,180.20000000000005,98,1.0,0.0,44.937322992451335,0.05
9490,180.60000000000002,94,1.0,0.0,41.97631488518512,0.05
9491,183.50000000000006,95,1.0,0.0,52.87950567250189,0.05
9492,-28.20000000000003,82,0.0,1.0,47.03462793877939,0.05
9493,-76.6,26,0.0,1.0,44.92229601110403,0.05
9494,-42.80000000000006,68,0.0,1.0,26.595304490231417,0.05
9495,184.90000000000006,101,1.0,0.0,21.106101655724025,0.05
9496,181.70000000000005,93,1.0,0.0,61.24439644501094,0.05
9497,-35.900000000000084,89,0.0,1.0,65.23064584142706,0.05
9498,185.10000000000008,99,1.0,0.0,28.931380007604155,0.05
9499,187.80000000000007,102,1.0,0.0,38.32798181897869,0.05
9500,186.40000000000006,96,1.0,0.0,72.31805471982807,0.05
9501,188.30000000000007,107,1.0,0.0,42.72899971456728,0.05
9502,-28.900000000000034,79,0.0,1.0,25.80128022387058,0.05
9503,194.80000000000013,112,1.0,0.0,73.32766016519496,0.05
9504,189.2000000000001,108,1.0,0.0,49.802906472925784,0.05
9505,184.9000000000001,101,1.0,0.0,33.443031872410586,0.05
9506,190.5000000000001,105,1.0,0.0,60.74784041628951,0.05
9507,185.10000000000008,99,1.0,0.0,44.68215284880364,0.05
9508,180.10000000000002,89,1.0,0.0,39.37379202832667,0.05
9509,190.5000000000001,105,1.0,0.0,36.98593743180945,0.05
9510,193.4000000000001,106,1.0,0.0,55.9217840431715,0.05
9511,192.80000000000013,112,1.0,0.0,26.81350741242724,0.05
9512,181.70000000000005,93,1.0,0.0,31.04842690883144,0.05
9513,183.30000000000007,97,1.0,0.0,65.40185805218121,0.05
9514,-72.50000000000001,35,0.0,1.0,26.63729127390044,0.05
9515,190.9000000000001,101,1.0,0.0,55.55034556675075,0.05
9516,188.00000000000009,100,1.0,0.0,53.21454646885395,0.05
9517,191.4000000000001,106,1.0,0.0,20.584737318023194,0.05
9518,-59.50000000000003,45,0.0,1.0,60.694641055663425,0.05
9519,189.80000000000007,102,1.0,0.0,90.10098225667195,0.05
9520,-84.69999999999999,17,0.0,1.0,33.61651463718975,0.05
9521,183.80000000000007,102,1.0,0.0,24.71654355087701,0.05
9522,188.00000000000009,100,1.0,0.0,71.00267665982247,0.05
9523,186.30000000000007,107,1.0,0.0,48.85339028144551,0.05
9524,188.9000000000001,101,1.0,0.0,36.92385826975402,0.05
9525,183.70000000000005,113,1.0,0.0,39.70489035658868,0.05
9526,185.30000000000007,97,1.0,0.0,62.92093911582662,0.05
9527,184.90000000000006,101,1.0,0.0,48.90301067389474,0.05
9528,182.40000000000003,96,1.0,0.0,46.757113608531654,0.05
9529,193.2000000000001,108,1.0,0.0,49.05245030850724,0.05
9530,189.2000000000001,108,1.0,0.0,45.85510460452901,0.05
9531,190.7000000000001,103,1.0,0.0,52.24855129825838,0.05
9532,182.30000000000007,107,1.0,0.0,62.35305439409252,0.05
9533,181.70000000000005,93,1.0,0.0,44.95499217061586,0.05
9534,191.8000000000001,102,1.0,0.0,98.79672785293238,0.05
9535,180.0,100,1.0,0.0,42.60970143377781,0.05
9536,189.60000000000008,104,1.0,0.0,41.721853468996976,0.05
9537,191.2000000000001,108,1.0,0.0,35.527426633293985,0.05
9538,-64.40000000000002,44,0.0,1.0,40.93501871113073,0.05
9539,185.80000000000007,102,1.0,0.0,54.83009169586733,0.05
9540,190.7000000000001,103,1.0,0.0,41.66317439093752,0.05
9541,186.70000000000007,103,1.0,0.0,50.10082000291463,0.05
9542,-51.600000000000044,56,0.0,1.0,41.93270564212331,0.05
9543,190.30000000000007,107,1.0,0.0,33.5527531050633,0.05
9544,187.0000000000001,110,1.0,0.0,51.32244702252475,0.05
9545,178.60000000000002,94,1.0,0.0,28.98180824581613,0.05
9546,184.50000000000006,105,1.0,0.0,51.06489381080582,0.05
9547,182.40000000000003,96,1.0,0.0,38.118538306249924,0.05
9548,-85.89999999999998,49,0.0,1.0,15.208100549116427,0.05
9549,187.80000000000007,102,1.0,0.0,41.44049658509446,0.05
9550,185.30000000000007,97,1.0,0.0,38.311749727301994,0.05
9551,188.9000000000001,101,1.0,0.0,36.51434833667066,0.05
9552,187.80000000000007,102,1.0,0.0,45.20337385801124,0.05
9553,183.10000000000008,99,1.0,0.0,42.62860996118098,0.05
9554,191.4000000000001,106,1.0,0.0,37.485323294434906,0.05
9555,186.90000000000006,101,1.0,0.0,47.35129986194396,0.05
9556,179.70000000000005,93,1.0,0.0,47.877800020479384,0.05
9557,188.5000000000001,105,1.0,0.0,37.27941676995584,0.05
9558,191.7000000000001,113,1.0,0.0,30.030665295182075,0.05
9559,188.70000000000007,103,1.0,0.0,72.05377296047303,0.05
9560,188.20000000000007,98,1.0,0.0,54.925397469224976,0.05
9561,183.10000000000002,99,1.0,0.0,37.65855705482189,0.05
9562,186.9000000000001,101,1.0,0.0,51.2366226753681,0.05
9563,194.30000000000024,127,1.0,0.0,32.18590027146687,0.05
9564,188.50000000000006,105,1.0,0.0,48.87843278263296,0.05
9565,188.30000000000013,107,1.0,0.0,34.73332756813441,0.05
9566,-32.50000000000006,75,0.0,1.0,76.83303483386834,0.05
9567,179.70000000000005,93,1.0,0.0,43.77493937585943,0.05
9568,182.90000000000003,101,1.0,0.0,9.145414278648868,0.05
9569,185.10000000000008,99,1.0,0.0,29.531224712729454,0.05
9570,188.30000000000007,107,1.0,0.0,39.22474912031789,0.05
9571,184.20000000000005,98,1.0,0.0,34.33918541867514,0.05
9572,183.10000000000005,99,1.0,0.0,60.19887720658021,0.05
9573,187.80000000000007,102,1.0,0.0,23.750461726650304,0.05
9574,196.80000000000013,112,1.0,0.0,43.24028335658035,0.05
9575,183.50000000000006,95,1.0,0.0,70.15636833592465,0.05
9576,193.0000000000001,110,1.0,0.0,40.15278200195594,0.05
9577,186.20000000000005,98,1.0,0.0,21.632887637128636,0.05
9578,188.9000000000001,101,1.0,0.0,57.45389798165548,0.05
9579,-41.60000000000007,76,0.0,1.0,47.752769459627174,0.05
9580,183.50000000000006,95,1.0,0.0,31.453499905843483,0.05
9581,177.0999999999999,199,1.0,0.0,38.58107432887782,0.05
9582,191.8000000000001,102,1.0,0.0,42.5093018015591,0.05
9583,190.30000000000013,107,1.0,0.0,27.473419037934775,0.05
9584,198.60000000000014,114,1.0,0.0,19.299194770816126,0.05
9585,179.60000000000002,104,1.0,0.0,95.59662172284264,0.05
9586,181.70000000000005,93,1.0,0.0,62.806404378545544,0.05
9587,189.6000000000001,104,1.0,0.0,61.434502275803915,0.05
9588,184.40000000000003,96,1.0,0.0,23.34314408324038,0.05
9589,-27.70000000000003,87,0.0,1.0,70.34191933668208,0.05
9590,188.10000000000008,109,1.0,0.0,48.325239256571194,0.05
9591,188.00000000000006,100,1.0,0.0,31.12440648496151,0.05
9592,184.20000000000005,98,1.0,0.0,54.61479083646317,0.05
9593,185.80000000000007,102,1.0,0.0,33.397963125916085,0.05
9594,182.90000000000003,101,1.0,0.0,52.77163339221831,0.05
9595,181.70000000000005,93,1.0,0.0,37.07040565733307,0.05
9596,191.2000000000001,108,1.0,0.0,30.82063284088616,0.05
9597,-41.800000000000075,78,0.0,1.0,59.394196920861035,0.05
9598,181.50000000000006,95,1.0,0.0,60.28081474476739,0.05
9599,188.7000000000001,103,1.0,0.0,39.238178410431715,0.05
9600,189.4000000000001,106,1.0,0.0,38.48075200532967,0.05
9601,184.90000000000003,101,1.0,0.0,69.88871155605457,0.05
9602,-79.7,27,0.0,1.0,69.25031610274756,0.05
9603,191.2000000000001,108,1.0,0.0,44.46431412872065,0.05
9604,186.20000000000007,98,1.0,0.0,47.84289925317375,0.05
9605,182.70000000000005,103,1.0,0.0,33.89022783457654,0.05
9606,188.50000000000009,105,1.0,0.0,64.18143238453638,0.05
9607,186.20000000000005,98,1.0,0.0,32.201417288837995,0.05
9608,189.4000000000001,106,1.0,0.0,42.75789601658032,0.05
9609,198.40000000000015,116,1.0,0.0,61.91305428833283,0.05
9610,186.50000000000009,105,1.0,0.0,40.31362893638157,0.05
9611,185.10000000000008,99,1.0,0.0,22.826922480280352,0.05
9612,-57.600000000000044,56,0.0,1.0,79.42278775386512,0.05
9613,189.10000000000008,99,1.0,0.0,39.421448444853525,0.05
9614,-47.80000000000005,58,0.0,1.0,68.621185858188,0.05
9615,186.00000000000006,100,1.0,0.0,62.80117844730616,0.05
9616,190.3000000000001,107,1.0,0.0,48.961016670426474,0.05
9617,197.80000000000018,122,1.0,0.0,41.26177706599968,0.05
9618,-78.6,26,0.0,1.0,23.26044677427182,0.05
9619,184.9000000000001,101,1.0,0.0,38.953515937570295,0.05
9620,185.50000000000006,95,1.0,0.0,40.67251400931885,0.05
9621,201.50000000000017,115,1.0,0.0,45.2715790928058,0.05
9622,192.1000000000001,109,1.0,0.0,50.51040824365999,0.05
9623,182.20000000000005,98,1.0,0.0,68.48156552191595,0.05
9624,186.9000000000001,101,1.0,0.0,72.99986972888507,0.05
9625,189.80000000000007,102,1.0,0.0,46.27604386458794,0.05
9626,190.00000000000009,100,1.0,0.0,68.31353444293141,0.05
9627,188.9000000000001,101,1.0,0.0,27.013596012598217,0.05
9628,188.7000000000001,103,1.0,0.0,34.92578093895634,0.05
9629,193.70000000000016,113,1.0,0.0,42.55189568687857,0.05
9630,-39.90000000000006,69,0.0,1.0,52.207233680979066,0.05
9631,179.8,102,1.0,0.0,37.70986868769807,0.05
9632,193.90000000000015,111,1.0,0.0,23.259242824069016,0.05
9633,188.50000000000006,125,1.0,0.0,35.04914788782597,0.05
9634,187.10000000000008,99,1.0,0.0,46.277954396349614,0.05
9635,193.2000000000001,108,1.0,0.0,47.590888949318064,0.05
9636,188.7000000000001,103,1.0,0.0,41.21012533289715,0.05
9637,185.80000000000007,102,1.0,0.0,44.23716007330108,0.05
9638,188.00000000000006,100,1.0,0.0,60.83421639814973,0.05
9639,190.5000000000001,105,1.0,0.0,64.46177360876685,0.05
9640,195.10000000000014,119,1.0,0.0,21.731043951977203,0.05
9641,-71.80000000000001,38,0.0,1.0,17.135218196793605,0.05
9642,190.5000000000001,105,1.0,0.0,88.40694334989502,0.05
9643,186.20000000000007,98,1.0,0.0,72.96474307821113,0.05
9644,185.60000000000008,104,1.0,0.0,55.44724996223186,0.05
9645,187.20000000000007,108,1.0,0.0,32.9127328949808,0.05
9646,179.30000000000004,97,1.0,0.0,43.86981090158224,0.05
9647,191.2000000000001,108,1.0,0.0,45.58517588543947,0.05
9648,190.00000000000009,100,1.0,0.0,80.41674228414894,0.05
9649,187.0000000000001,110,1.0,0.0,23.406261902641166,0.05
9650,188.50000000000009,105,1.0,0.0,8.421183899967444,0.05
9651,185.10000000000005,99,1.0,0.0,49.64383192556073,0.05
9652,188.00000000000009,100,1.0,0.0,56.364769117683174,0.05
9653,198.40000000000015,116,1.0,0.0,63.02961781242028,0.05
9654,186.5000000000001,105,1.0,0.0,48.51575043187255,0.05
9655,197.90000000000015,111,1.0,0.0,43.66314855714639,0.05
9656,189.4000000000001,106,1.0,0.0,46.10501763027794,0.05
9657,184.20000000000007,98,1.0,0.0,40.40166189225049,0.05
9658,187.80000000000007,102,1.0,0.0,24.102830038058993,0.05
9659,193.2000000000001,108,1.0,0.0,32.23745944109504,0.05
9660,186.30000000000013,107,1.0,0.0,17.15701959957586,0.05
9661,185.4000000000001,106,1.0,0.0,43.2574728523504,0.05
9662,197.30000000000015,117,1.0,0.0,44.139890014297436,0.05
9663,189.4000000000001,106,1.0,0.0,83.5530627472502,0.05
9664,-56.10000000000004,51,0.0,1.0,35.52754434987026,0.05
9665,-29.500000000000043,85,0.0,1.0,41.85297123588183,0.05
9666,194.10000000000014,109,1.0,0.0,43.91431246021199,0.05
9667,-40.90000000000008,79,0.0,1.0,45.10305105262919,0.05
9668,186.5000000000001,105,1.0,0.0,49.908993665164424,0.05
9669,195.0000000000001,110,1.0,0.0,69.85526884462345,0.05
9670,-40.10000000000006,71,0.0,1.0,58.65101161809035,0.05
9671,-85.6,16,0.0,1.0,38.98370167426765,0.05
9672,189.80000000000007,102,1.0,0.0,78.23687081309218,0.05
9673,180.8,92,1.0,0.0,70.45072845839287,0.05
9674,184.20000000000005,98,1.0,0.0,40.971234144452886,0.05
9675,186.9000000000001,101,1.0,0.0,90.42055164816061,0.05
9676,184.20000000000005,98,1.0,0.0,39.26727027537263,0.05
9677,186.20000000000007,98,1.0,0.0,74.76461835327197,0.05
9678,184.40000000000003,96,1.0,0.0,28.97873618733138,0.05
9679,193.40000000000012,106,1.0,0.0,39.41896170497222,0.05
9680,188.20000000000007,98,1.0,0.0,89.58417098383818,0.05
9681,184.7000000000001,103,1.0,0.0,34.99196717606007,0.05
9682,188.7000000000001,103,1.0,0.0,36.8580819454442,0.05
9683,190.80000000000007,132,1.0,0.0,45.92167899859223,0.05
9684,181.10000000000008,99,1.0,0.0,43.78325675766576,0.05
9685,184.20000000000005,98,1.0,0.0,36.98337645266129,0.05
9686,193.20000000000013,108,1.0,0.0,53.599585139158144,0.05
9687,183.60000000000005,104,1.0,0.0,26.70371152367443,0.05
9688,189.0000000000001,110,1.0,0.0,53.02690499905835,0.05
9689,186.20000000000005,98,1.0,0.0,62.26396678540171,0.05
9690,189.4000000000001,106,1.0,0.0,42.97632913839705,0.05
9691,181.80000000000004,102,1.0,0.0,69.33202658973488,0.05
9692,189.4000000000001,106,1.0,0.0,55.81504154085832,0.05
9693,191.4000000000001,106,1.0,0.0,98.08325866047504,0.05
9694,190.5000000000001,105,1.0,0.0,60.65583204172906,0.05
9695,-48.700000000000045,57,0.0,1.0,55.90472734105169,0.05
9696,189.60000000000008,104,1.0,0.0,43.853943715301845,0.05
9697,184.70000000000005,103,1.0,0.0,37.692176371595814,0.05
9698,184.70000000000007,103,1.0,0.0,94.21355341071065,0.05
9699,186.00000000000009,100,1.0,0.0,75.39896869190038,0.05
9700,-75.7,27,0.0,1.0,38.567972440962436,0.05
9701,186.90000000000006,101,1.0,0.0,35.47927601067442,0.05
9702,182.20000000000005,98,1.0,0.0,40.885460170023904,0.05
9703,188.00000000000009,100,1.0,0.0,67.40351083807647,0.05
9704,191.60000000000008,104,1.0,0.0,46.96587004906569,0.05
9705,183.50000000000006,95,1.0,0.0,71.60213829929891,0.05
9706,180.00000000000006,100,1.0,0.0,53.00210192605853,0.05
9707,188.7000000000001,103,1.0,0.0,79.83532888246971,0.05
9708,188.00000000000006,100,1.0,0.0,64.9869659654051,0.05
9709,193.7000000000001,113,1.0,0.0,77.74525239087839,0.05
9710,188.00000000000009,100,1.0,0.0,74.57486419178545,0.05
9711,185.10000000000005,99,1.0,0.0,81.76340890291965,0.05
9712,184.40000000000003,96,1.0,0.0,72.4259974033727,0.05
9713,183.10000000000005,99,1.0,0.0,66.48452501315059,0.05
9714,191.2000000000001,108,1.0,0.0,44.761829398158525,0.05
9715,-25.30000000000001,83,0.0,1.0,74.43082694009126,0.05
9716,192.3000000000001,107,1.0,0.0,63.0640864763583,0.05
9717,186.00000000000006,100,1.0,0.0,43.11729625329375,0.05
9718,181.10000000000005,99,1.0,0.0,47.449081634105454,0.05
9719,188.9000000000001,101,1.0,0.0,41.18298380335074,0.05
9720,188.50000000000009,105,1.0,0.0,25.814065722127754,0.05
9721,185.10000000000008,99,1.0,0.0,44.529406531742126,0.05
9722,192.30000000000013,107,1.0,0.0,58.14700626393902,0.05
9723,189.70000000000013,113,1.0,0.0,35.76964369712942,0.05
9724,187.8000000000001,102,1.0,0.0,75.01469471415176,0.05
9725,190.3000000000001,107,1.0,0.0,52.00395277281788,0.05
9726,-82.0,20,0.0,1.0,92.5108690418303,0.05
9727,187.9000000000001,111,1.0,0.0,32.99230283619584,0.05
9728,183.10000000000008,99,1.0,0.0,40.99315696299979,0.05
9729,181.80000000000007,102,1.0,0.0,56.65688651215796,0.05
9730,187.9000000000001,111,1.0,0.0,43.11289212879566,0.05
9731,190.5000000000001,105,1.0,0.0,6.919567663470904,0.05
9732,182.70000000000005,103,1.0,0.0,45.89681350967838,0.05
9733,185.60000000000008,104,1.0,0.0,74.56786661358693,0.05
9734,-46.40000000000005,64,0.0,1.0,77.26032376755029,0.05
9735,197.50000000000017,115,1.0,0.0,26.67484860174034,0.05
9736,194.00000000000017,120,1.0,0.0,38.54250555410981,0.05
9737,183.50000000000006,95,1.0,0.0,74.0615319225349,0.05
9738,190.4000000000001,116,1.0,0.0,59.34625350761002,0.05
9739,188.30000000000013,107,1.0,0.0,55.10889705381939,0.05
9740,185.10000000000008,99,1.0,0.0,9.902536536482247,0.05
9741,192.10000000000014,109,1.0,0.0,28.06156769388039,0.05
9742,190.50000000000009,105,1.0,0.0,33.87203773238829,0.05
9743,-36.09999999999977,131,0.0,1.0,40.672229917677306,0.05
9744,181.40000000000003,106,1.0,0.0,28.09146155670004,0.05
9745,190.10000000000008,109,1.0,0.0,67.98701154215074,0.05
9746,191.2000000000001,108,1.0,0.0,55.870468882085,0.05
9747,-78.80000000000001,28,0.0,1.0,37.971708309437545,0.05
9748,188.1000000000001,109,1.0,0.0,62.350657892473244,0.05
9749,-16.299999999999855,113,0.0,1.0,59.75713334852352,0.05
9750,182.70000000000005,103,1.0,0.0,58.39954447362897,0.05
9751,192.3000000000001,107,1.0,0.0,61.389286162558,0.05
9752,192.10000000000014,109,1.0,0.0,56.67805928989835,0.05
9753,183.30000000000004,97,1.0,0.0,23.664268880160815,0.05
9754,-20.799999999999983,88,0.0,1.0,32.825351011008024,0.05
9755,180.60000000000005,94,1.0,0.0,56.91443746869869,0.05
9756,191.5000000000001,115,1.0,0.0,40.149784731864926,0.05
9757,190.4000000000001,116,1.0,0.0,39.54511140858562,0.05
9758,185.4000000000001,106,1.0,0.0,71.21639936129158,0.05
9759,182.20000000000005,98,1.0,0.0,60.10406557143647,0.05
9760,187.60000000000008,104,1.0,0.0,59.577578569834046,0.05
9761,190.80000000000013,112,1.0,0.0,43.219918358405785,0.05
9762,188.70000000000007,103,1.0,0.0,76.91128505223874,0.05
9763,194.20000000000016,118,1.0,0.0,83.15686887628951,0.05
9764,193.20000000000013,108,1.0,0.0,48.37231761479267,0.05
9765,189.60000000000008,104,1.0,0.0,53.75334870521552,0.05
9766,189.20000000000007,108,1.0,0.0,53.67788253586601,0.05
9767,197.30000000000018,117,1.0,0.0,35.25044171066366,0.05
9768,186.7000000000001,103,1.0,0.0,70.06775153775527,0.05
9769,189.9000000000001,131,1.0,0.0,32.71207378827434,0.05
9770,191.2000000000001,108,1.0,0.0,51.485343390385864,0.05
9771,184.20000000000005,98,1.0,0.0,51.54756474130008,0.05
9772,184.9000000000001,101,1.0,0.0,50.13066021190716,0.05
9773,-35.60000000000007,76,0.0,1.0,47.44203679420446,0.05
9774,194.10000000000014,109,1.0,0.0,51.908762421971616,0.05
9775,184.50000000000006,105,1.0,0.0,38.684358448783556,0.05
9776,186.70000000000007,103,1.0,0.0,61.46519392540733,0.05
9777,186.40000000000006,96,1.0,0.0,33.255654937044405,0.05
9778,188.7000000000001,103,1.0,0.0,76.35775722592201,0.05
9779,190.10000000000014,109,1.0,0.0,39.772755791698025,0.05
9780,186.70000000000007,103,1.0,0.0,22.679237431041823,0.05
9781,186.3000000000001,107,1.0,0.0,46.673197778934075,0.05
9782,189.90000000000015,111,1.0,0.0,64.12036272755883,0.05
9783,182.80000000000004,92,1.0,0.0,63.716270291125,0.05
9784,190.50000000000009,105,1.0,0.0,49.84636303299949,0.05
9785,191.70000000000013,113,1.0,0.0,62.358219122860284,0.05
9786,190.5000000000001,105,1.0,0.0,35.4349692524189,0.05
9787,191.40000000000012,106,1.0,0.0,30.600128113520594,0.05
9788,182.60000000000005,94,1.0,0.0,57.95654903122402,0.05
9789,189.6000000000001,104,1.0,0.0,51.326814057448736,0.05
9790,191.60000000000022,124,1.0,0.0,35.113981336235035,0.05
9791,182.20000000000005,98,1.0,0.0,24.3031174899364,0.05
9792,187.4000000000001,106,1.0,0.0,66.51780495820742,0.05
9793,192.60000000000014,114,1.0,0.0,99.07119702979138,0.05
9794,189.0000000000001,110,1.0,0.0,38.522255035083404,0.05
9795,190.80000000000013,112,1.0,0.0,61.36729662639222,0.05
9796,189.10000000000008,99,1.0,0.0,42.03184372547901,0.05
9797,195.90000000000015,111,1.0,0.0,54.575868769674685,0.05
9798,189.2000000000001,108,1.0,0.0,43.77781163452676,0.05
9799,188.9000000000001,101,1.0,0.0,33.39352194522277,0.05
9800,-51.40000000000004,54,0.0,1.0,71.08614407990265,0.05
9801,186.20000000000005,98,1.0,0.0,45.293459048228605,0.05
9802,190.3000000000001,107,1.0,0.0,21.64985028779674,0.05
9803,186.00000000000009,100,1.0,0.0,39.202167999446395,0.05
9804,177.8,102,1.0,0.0,82.37405072240269,0.05
9805,184.20000000000005,98,1.0,0.0,33.97697385617209,0.05
9806,-29.100000000000023,81,0.0,1.0,47.46623365194709,0.05
9807,190.80000000000013,112,1.0,0.0,55.57853158064453,0.05
9808,186.30000000000007,107,1.0,0.0,62.46193403493021,0.05
9809,184.80000000000007,112,1.0,0.0,76.27173726739628,0.05
9810,186.9000000000001,101,1.0,0.0,43.64552266844133,0.05
9811,193.2000000000001,108,1.0,0.0,80.52562147613477,0.05
9812,183.70000000000005,93,1.0,0.0,95.493865445096,0.05
9813,184.40000000000006,96,1.0,0.0,60.45369513425976,0.05
9814,187.6000000000001,104,1.0,0.0,44.076414029185585,0.05
9815,189.4000000000001,106,1.0,0.0,67.94643835470362,0.05
9816,187.60000000000008,104,1.0,0.0,73.20250155869871,0.05
9817,186.20000000000007,98,1.0,0.0,90.28703183110575,0.05
9818,192.30000000000013,107,1.0,0.0,22.775557738180474,0.05
9819,184.20000000000005,98,1.0,0.0,58.88039547737156,0.05
9820,185.6000000000001,104,1.0,0.0,12.298081363479678,0.05
9821,194.10000000000014,109,1.0,0.0,67.73445224180955,0.05
9822,190.50000000000009,105,1.0,0.0,39.30726333821104,0.05
9823,190.10000000000008,109,1.0,0.0,15.721453806744256,0.05
9824,188.00000000000009,100,1.0,0.0,54.60445770919323,0.05
9825,-35.60000000000007,76,0.0,1.0,53.82696076796243,0.05
9826,-50.50000000000004,55,0.0,1.0,94.20140778584914,0.05
9827,-44.60000000000006,66,0.0,1.0,68.91701352302775,0.05
9828,185.80000000000007,102,1.0,0.0,30.476748709146882,0.05
9829,186.9000000000001,101,1.0,0.0,35.80723316856835,0.05
9830,186.50000000000006,105,1.0,0.0,43.60321220812344,0.05
9831,192.80000000000013,112,1.0,0.0,81.50984774699567,0.05
9832,182.40000000000006,96,1.0,0.0,33.23198700703991,0.05
9833,187.70000000000007,113,1.0,0.0,74.34706404086499,0.05
9834,184.70000000000007,103,1.0,0.0,59.266733089841686,0.05
9835,191.8000000000001,102,1.0,0.0,65.81302099346237,0.05
9836,187.60000000000008,104,1.0,0.0,58.32091071012501,0.05
9837,196.40000000000015,116,1.0,0.0,58.391716286861175,0.05
9838,186.7000000000001,103,1.0,0.0,35.053965906639704,0.05
9839,194.40000000000015,116,1.0,0.0,48.65110141970217,0.05
9840,183.30000000000007,97,1.0,0.0,44.550765056739145,0.05
9841,186.00000000000006,100,1.0,0.0,41.23484645858407,0.05
9842,187.80000000000007,102,1.0,0.0,44.043700432222266,0.05
9843,189.0000000000001,110,1.0,0.0,62.84000229496848,0.05
9844,184.70000000000005,103,1.0,0.0,39.89121572297175,0.05
9845,-60.50000000000004,55,0.0,1.0,55.86704552187161,0.05
9846,177.0,90,1.0,0.0,33.654145233208936,0.05
9847,195.50000000000014,115,1.0,0.0,42.6041449163271,0.05
9848,196.10000000000014,109,1.0,0.0,51.5899994991583,0.05
9849,188.00000000000009,100,1.0,0.0,62.6385816218704,0.05
9850,187.00000000000009,110,1.0,0.0,64.1770859090442,0.05
9851,-28.499999999999744,135,0.0,1.0,34.229682788915106,0.05
9852,192.0000000000001,120,1.0,0.0,45.85500489721696,0.05
9853,191.9000000000001,111,1.0,0.0,22.46409599449452,0.05
9854,181.50000000000003,95,1.0,0.0,54.99266699811346,0.05
9855,184.7000000000001,103,1.0,0.0,82.87641599311412,0.05
9856,195.2000000000001,108,1.0,0.0,46.180077608467805,0.05
9857,187.60000000000008,104,1.0,0.0,44.37598785922791,0.05
9858,184.20000000000007,98,1.0,0.0,28.810783484608542,0.05
9859,186.7000000000001,103,1.0,0.0,39.684847294597084,0.05
9860,184.20000000000005,98,1.0,0.0,50.40241963302299,0.05
9861,194.30000000000013,107,1.0,0.0,65.13512098044157,0.05
9862,184.70000000000005,103,1.0,0.0,46.39233884240672,0.05
9863,182.40000000000003,96,1.0,0.0,48.765635725886874,0.05
9864,191.4000000000001,106,1.0,0.0,43.98763030050498,0.05
9865,180.20000000000005,98,1.0,0.0,40.184669767411386,0.05
9866,187.10000000000008,99,1.0,0.0,43.850810273127124,0.05
9867,187.30000000000007,97,1.0,0.0,23.164583128137686,0.05
9868,185.50000000000006,95,1.0,0.0,48.30506163294378,0.05
9869,195.10000000000014,119,1.0,0.0,16.991548007839366,0.05
9870,182.40000000000003,96,1.0,0.0,85.76873478572816,0.05
9871,184.60000000000005,94,1.0,0.0,32.3065054863295,0.05
9872,192.60000000000014,114,1.0,0.0,59.933829397191865,0.05
9873,195.50000000000017,115,1.0,0.0,35.98325058033933,0.05
9874,191.4000000000001,106,1.0,0.0,35.95324853329726,0.05
9875,189.4000000000001,106,1.0,0.0,41.08008248893157,0.05
9876,189.70000000000013,113,1.0,0.0,48.46666456587547,0.05
9877,184.20000000000005,98,1.0,0.0,32.759249992630615,0.05
9878,189.10000000000008,99,1.0,0.0,30.711290662336832,0.05
9879,186.50000000000009,105,1.0,0.0,23.075390620210342,0.05
9880,187.2000000000001,108,1.0,0.0,36.95422575560709,0.05
9881,178.40000000000003,96,1.0,0.0,70.77261663096336,0.05
9882,188.00000000000009,100,1.0,0.0,51.14853770079091,0.05
9883,194.80000000000015,112,1.0,0.0,41.92813841193648,0.05
9884,196.30000000000013,107,1.0,0.0,39.449701189716286,0.05
9885,186.7000000000001,103,1.0,0.0,56.928631713053264,0.05
9886,184.40000000000003,96,1.0,0.0,18.490368477650918,0.05
9887,182.70000000000005,103,1.0,0.0,86.5743422867025,0.05
9888,190.9000000000001,101,1.0,0.0,60.01234901117364,0.05
9889,191.4000000000001,106,1.0,0.0,43.33787704357561,0.05
9890,185.9000000000001,111,1.0,0.0,58.84460090412884,0.05
9891,181.60000000000008,104,1.0,0.0,43.41935869904522,0.05
9892,186.70000000000007,103,1.0,0.0,57.214387832191385,0.05
9893,184.30000000000007,107,1.0,0.0,43.38231232943379,0.05
9894,193.70000000000016,113,1.0,0.0,86.33754936460636,0.05
9895,183.70000000000005,93,1.0,0.0,38.819128946992016,0.05
9896,188.5000000000001,105,1.0,0.0,27.258304817690735,0.05
9897,184.60000000000005,94,1.0,0.0,40.58631906919974,0.05
9898,191.40000000000012,106,1.0,0.0,65.67590461031728,0.05
9899,189.90000000000012,111,1.0,0.0,42.36907457083732,0.05
9900,192.10000000000014,109,1.0,0.0,56.3416627619518,0.05
9901,179.30000000000007,97,1.0,0.0,52.312390948770584,0.05
9902,-55.000000000000036,50,0.0,1.0,24.583049701452254,0.05
9903,182.50000000000006,105,1.0,0.0,40.817511725993384,0.05
9904,187.80000000000007,102,1.0,0.0,57.71080755252464,0.05
9905,186.80000000000007,112,1.0,0.0,37.91864482439788,0.05
9906,185.50000000000006,95,1.0,0.0,38.452449330726736,0.05
9907,191.2000000000001,108,1.0,0.0,50.167473925001644,0.05
9908,191.2000000000001,108,1.0,0.0,45.54761395651709,0.05
9909,188.50000000000006,105,1.0,0.0,33.407617680302685,0.05
9910,189.8000000000001,102,1.0,0.0,45.08022512601433,0.05
9911,187.10000000000008,99,1.0,0.0,54.63655407004284,0.05
9912,184.50000000000006,105,1.0,0.0,62.17442719237435,0.05
9913,182.70000000000007,103,1.0,0.0,49.800889338972496,0.05
9914,191.20000000000013,108,1.0,0.0,39.91090894186938,0.05
9915,191.6000000000001,104,1.0,0.0,50.85034795191426,0.05
9916,190.7000000000001,103,1.0,0.0,19.52616778768382,0.05
9917,183.70000000000005,93,1.0,0.0,39.061811349124355,0.05
9918,181.3,97,1.0,0.0,42.4491259746023,0.05
9919,190.3000000000001,107,1.0,0.0,71.1585743333274,0.05
9920,192.10000000000014,109,1.0,0.0,27.04711613315371,0.05
9921,194.30000000000013,107,1.0,0.0,23.022803813358333,0.05
9922,191.20000000000013,108,1.0,0.0,37.797242816227175,0.05
9923,189.2000000000001,108,1.0,0.0,55.56633050484514,0.05
9924,185.30000000000007,97,1.0,0.0,62.32991252059943,0.05
9925,188.7000000000001,103,1.0,0.0,41.80732919102155,0.05
9926,184.30000000000007,107,1.0,0.0,44.66893529773594,0.05
9927,191.0000000000001,110,1.0,0.0,23.945732393793083,0.05
9928,186.00000000000006,100,1.0,0.0,64.58265908613801,0.05
9929,191.90000000000012,111,1.0,0.0,74.3433758290904,0.05
9930,193.0000000000001,110,1.0,0.0,33.39366536431692,0.05
9931,194.10000000000014,109,1.0,0.0,24.77978630999633,0.05
9932,194.60000000000014,114,1.0,0.0,25.35010732618863,0.05
9933,185.80000000000007,102,1.0,0.0,29.40850235412226,0.05
9934,-66.00000000000001,40,0.0,1.0,16.107288758829235,0.05
9935,194.00000000000014,120,1.0,0.0,18.88955781677117,0.05
9936,189.00000000000009,110,1.0,0.0,36.22940027571537,0.05
9937,193.0000000000001,110,1.0,0.0,54.788767417892814,0.05
9938,188.7000000000001,103,1.0,0.0,64.73758315551773,0.05
9939,182.3000000000001,107,1.0,0.0,26.83068968675961,0.05
9940,183.4000000000001,106,1.0,0.0,77.37388385270002,0.05
9941,188.7000000000001,103,1.0,0.0,52.299813164633164,0.05
9942,183.10000000000008,99,1.0,0.0,66.45904417787537,0.05
9943,-66.00000000000003,40,0.0,1.0,23.569926983024924,0.05
9944,194.30000000000013,107,1.0,0.0,44.74315168858271,0.05
9945,192.20000000000013,118,1.0,0.0,46.80857660665603,0.05
9946,190.10000000000008,109,1.0,0.0,55.636821043839966,0.05
9947,185.60000000000008,104,1.0,0.0,35.347984353832615,0.05
9948,-52.50000000000004,55,0.0,1.0,43.938557861880824,0.05
9949,190.80000000000013,112,1.0,0.0,25.45476611061687,0.05
9950,181.40000000000003,106,1.0,0.0,45.911881249854865,0.05
9951,-53.600000000000044,56,0.0,1.0,31.656295165286533,0.05
9952,193.70000000000016,113,1.0,0.0,63.21888558517119,0.05
9953,-44.80000000000006,68,0.0,1.0,18.0278010657605,0.05
9954,189.6000000000001,104,1.0,0.0,60.71783246644414,0.05
9955,-48.20000000000005,62,0.0,1.0,17.0330514674105,0.05
9956,191.4000000000001,106,1.0,0.0,28.4695469024679,0.05
9957,185.60000000000008,104,1.0,0.0,32.46479492165292,0.05
9958,192.10000000000014,109,1.0,0.0,38.7075304995983,0.05
9959,188.5000000000001,105,1.0,0.0,57.92811950654501,0.05
9960,191.20000000000013,108,1.0,0.0,35.983462152899136,0.05
9961,192.60000000000014,114,1.0,0.0,46.886069467748726,0.05
9962,187.60000000000008,104,1.0,0.0,41.14366374358248,0.05
9963,181.80000000000007,102,1.0,0.0,29.410761938266017,0.05
9964,190.50000000000009,105,1.0,0.0,34.50183656602388,0.05
9965,-59.700000000000024,47,0.0,1.0,77.67908165128307,0.05
9966,188.50000000000009,105,1.0,0.0,52.05090347535553,0.05
9967,177.70000000000005,93,1.0,0.0,33.115092636917225,0.05
9968,190.5000000000001,105,1.0,0.0,46.53372882065319,0.05
9969,187.4000000000001,106,1.0,0.0,40.09927321330837,0.05
9970,188.50000000000009,105,1.0,0.0,40.70807191956611,0.05
9971,183.30000000000004,97,1.0,0.0,23.598560269192323,0.05
9972,184.20000000000005,98,1.0,0.0,43.37846499605446,0.05
9973,188.00000000000006,100,1.0,0.0,47.439578287266194,0.05
9974,-22.69999999999996,97,0.0,1.0,51.97103532664862,0.05
9975,196.00000000000017,120,1.0,0.0,40.39495382951573,0.05
9976,184.20000000000007,98,1.0,0.0,31.41840676081424,0.05
9977,190.3000000000001,107,1.0,0.0,40.38680393715328,0.05
9978,184.20000000000005,98,1.0,0.0,36.4194303760115,0.05
9979,191.4000000000001,106,1.0,0.0,40.18454042273872,0.05
9980,185.90000000000003,111,1.0,0.0,54.51250575415723,0.05
9981,185.60000000000008,104,1.0,0.0,34.662922664760394,0.05
9982,185.60000000000005,104,1.0,0.0,42.21848164842679,0.05
9983,185.00000000000006,110,1.0,0.0,22.070242572846738,0.05
9984,183.30000000000007,97,1.0,0.0,18.956734640158942,0.05
9985,-40.10000000000006,71,0.0,1.0,51.27126928912082,0.05
9986,187.80000000000007,102,1.0,0.0,71.24298762424174,0.05
9987,187.40000000000006,106,1.0,0.0,28.73178664102869,0.05
9988,193.00000000000014,110,1.0,0.0,31.374468128789555,0.05
9989,191.00000000000009,110,1.0,0.0,20.539320286803626,0.05
9990,188.10000000000008,109,1.0,0.0,61.32330883331939,0.05
9991,178.40000000000003,96,1.0,0.0,69.54375865675199,0.05
9992,190.00000000000009,100,1.0,0.0,23.027409124523402,0.05
9993,187.60000000000008,104,1.0,0.0,40.09560001319131,0.05
9994,190.10000000000008,109,1.0,0.0,49.77463456038215,0.05
9995,189.60000000000008,104,1.0,0.0,34.98745808198761,0.05
9996,187.80000000000007,102,1.0,0.0,17.90954607246699,0.05
9997,186.50000000000006,105,1.0,0.0,26.00423934434851,0.05
9998,189.00000000000006,110,1.0,0.0,16.492430609532377,0.05
9999,194.80000000000013,112,1.0,0.0,11.190534409468196,0.05
10000,188.7000000000001,103,1.0,0.0,29.226675749656934,0.05
